{"v":"5.6.5","fr":29.9700012207031,"ip":0,"op":180.00000733155,"w":1200,"h":1200,"nm":"Not Too BIG alpha","ddd":0,"assets":[{"id":"image_0","w":53,"h":54,"u":"images/","p":"img_0.png","e":0},{"id":"image_1","w":165,"h":234,"u":"images/","p":"img_1.png","e":0},{"id":"image_2","w":353,"h":353,"u":"images/","p":"img_2.png","e":0},{"id":"image_3","w":612,"h":792,"u":"images/","p":"img_3.png","e":0},{"id":"image_4","w":394,"h":394,"u":"images/","p":"img_4.png","e":0},{"id":"image_5","w":195,"h":195,"u":"images/","p":"img_5.png","e":0},{"id":"image_6","w":1200,"h":1200,"u":"images/","p":"img_6.png","e":0},{"id":"image_7","w":1053,"h":1053,"u":"images/","p":"img_7.png","e":0},{"id":"image_8","w":702,"h":702,"u":"images/","p":"img_8.png","e":0},{"id":"comp_0","layers":[{"ddd":0,"ind":1,"ty":2,"nm":"NTBAsset 2.png","cl":"png","refId":"image_0","sr":1,"ks":{"o":{"a":0,"k":100,"ix":11},"r":{"a":0,"k":0,"ix":10},"p":{"a":0,"k":[26.5,27,0],"ix":2},"a":{"a":0,"k":[26.5,27,0],"ix":1},"s":{"a":0,"k":[100,100,100],"ix":6}},"ao":0,"ip":0,"op":180.00000733155,"st":0,"bm":0}]},{"id":"comp_1","layers":[{"ddd":0,"ind":1,"ty":2,"nm":"sun spots 4","refId":"image_1","sr":1,"ks":{"o":{"a":1,"k":[{"i":{"x":[0.833],"y":[0.833]},"o":{"x":[0.167],"y":[0.167]},"t":4,"s":[100]},{"i":{"x":[0.833],"y":[0.833]},"o":{"x":[0.167],"y":[0.167]},"t":38,"s":[0]},{"i":{"x":[0.833],"y":[0.833]},"o":{"x":[0.167],"y":[0.167]},"t":82,"s":[100]},{"t":116.000004724777,"s":[0]}],"ix":11},"r":{"a":0,"k":0,"ix":10},"p":{"a":0,"k":[183.63,354.375,0],"ix":2},"a":{"a":0,"k":[149.13,225.875,0],"ix":1},"s":{"a":1,"k":[{"i":{"x":[0.053,0.053,0.667],"y":[1.977,1.977,1]},"o":{"x":[0.333,0.333,0.333],"y":[0,0,0]},"t":4,"s":[0,0,100]},{"i":{"x":[0.833,0.833,0.833],"y":[1,1,1]},"o":{"x":[0.167,0.167,0.167],"y":[0,0,0]},"t":38,"s":[100,100,100]},{"i":{"x":[0.053,0.053,0.667],"y":[1.977,1.977,1]},"o":{"x":[0.333,0.333,0.333],"y":[0,0,0]},"t":82,"s":[0,0,100]},{"t":116.000004724777,"s":[100,100,100]}],"ix":6}},"ao":0,"hasMask":true,"masksProperties":[{"inv":false,"mode":"a","pt":{"a":0,"k":{"i":[[4.559,0],[0,-4.683],[-4.559,0],[0,4.683]],"o":[[-4.559,0],[0,4.683],[4.559,0],[0,-4.683]],"v":[[149.13,217.75],[140.875,226.23],[149.13,234.71],[157.386,226.23]],"c":true},"ix":1},"o":{"a":0,"k":100,"ix":3},"x":{"a":0,"k":0,"ix":4},"nm":"Mask 1"}],"ip":0,"op":180.00000733155,"st":0,"bm":0},{"ddd":0,"ind":2,"ty":2,"nm":"sun spots 3","refId":"image_1","sr":1,"ks":{"o":{"a":1,"k":[{"i":{"x":[0.833],"y":[0.833]},"o":{"x":[0.167],"y":[0.167]},"t":60,"s":[100]},{"i":{"x":[0.833],"y":[0.833]},"o":{"x":[0.167],"y":[0.167]},"t":94,"s":[0]},{"i":{"x":[0.833],"y":[0.833]},"o":{"x":[0.167],"y":[0.167]},"t":145,"s":[100]},{"t":179.000007290819,"s":[0]}],"ix":11},"r":{"a":0,"k":0,"ix":10},"p":{"a":0,"k":[191.125,219.096,0],"ix":2},"a":{"a":0,"k":[156.625,90.596,0],"ix":1},"s":{"a":1,"k":[{"i":{"x":[0.053,0.053,0.667],"y":[1.977,1.977,1]},"o":{"x":[0.333,0.333,0.333],"y":[0,0,0]},"t":60,"s":[0,0,100]},{"i":{"x":[0.833,0.833,0.833],"y":[1,1,1]},"o":{"x":[0.167,0.167,0.167],"y":[0,0,0]},"t":94,"s":[100,100,100]},{"i":{"x":[0.053,0.053,0.667],"y":[1.977,1.977,1]},"o":{"x":[0.333,0.333,0.333],"y":[0,0,0]},"t":145,"s":[0,0,100]},{"t":179.000007290819,"s":[100,100,100]}],"ix":6}},"ao":0,"hasMask":true,"masksProperties":[{"inv":false,"mode":"a","pt":{"a":0,"k":{"i":[[5.162,0],[0,-5.162],[-5.162,0],[0,5.162]],"o":[[-5.162,0],[0,5.162],[5.162,0],[0,-5.162]],"v":[[157.596,81.25],[148.25,90.596],[157.596,99.942],[166.942,90.596]],"c":true},"ix":1},"o":{"a":0,"k":100,"ix":3},"x":{"a":0,"k":0,"ix":4},"nm":"Mask 1"}],"ip":0,"op":180.00000733155,"st":0,"bm":0},{"ddd":0,"ind":3,"ty":2,"nm":"sun spots 2","refId":"image_1","sr":1,"ks":{"o":{"a":1,"k":[{"i":{"x":[0.833],"y":[0.833]},"o":{"x":[0.167],"y":[0.167]},"t":33,"s":[100]},{"i":{"x":[0.833],"y":[0.833]},"o":{"x":[0.167],"y":[0.167]},"t":67,"s":[0]},{"i":{"x":[0.833],"y":[0.833]},"o":{"x":[0.167],"y":[0.167]},"t":129,"s":[100]},{"t":163.000006639126,"s":[0]}],"ix":11},"r":{"a":0,"k":0,"ix":10},"p":{"a":0,"k":[48.761,276.011,0],"ix":2},"a":{"a":0,"k":[14.261,147.511,0],"ix":1},"s":{"a":1,"k":[{"i":{"x":[0.053,0.053,0.667],"y":[1.977,1.977,1]},"o":{"x":[0.333,0.333,0.333],"y":[0,0,0]},"t":33,"s":[0,0,100]},{"i":{"x":[0.833,0.833,0.833],"y":[1,1,1]},"o":{"x":[0.167,0.167,0.167],"y":[0,0,0]},"t":67,"s":[100,100,100]},{"i":{"x":[0.053,0.053,0.667],"y":[1.977,1.977,1]},"o":{"x":[0.333,0.333,0.333],"y":[0,0,0]},"t":129,"s":[0,0,100]},{"t":163.000006639126,"s":[100,100,100]}],"ix":6}},"ao":0,"hasMask":true,"masksProperties":[{"inv":false,"mode":"a","pt":{"a":0,"k":{"i":[[8.567,0],[0,-8.567],[-8.567,0],[0,8.567]],"o":[[-8.567,0],[0,8.567],[8.567,0],[0,-8.567]],"v":[[13.011,132],[-2.5,147.511],[13.011,163.022],[28.522,147.511]],"c":true},"ix":1},"o":{"a":0,"k":100,"ix":3},"x":{"a":0,"k":0,"ix":4},"nm":"Mask 1"}],"ip":0,"op":180.00000733155,"st":0,"bm":0},{"ddd":0,"ind":6,"ty":2,"nm":"Asset 4shadow.png","cl":"png","refId":"image_2","sr":1,"ks":{"o":{"a":0,"k":100,"ix":11},"r":{"a":0,"k":0,"ix":10},"p":{"a":0,"k":[216.75,218.5,0],"ix":2},"a":{"a":0,"k":[176.5,176.5,0],"ix":1},"s":{"a":0,"k":[100,100,100],"ix":6}},"ao":0,"ip":0,"op":180.00000733155,"st":0,"bm":0},{"ddd":0,"ind":7,"ty":0,"nm":"pattern","refId":"comp_2","sr":1,"ks":{"o":{"a":0,"k":100,"ix":11},"r":{"a":0,"k":0,"ix":10},"p":{"a":0,"k":[197,203,0],"ix":2},"a":{"a":0,"k":[197,191.5,0],"ix":1},"s":{"a":0,"k":[100,100,100],"ix":6}},"ao":0,"hasMask":true,"masksProperties":[{"inv":false,"mode":"a","pt":{"a":0,"k":{"i":[[108.169,0],[0,-108.169],[-108.169,0],[0,108.169]],"o":[[-108.169,0],[0,108.169],[108.169,0],[0,-108.169]],"v":[[195.857,-11.5],[0,184.357],[195.857,380.215],[391.715,184.357]],"c":true},"ix":1},"o":{"a":0,"k":100,"ix":3},"x":{"a":0,"k":0,"ix":4},"nm":"Mask 1"}],"w":394,"h":383,"ip":0,"op":180.00000733155,"st":0,"bm":0},{"ddd":0,"ind":8,"ty":2,"nm":"sunAsset 8.png","cl":"png","refId":"image_4","sr":1,"ks":{"o":{"a":0,"k":100,"ix":11},"r":{"a":0,"k":0,"ix":10},"p":{"a":0,"k":[197,197,0],"ix":2},"a":{"a":0,"k":[197,197,0],"ix":1},"s":{"a":0,"k":[100,100,100],"ix":6}},"ao":0,"ip":0,"op":180.00000733155,"st":0,"bm":0}]},{"id":"comp_2","layers":[{"ddd":0,"ind":1,"ty":2,"nm":"Untitled-1.ai","cl":"ai","refId":"image_3","sr":1,"ks":{"o":{"a":0,"k":100,"ix":11},"r":{"a":0,"k":0,"ix":10},"p":{"a":1,"k":[{"i":{"x":0.833,"y":0.833},"o":{"x":0.167,"y":0.167},"t":0,"s":[-365,191.5,0],"to":[46.333,0,0],"ti":[-46.333,0,0]},{"t":180.00000733155,"s":[-87,191.5,0]}],"ix":2},"a":{"a":0,"k":[306,396,0],"ix":1},"s":{"a":0,"k":[351,351,100],"ix":6}},"ao":0,"hasMask":true,"masksProperties":[{"inv":true,"mode":"n","pt":{"a":0,"k":{"i":[[0,0],[0,0],[0,0],[0,0],[0,0]],"o":[[0,0],[0,0],[0,0],[0,0],[0,0]],"v":[[331.356,334.319],[300.587,338.878],[312.838,353.692],[335.345,367.652],[353.293,353.407]],"c":true},"ix":1},"o":{"a":0,"k":100,"ix":3},"x":{"a":0,"k":0,"ix":4},"nm":"Mask 1"}],"ip":0,"op":180.00000733155,"st":0,"bm":0},{"ddd":0,"ind":2,"ty":2,"nm":"Untitled-1.ai","cl":"ai","refId":"image_3","sr":1,"ks":{"o":{"a":0,"k":100,"ix":11},"r":{"a":0,"k":0,"ix":10},"p":{"a":1,"k":[{"i":{"x":0.833,"y":0.833},"o":{"x":0.167,"y":0.167},"t":0,"s":[-87,191.5,0],"to":[47.333,0,0],"ti":[-47.333,0,0]},{"t":180.00000733155,"s":[197,191.5,0]}],"ix":2},"a":{"a":0,"k":[306,396,0],"ix":1},"s":{"a":0,"k":[351,351,100],"ix":6}},"ao":0,"hasMask":true,"masksProperties":[{"inv":true,"mode":"n","pt":{"a":0,"k":{"i":[[0,0],[0,0],[0,0],[0,0],[0,0]],"o":[[0,0],[0,0],[0,0],[0,0],[0,0]],"v":[[331.356,334.319],[300.587,338.878],[312.838,353.692],[335.345,367.652],[353.293,353.407]],"c":true},"ix":1},"o":{"a":0,"k":100,"ix":3},"x":{"a":0,"k":0,"ix":4},"nm":"Mask 1"}],"ip":0,"op":180.00000733155,"st":0,"bm":0},{"ddd":0,"ind":3,"ty":2,"nm":"Untitled-1.ai","cl":"ai","refId":"image_3","sr":1,"ks":{"o":{"a":0,"k":100,"ix":11},"r":{"a":0,"k":0,"ix":10},"p":{"a":1,"k":[{"i":{"x":0.833,"y":0.833},"o":{"x":0.167,"y":0.167},"t":0,"s":[197,191.5,0],"to":[50.667,0,0],"ti":[-50.667,0,0]},{"t":180.00000733155,"s":[501,191.5,0]}],"ix":2},"a":{"a":0,"k":[306,396,0],"ix":1},"s":{"a":0,"k":[351,351,100],"ix":6}},"ao":0,"ip":0,"op":180.00000733155,"st":0,"bm":0}]},{"id":"comp_3","layers":[{"ddd":0,"ind":1,"ty":2,"nm":"NTBAsset 1.png","cl":"png","refId":"image_5","sr":1,"ks":{"o":{"a":0,"k":100,"ix":11},"r":{"a":0,"k":0,"ix":10},"p":{"a":0,"k":[97.5,97.5,0],"ix":2},"a":{"a":0,"k":[97.5,97.5,0],"ix":1},"s":{"a":0,"k":[100,100,100],"ix":6}},"ao":0,"ip":0,"op":180.00000733155,"st":0,"bm":0}]}],"layers":[{"ddd":0,"ind":6,"ty":3,"nm":"earth","sr":1,"ks":{"o":{"a":0,"k":0,"ix":11},"r":{"a":0,"k":0,"ix":10},"p":{"a":0,"k":[598.5,600,0],"ix":2},"a":{"a":0,"k":[0,0,0],"ix":1},"s":{"a":0,"k":[100,100,100],"ix":6}},"ao":0,"ip":0,"op":180.00000733155,"st":0,"bm":0},{"ddd":0,"ind":7,"ty":0,"nm":"🌍 ","parent":6,"refId":"comp_0","sr":1,"ks":{"o":{"a":0,"k":100,"ix":11},"r":{"a":1,"k":[{"i":{"x":[0.833],"y":[0.833]},"o":{"x":[0.167],"y":[0.167]},"t":0,"s":[0]},{"t":179.000007290819,"s":[-360]}],"ix":10},"p":{"a":0,"k":[-4.5,5.75,0],"ix":2},"a":{"a":0,"k":[-503.5,32,0],"ix":1},"s":{"a":0,"k":[100,100,100],"ix":6}},"ao":0,"w":53,"h":54,"ip":0,"op":180.00000733155,"st":0,"bm":0},{"ddd":0,"ind":8,"ty":0,"nm":"🌞 ","refId":"comp_1","sr":1,"ks":{"o":{"a":0,"k":100,"ix":11},"r":{"a":0,"k":0,"ix":10},"p":{"a":0,"k":[598.5,600,0],"ix":2},"a":{"a":0,"k":[197,197,0],"ix":1},"s":{"a":0,"k":[100,100,100],"ix":6}},"ao":0,"w":394,"h":394,"ip":0,"op":180.00000733155,"st":0,"bm":0},{"ddd":0,"ind":9,"ty":0,"nm":"🍊 ","refId":"comp_3","sr":1,"ks":{"o":{"a":0,"k":100,"ix":11},"r":{"a":1,"k":[{"i":{"x":[0.833],"y":[0.833]},"o":{"x":[0.167],"y":[0.167]},"t":0,"s":[0]},{"t":179.000007290819,"s":[-720]}],"ix":10},"p":{"a":0,"k":[598,604,0],"ix":2},"a":{"a":0,"k":[-248.5,89.5,0],"ix":1},"s":{"a":0,"k":[100,100,100],"ix":6}},"ao":0,"w":195,"h":195,"ip":0,"op":180.00000733155,"st":0,"bm":0},{"ddd":0,"ind":10,"ty":2,"nm":"ring_00000.png","cl":"png","refId":"image_6","sr":1,"ks":{"o":{"a":0,"k":50,"ix":11},"r":{"a":1,"k":[{"i":{"x":[0.833],"y":[0.833]},"o":{"x":[0.167],"y":[0.167]},"t":0,"s":[0]},{"t":179.000007290819,"s":[-720]}],"ix":10},"p":{"a":0,"k":[600,600,0],"ix":2},"a":{"a":0,"k":[600,600,0],"ix":1},"s":{"a":0,"k":[100,100,100],"ix":6}},"ao":0,"ip":0,"op":180.00000733155,"st":0,"bm":0},{"ddd":0,"ind":13,"ty":2,"nm":"ring 2","refId":"image_7","sr":1,"ks":{"o":{"a":0,"k":100,"ix":11},"r":{"a":0,"k":0,"ix":10},"p":{"a":0,"k":[597.5,600.75,0],"ix":2},"a":{"a":0,"k":[526.5,526.5,0],"ix":1},"s":{"a":0,"k":[100.5,100.5,100],"ix":6}},"ao":0,"ip":0,"op":180.00000733155,"st":0,"bm":0},{"ddd":0,"ind":14,"ty":2,"nm":"ring 1","refId":"image_8","sr":1,"ks":{"o":{"a":0,"k":100,"ix":11},"r":{"a":0,"k":0,"ix":10},"p":{"a":0,"k":[600,600.5,0],"ix":2},"a":{"a":0,"k":[351,351,0],"ix":1},"s":{"a":0,"k":[100,100,100],"ix":6}},"ao":0,"ip":0,"op":180.00000733155,"st":0,"bm":0}],"markers":[]}