{"v":"5.6.5","fr":29.9700012207031,"ip":0,"op":120.0000048877,"w":1700,"h":1700,"nm":"AI_IT Infrastructure","ddd":0,"assets":[{"id":"image_0","w":1171,"h":356,"u":"images/","p":"img_0.png","e":0},{"id":"image_1","w":164,"h":161,"u":"images/","p":"img_1.png","e":0},{"id":"image_2","w":519,"h":266,"u":"images/","p":"img_2.png","e":0},{"id":"image_3","w":364,"h":621,"u":"images/","p":"img_3.png","e":0},{"id":"image_4","w":364,"h":621,"u":"images/","p":"img_4.png","e":0},{"id":"image_5","w":593,"h":777,"u":"images/","p":"img_5.png","e":0},{"id":"image_6","w":530,"h":319,"u":"images/","p":"img_6.png","e":0},{"id":"image_7","w":795,"h":267,"u":"images/","p":"img_7.png","e":0},{"id":"image_8","w":996,"h":996,"u":"images/","p":"img_8.png","e":0},{"id":"comp_0","layers":[{"ddd":0,"ind":1,"ty":2,"nm":"bar2","refId":"image_1","sr":1,"ks":{"o":{"a":1,"k":[{"i":{"x":[0.833],"y":[0.833]},"o":{"x":[0.167],"y":[0.167]},"t":8,"s":[0]},{"i":{"x":[0.833],"y":[0.833]},"o":{"x":[0.167],"y":[0.167]},"t":9,"s":[100]},{"i":{"x":[0.833],"y":[0.833]},"o":{"x":[0.167],"y":[0.167]},"t":18,"s":[100]},{"i":{"x":[0.833],"y":[0.833]},"o":{"x":[0.167],"y":[0.167]},"t":19,"s":[0]},{"i":{"x":[0.833],"y":[0.833]},"o":{"x":[0.167],"y":[0.167]},"t":33,"s":[0]},{"i":{"x":[0.833],"y":[0.833]},"o":{"x":[0.167],"y":[0.167]},"t":34,"s":[100]},{"i":{"x":[0.833],"y":[0.833]},"o":{"x":[0.167],"y":[0.167]},"t":43,"s":[100]},{"i":{"x":[0.833],"y":[0.833]},"o":{"x":[0.167],"y":[0.167]},"t":44,"s":[0]},{"i":{"x":[0.833],"y":[0.833]},"o":{"x":[0.167],"y":[0.167]},"t":57,"s":[0]},{"i":{"x":[0.833],"y":[0.833]},"o":{"x":[0.167],"y":[0.167]},"t":58,"s":[100]},{"i":{"x":[0.833],"y":[0.833]},"o":{"x":[0.167],"y":[0.167]},"t":67,"s":[100]},{"i":{"x":[0.833],"y":[0.833]},"o":{"x":[0.167],"y":[0.167]},"t":68,"s":[0]},{"i":{"x":[0.833],"y":[0.833]},"o":{"x":[0.167],"y":[0.167]},"t":83,"s":[0]},{"i":{"x":[0.833],"y":[0.833]},"o":{"x":[0.167],"y":[0.167]},"t":84,"s":[100]},{"i":{"x":[0.833],"y":[0.833]},"o":{"x":[0.167],"y":[0.167]},"t":93,"s":[100]},{"i":{"x":[0.833],"y":[0.833]},"o":{"x":[0.167],"y":[0.167]},"t":94,"s":[0]},{"i":{"x":[0.833],"y":[0.833]},"o":{"x":[0.167],"y":[0.167]},"t":105,"s":[0]},{"i":{"x":[0.833],"y":[0.833]},"o":{"x":[0.167],"y":[0.167]},"t":106,"s":[100]},{"i":{"x":[0.833],"y":[0.833]},"o":{"x":[0.167],"y":[0.167]},"t":115,"s":[100]},{"t":116.000004724777,"s":[0]}],"ix":11},"r":{"a":0,"k":0,"ix":10},"p":{"a":0,"k":[82,80.5,0],"ix":2},"a":{"a":0,"k":[82,80.5,0],"ix":1},"s":{"a":0,"k":[100,100,100],"ix":6}},"ao":0,"hasMask":true,"masksProperties":[{"inv":false,"mode":"a","pt":{"a":0,"k":{"i":[[0,0],[0,0],[0,0],[0,0],[0,0],[0,0],[0,0],[0,0]],"o":[[0,0],[0,0],[0,0],[0,0],[0,0],[0,0],[0,0],[0,0]],"v":[[5.5,-13.75],[-5.75,29.5],[63.5,41.25],[118.75,89],[139,165.25],[192,169.25],[161.25,56.5],[109,8.5]],"c":true},"ix":1},"o":{"a":0,"k":100,"ix":3},"x":{"a":0,"k":0,"ix":4},"nm":"Mask 1"}],"ip":0,"op":120.0000048877,"st":0,"bm":0},{"ddd":0,"ind":2,"ty":2,"nm":"bar","refId":"image_1","sr":1,"ks":{"o":{"a":1,"k":[{"i":{"x":[0.833],"y":[0.833]},"o":{"x":[0.167],"y":[0.167]},"t":4,"s":[0]},{"i":{"x":[0.833],"y":[0.833]},"o":{"x":[0.167],"y":[0.167]},"t":5,"s":[100]},{"i":{"x":[0.833],"y":[0.833]},"o":{"x":[0.167],"y":[0.167]},"t":13,"s":[100]},{"i":{"x":[0.833],"y":[0.833]},"o":{"x":[0.167],"y":[0.167]},"t":14,"s":[0]},{"i":{"x":[0.833],"y":[0.833]},"o":{"x":[0.167],"y":[0.167]},"t":28,"s":[0]},{"i":{"x":[0.833],"y":[0.833]},"o":{"x":[0.167],"y":[0.167]},"t":29,"s":[100]},{"i":{"x":[0.833],"y":[0.833]},"o":{"x":[0.167],"y":[0.167]},"t":37,"s":[100]},{"i":{"x":[0.833],"y":[0.833]},"o":{"x":[0.167],"y":[0.167]},"t":38,"s":[0]},{"i":{"x":[0.833],"y":[0.833]},"o":{"x":[0.167],"y":[0.167]},"t":53,"s":[0]},{"i":{"x":[0.833],"y":[0.833]},"o":{"x":[0.167],"y":[0.167]},"t":54,"s":[100]},{"i":{"x":[0.833],"y":[0.833]},"o":{"x":[0.167],"y":[0.167]},"t":62,"s":[100]},{"i":{"x":[0.833],"y":[0.833]},"o":{"x":[0.167],"y":[0.167]},"t":63,"s":[0]},{"i":{"x":[0.833],"y":[0.833]},"o":{"x":[0.167],"y":[0.167]},"t":78,"s":[0]},{"i":{"x":[0.833],"y":[0.833]},"o":{"x":[0.167],"y":[0.167]},"t":79,"s":[100]},{"i":{"x":[0.833],"y":[0.833]},"o":{"x":[0.167],"y":[0.167]},"t":87,"s":[100]},{"i":{"x":[0.833],"y":[0.833]},"o":{"x":[0.167],"y":[0.167]},"t":88,"s":[0]},{"i":{"x":[0.833],"y":[0.833]},"o":{"x":[0.167],"y":[0.167]},"t":100,"s":[0]},{"i":{"x":[0.833],"y":[0.833]},"o":{"x":[0.167],"y":[0.167]},"t":101,"s":[100]},{"i":{"x":[0.833],"y":[0.833]},"o":{"x":[0.167],"y":[0.167]},"t":109,"s":[100]},{"t":110.000004480392,"s":[0]}],"ix":11},"r":{"a":0,"k":0,"ix":10},"p":{"a":0,"k":[82,80.5,0],"ix":2},"a":{"a":0,"k":[82,80.5,0],"ix":1},"s":{"a":0,"k":[100,100,100],"ix":6}},"ao":0,"hasMask":true,"masksProperties":[{"inv":false,"mode":"a","pt":{"a":0,"k":{"i":[[0,0],[0,0],[0,0],[0,0],[0,0],[0,0],[0,0]],"o":[[0,0],[0,0],[0,0],[0,0],[0,0],[0,0],[0,0]],"v":[[-9.25,30.75],[-4,68.25],[62.5,95.25],[88.75,166.75],[126.75,168],[125,94],[72.25,46.5]],"c":true},"ix":1},"o":{"a":0,"k":100,"ix":3},"x":{"a":0,"k":0,"ix":4},"nm":"Mask 1"}],"ip":0,"op":120.0000048877,"st":0,"bm":0},{"ddd":0,"ind":3,"ty":2,"nm":"signal.png","cl":"png","refId":"image_1","sr":1,"ks":{"o":{"a":1,"k":[{"i":{"x":[0.833],"y":[0.833]},"o":{"x":[0.167],"y":[0.167]},"t":0,"s":[0]},{"i":{"x":[0.833],"y":[0.833]},"o":{"x":[0.167],"y":[0.167]},"t":1,"s":[100]},{"i":{"x":[0.833],"y":[0.833]},"o":{"x":[0.167],"y":[0.167]},"t":9,"s":[100]},{"i":{"x":[0.833],"y":[0.833]},"o":{"x":[0.167],"y":[0.167]},"t":10,"s":[0]},{"i":{"x":[0.833],"y":[0.833]},"o":{"x":[0.167],"y":[0.167]},"t":24,"s":[0]},{"i":{"x":[0.833],"y":[0.833]},"o":{"x":[0.167],"y":[0.167]},"t":25,"s":[100]},{"i":{"x":[0.833],"y":[0.833]},"o":{"x":[0.167],"y":[0.167]},"t":33,"s":[100]},{"i":{"x":[0.833],"y":[0.833]},"o":{"x":[0.167],"y":[0.167]},"t":34,"s":[0]},{"i":{"x":[0.833],"y":[0.833]},"o":{"x":[0.167],"y":[0.167]},"t":49,"s":[0]},{"i":{"x":[0.833],"y":[0.833]},"o":{"x":[0.167],"y":[0.167]},"t":50,"s":[100]},{"i":{"x":[0.833],"y":[0.833]},"o":{"x":[0.167],"y":[0.167]},"t":58,"s":[100]},{"i":{"x":[0.833],"y":[0.833]},"o":{"x":[0.167],"y":[0.167]},"t":59,"s":[0]},{"i":{"x":[0.833],"y":[0.833]},"o":{"x":[0.167],"y":[0.167]},"t":74,"s":[0]},{"i":{"x":[0.833],"y":[0.833]},"o":{"x":[0.167],"y":[0.167]},"t":75,"s":[100]},{"i":{"x":[0.833],"y":[0.833]},"o":{"x":[0.167],"y":[0.167]},"t":83,"s":[100]},{"i":{"x":[0.833],"y":[0.833]},"o":{"x":[0.167],"y":[0.167]},"t":84,"s":[0]},{"i":{"x":[0.833],"y":[0.833]},"o":{"x":[0.167],"y":[0.167]},"t":96,"s":[0]},{"i":{"x":[0.833],"y":[0.833]},"o":{"x":[0.167],"y":[0.167]},"t":97,"s":[100]},{"i":{"x":[0.833],"y":[0.833]},"o":{"x":[0.167],"y":[0.167]},"t":105,"s":[100]},{"t":106.000004317469,"s":[0]}],"ix":11},"r":{"a":0,"k":0,"ix":10},"p":{"a":0,"k":[82,80.5,0],"ix":2},"a":{"a":0,"k":[82,80.5,0],"ix":1},"s":{"a":0,"k":[100,100,100],"ix":6}},"ao":0,"hasMask":true,"masksProperties":[{"inv":false,"mode":"a","pt":{"a":0,"k":{"i":[[23.403,0],[0,-25.06],[-23.403,0],[0,25.06]],"o":[[-23.403,0],[0,25.06],[23.403,0],[0,-25.06]],"v":[[35.125,85.25],[-7.25,130.625],[35.125,176],[77.5,130.625]],"c":true},"ix":1},"o":{"a":0,"k":100,"ix":3},"x":{"a":0,"k":0,"ix":4},"nm":"Mask 1"}],"ip":0,"op":120.0000048877,"st":0,"bm":0}]},{"id":"comp_1","layers":[{"ddd":0,"ind":1,"ty":2,"nm":"lights 8","refId":"image_3","sr":1,"ks":{"o":{"a":0,"k":100,"ix":11},"r":{"a":0,"k":0,"ix":10},"p":{"a":0,"k":[183.5,312,0],"ix":2},"a":{"a":0,"k":[182,310.5,0],"ix":1},"s":{"a":0,"k":[100,100,100],"ix":6}},"ao":0,"hasMask":true,"masksProperties":[{"inv":false,"mode":"a","pt":{"a":1,"k":[{"i":{"x":0.667,"y":1},"o":{"x":0.333,"y":0},"t":1,"s":[{"i":[[0,0],[0,0],[0,0],[0,0]],"o":[[0,0],[0,0],[0,0],[0,0]],"v":[[94.5,567.5],[83.5,567.5],[83.5,629.5],[94.5,629.5]],"c":true}]},{"i":{"x":0.667,"y":1},"o":{"x":0.167,"y":0},"t":24,"s":[{"i":[[0,0],[0,0],[0,0],[0,0]],"o":[[0,0],[0,0],[0,0],[0,0]],"v":[[372.5,567.5],[83.5,567.5],[83.5,629.5],[372.5,629.5]],"c":true}]},{"i":{"x":0.667,"y":1},"o":{"x":0.167,"y":0},"t":74,"s":[{"i":[[0,0],[0,0],[0,0],[0,0]],"o":[[0,0],[0,0],[0,0],[0,0]],"v":[[372.5,567.5],[83.5,567.5],[83.5,629.5],[372.5,629.5]],"c":true}]},{"t":102.000004154545,"s":[{"i":[[0,0],[0,0],[0,0],[0,0]],"o":[[0,0],[0,0],[0,0],[0,0]],"v":[[94.5,567.5],[83.5,567.5],[83.5,629.5],[94.5,629.5]],"c":true}]}],"ix":1},"o":{"a":0,"k":100,"ix":3},"x":{"a":0,"k":0,"ix":4},"nm":"Mask 1"}],"ip":0,"op":120.0000048877,"st":0,"bm":0},{"ddd":0,"ind":2,"ty":2,"nm":"lights 7","refId":"image_3","sr":1,"ks":{"o":{"a":1,"k":[{"i":{"x":[0.667],"y":[1]},"o":{"x":[0.333],"y":[0]},"t":2,"s":[0]},{"i":{"x":[0.667],"y":[1]},"o":{"x":[0.333],"y":[0]},"t":3,"s":[100]},{"i":{"x":[0.667],"y":[1]},"o":{"x":[0.333],"y":[0]},"t":7,"s":[100]},{"i":{"x":[0.667],"y":[1]},"o":{"x":[0.167],"y":[0]},"t":8,"s":[0]},{"i":{"x":[0.667],"y":[1]},"o":{"x":[0.333],"y":[0]},"t":40,"s":[0]},{"i":{"x":[0.667],"y":[1]},"o":{"x":[0.333],"y":[0]},"t":41,"s":[100]},{"i":{"x":[0.667],"y":[1]},"o":{"x":[0.333],"y":[0]},"t":45,"s":[100]},{"i":{"x":[0.667],"y":[1]},"o":{"x":[0.167],"y":[0]},"t":46,"s":[0]},{"i":{"x":[0.667],"y":[1]},"o":{"x":[0.333],"y":[0]},"t":75,"s":[0]},{"i":{"x":[0.667],"y":[1]},"o":{"x":[0.333],"y":[0]},"t":76,"s":[100]},{"i":{"x":[0.667],"y":[1]},"o":{"x":[0.333],"y":[0]},"t":80,"s":[100]},{"i":{"x":[0.667],"y":[1]},"o":{"x":[0.167],"y":[0]},"t":81,"s":[0]},{"i":{"x":[0.667],"y":[1]},"o":{"x":[0.333],"y":[0]},"t":104,"s":[0]},{"i":{"x":[0.667],"y":[1]},"o":{"x":[0.333],"y":[0]},"t":105,"s":[100]},{"i":{"x":[0.667],"y":[1]},"o":{"x":[0.333],"y":[0]},"t":109,"s":[100]},{"t":110.000004480392,"s":[0]}],"ix":11},"r":{"a":0,"k":0,"ix":10},"p":{"a":0,"k":[183.5,312,0],"ix":2},"a":{"a":0,"k":[182,310.5,0],"ix":1},"s":{"a":0,"k":[100,100,100],"ix":6}},"ao":0,"hasMask":true,"masksProperties":[{"inv":false,"mode":"a","pt":{"a":0,"k":{"i":[[15.464,0],[0,-14.912],[-15.464,0],[0,14.912]],"o":[[-15.464,0],[0,14.912],[15.464,0],[0,-14.912]],"v":[[19.5,574.5],[-8.5,601.5],[19.5,628.5],[47.5,601.5]],"c":true},"ix":1},"o":{"a":0,"k":100,"ix":3},"x":{"a":0,"k":0,"ix":4},"nm":"Mask 1"}],"ip":0,"op":120.0000048877,"st":0,"bm":0},{"ddd":0,"ind":3,"ty":2,"nm":"lights 6","refId":"image_3","sr":1,"ks":{"o":{"a":0,"k":100,"ix":11},"r":{"a":0,"k":0,"ix":10},"p":{"a":0,"k":[183.5,312,0],"ix":2},"a":{"a":0,"k":[182,310.5,0],"ix":1},"s":{"a":0,"k":[100,100,100],"ix":6}},"ao":0,"hasMask":true,"masksProperties":[{"inv":false,"mode":"a","pt":{"a":1,"k":[{"i":{"x":0.667,"y":1},"o":{"x":0.333,"y":0},"t":14,"s":[{"i":[[0,0],[0,0],[0,0],[0,0]],"o":[[0,0],[0,0],[0,0],[0,0]],"v":[[93.5,370.5],[87.5,370.5],[87.5,436.5],[93.5,436.5]],"c":true}]},{"i":{"x":0.667,"y":1},"o":{"x":0.167,"y":0},"t":40,"s":[{"i":[[0,0],[0,0],[0,0],[0,0]],"o":[[0,0],[0,0],[0,0],[0,0]],"v":[[367.5,370.5],[87.5,370.5],[87.5,436.5],[367.5,436.5]],"c":true}]},{"i":{"x":0.667,"y":1},"o":{"x":0.167,"y":0},"t":85,"s":[{"i":[[0,0],[0,0],[0,0],[0,0]],"o":[[0,0],[0,0],[0,0],[0,0]],"v":[[367.5,370.5],[87.5,370.5],[87.5,436.5],[367.5,436.5]],"c":true}]},{"t":114.000004643315,"s":[{"i":[[0,0],[0,0],[0,0],[0,0]],"o":[[0,0],[0,0],[0,0],[0,0]],"v":[[93.5,370.5],[87.5,370.5],[87.5,436.5],[93.5,436.5]],"c":true}]}],"ix":1},"o":{"a":0,"k":100,"ix":3},"x":{"a":0,"k":0,"ix":4},"nm":"Mask 1"}],"ip":0,"op":120.0000048877,"st":0,"bm":0},{"ddd":0,"ind":4,"ty":2,"nm":"lights 5","refId":"image_3","sr":1,"ks":{"o":{"a":1,"k":[{"i":{"x":[0.667],"y":[1]},"o":{"x":[0.333],"y":[0]},"t":2,"s":[0]},{"i":{"x":[0.667],"y":[1]},"o":{"x":[0.333],"y":[0]},"t":3,"s":[100]},{"i":{"x":[0.667],"y":[1]},"o":{"x":[0.333],"y":[0]},"t":7,"s":[100]},{"i":{"x":[0.667],"y":[1]},"o":{"x":[0.167],"y":[0]},"t":8,"s":[0]},{"i":{"x":[0.667],"y":[1]},"o":{"x":[0.333],"y":[0]},"t":29,"s":[0]},{"i":{"x":[0.667],"y":[1]},"o":{"x":[0.333],"y":[0]},"t":30,"s":[100]},{"i":{"x":[0.667],"y":[1]},"o":{"x":[0.333],"y":[0]},"t":34,"s":[100]},{"i":{"x":[0.667],"y":[1]},"o":{"x":[0.167],"y":[0]},"t":35,"s":[0]},{"i":{"x":[0.667],"y":[1]},"o":{"x":[0.333],"y":[0]},"t":62,"s":[0]},{"i":{"x":[0.667],"y":[1]},"o":{"x":[0.333],"y":[0]},"t":63,"s":[100]},{"i":{"x":[0.667],"y":[1]},"o":{"x":[0.333],"y":[0]},"t":67,"s":[100]},{"i":{"x":[0.667],"y":[1]},"o":{"x":[0.167],"y":[0]},"t":68,"s":[0]},{"i":{"x":[0.667],"y":[1]},"o":{"x":[0.333],"y":[0]},"t":94,"s":[0]},{"i":{"x":[0.667],"y":[1]},"o":{"x":[0.333],"y":[0]},"t":95,"s":[100]},{"i":{"x":[0.667],"y":[1]},"o":{"x":[0.333],"y":[0]},"t":99,"s":[100]},{"t":100.000004073084,"s":[0]}],"ix":11},"r":{"a":0,"k":0,"ix":10},"p":{"a":0,"k":[183.5,312,0],"ix":2},"a":{"a":0,"k":[182,310.5,0],"ix":1},"s":{"a":0,"k":[100,100,100],"ix":6}},"ao":0,"hasMask":true,"masksProperties":[{"inv":false,"mode":"a","pt":{"a":0,"k":{"i":[[17.121,0],[0,-15.326],[-17.121,0],[0,15.326]],"o":[[-17.121,0],[0,15.326],[17.121,0],[0,-15.326]],"v":[[18,377.5],[-13,405.25],[18,433],[49,405.25]],"c":true},"ix":1},"o":{"a":0,"k":100,"ix":3},"x":{"a":0,"k":0,"ix":4},"nm":"Mask 1"}],"ip":0,"op":120.0000048877,"st":0,"bm":0},{"ddd":0,"ind":5,"ty":2,"nm":"lights 4","refId":"image_3","sr":1,"ks":{"o":{"a":0,"k":100,"ix":11},"r":{"a":0,"k":0,"ix":10},"p":{"a":0,"k":[183.5,312,0],"ix":2},"a":{"a":0,"k":[182,310.5,0],"ix":1},"s":{"a":0,"k":[100,100,100],"ix":6}},"ao":0,"hasMask":true,"masksProperties":[{"inv":false,"mode":"a","pt":{"a":1,"k":[{"i":{"x":0.667,"y":1},"o":{"x":0.333,"y":0},"t":1,"s":[{"i":[[0,0],[0,0],[0,0],[0,0]],"o":[[0,0],[0,0],[0,0],[0,0]],"v":[[93.5,185.5],[84.5,185.5],[84.5,239.5],[93.5,239.5]],"c":true}]},{"i":{"x":0.667,"y":1},"o":{"x":0.167,"y":0},"t":28,"s":[{"i":[[0,0],[0,0],[0,0],[0,0]],"o":[[0,0],[0,0],[0,0],[0,0]],"v":[[369.5,185.5],[84.5,185.5],[84.5,239.5],[369.5,239.5]],"c":true}]},{"i":{"x":0.667,"y":1},"o":{"x":0.167,"y":0},"t":83,"s":[{"i":[[0,0],[0,0],[0,0],[0,0]],"o":[[0,0],[0,0],[0,0],[0,0]],"v":[[369.5,185.5],[84.5,185.5],[84.5,239.5],[369.5,239.5]],"c":true}]},{"t":112.000004561854,"s":[{"i":[[0,0],[0,0],[0,0],[0,0]],"o":[[0,0],[0,0],[0,0],[0,0]],"v":[[93.5,185.5],[84.5,185.5],[84.5,239.5],[93.5,239.5]],"c":true}]}],"ix":1},"o":{"a":0,"k":100,"ix":3},"x":{"a":0,"k":0,"ix":4},"nm":"Mask 1"}],"ip":0,"op":120.0000048877,"st":0,"bm":0},{"ddd":0,"ind":6,"ty":2,"nm":"lights 3","refId":"image_3","sr":1,"ks":{"o":{"a":1,"k":[{"i":{"x":[0.667],"y":[1]},"o":{"x":[0.333],"y":[0]},"t":8,"s":[0]},{"i":{"x":[0.667],"y":[1]},"o":{"x":[0.333],"y":[0]},"t":9,"s":[100]},{"i":{"x":[0.667],"y":[1]},"o":{"x":[0.333],"y":[0]},"t":13,"s":[100]},{"i":{"x":[0.667],"y":[1]},"o":{"x":[0.167],"y":[0]},"t":14,"s":[0]},{"i":{"x":[0.667],"y":[1]},"o":{"x":[0.333],"y":[0]},"t":43,"s":[0]},{"i":{"x":[0.667],"y":[1]},"o":{"x":[0.333],"y":[0]},"t":44,"s":[100]},{"i":{"x":[0.667],"y":[1]},"o":{"x":[0.333],"y":[0]},"t":48,"s":[100]},{"i":{"x":[0.667],"y":[1]},"o":{"x":[0.167],"y":[0]},"t":49,"s":[0]},{"i":{"x":[0.667],"y":[1]},"o":{"x":[0.333],"y":[0]},"t":80,"s":[0]},{"i":{"x":[0.667],"y":[1]},"o":{"x":[0.333],"y":[0]},"t":81,"s":[100]},{"i":{"x":[0.667],"y":[1]},"o":{"x":[0.333],"y":[0]},"t":85,"s":[100]},{"i":{"x":[0.667],"y":[1]},"o":{"x":[0.167],"y":[0]},"t":86,"s":[0]},{"i":{"x":[0.667],"y":[1]},"o":{"x":[0.333],"y":[0]},"t":107,"s":[0]},{"i":{"x":[0.667],"y":[1]},"o":{"x":[0.333],"y":[0]},"t":108,"s":[100]},{"i":{"x":[0.667],"y":[1]},"o":{"x":[0.333],"y":[0]},"t":112,"s":[100]},{"t":113.000004602584,"s":[0]}],"ix":11},"r":{"a":0,"k":0,"ix":10},"p":{"a":0,"k":[183.5,312,0],"ix":2},"a":{"a":0,"k":[182,310.5,0],"ix":1},"s":{"a":0,"k":[100,100,100],"ix":6}},"ao":0,"hasMask":true,"masksProperties":[{"inv":false,"mode":"a","pt":{"a":0,"k":{"i":[[17.397,0],[0,-18.778],[-17.397,0],[0,18.778]],"o":[[-17.397,0],[0,18.778],[17.397,0],[0,-18.778]],"v":[[19,181.5],[-12.5,215.5],[19,249.5],[50.5,215.5]],"c":true},"ix":1},"o":{"a":0,"k":100,"ix":3},"x":{"a":0,"k":0,"ix":4},"nm":"Mask 1"}],"ip":0,"op":120.0000048877,"st":0,"bm":0},{"ddd":0,"ind":7,"ty":2,"nm":"lights 2","refId":"image_3","sr":1,"ks":{"o":{"a":0,"k":100,"ix":11},"r":{"a":0,"k":0,"ix":10},"p":{"a":0,"k":[183.5,312,0],"ix":2},"a":{"a":0,"k":[182,310.5,0],"ix":1},"s":{"a":0,"k":[100,100,100],"ix":6}},"ao":0,"hasMask":true,"masksProperties":[{"inv":false,"mode":"a","pt":{"a":1,"k":[{"i":{"x":0.667,"y":1},"o":{"x":0.333,"y":0},"t":5,"s":[{"i":[[0,0],[0,0],[0,0],[0,0]],"o":[[0,0],[0,0],[0,0],[0,0]],"v":[[95.5,-10.5],[83.5,-10.5],[83.5,41.5],[95.5,41.5]],"c":true}]},{"i":{"x":0.667,"y":1},"o":{"x":0.167,"y":0},"t":32,"s":[{"i":[[0,0],[0,0],[0,0],[0,0]],"o":[[0,0],[0,0],[0,0],[0,0]],"v":[[372.5,-10.5],[83.5,-10.5],[83.5,41.5],[372.5,41.5]],"c":true}]},{"i":{"x":0.667,"y":1},"o":{"x":0.167,"y":0},"t":80,"s":[{"i":[[0,0],[0,0],[0,0],[0,0]],"o":[[0,0],[0,0],[0,0],[0,0]],"v":[[372.5,-10.5],[83.5,-10.5],[83.5,41.5],[372.5,41.5]],"c":true}]},{"t":110.000004480392,"s":[{"i":[[0,0],[0,0],[0,0],[0,0]],"o":[[0,0],[0,0],[0,0],[0,0]],"v":[[95.5,-10.5],[83.5,-10.5],[83.5,41.5],[95.5,41.5]],"c":true}]}],"ix":1},"o":{"a":0,"k":100,"ix":3},"x":{"a":0,"k":0,"ix":4},"nm":"Mask 1"}],"ip":0,"op":120.0000048877,"st":0,"bm":0},{"ddd":0,"ind":8,"ty":2,"nm":"lights","refId":"image_3","sr":1,"ks":{"o":{"a":1,"k":[{"i":{"x":[0.667],"y":[1]},"o":{"x":[0.333],"y":[0]},"t":4,"s":[0]},{"i":{"x":[0.667],"y":[1]},"o":{"x":[0.333],"y":[0]},"t":5,"s":[100]},{"i":{"x":[0.667],"y":[1]},"o":{"x":[0.333],"y":[0]},"t":9,"s":[100]},{"i":{"x":[0.667],"y":[1]},"o":{"x":[0.167],"y":[0]},"t":10,"s":[0]},{"i":{"x":[0.667],"y":[1]},"o":{"x":[0.333],"y":[0]},"t":39,"s":[0]},{"i":{"x":[0.667],"y":[1]},"o":{"x":[0.333],"y":[0]},"t":40,"s":[100]},{"i":{"x":[0.667],"y":[1]},"o":{"x":[0.333],"y":[0]},"t":44,"s":[100]},{"i":{"x":[0.667],"y":[1]},"o":{"x":[0.167],"y":[0]},"t":45,"s":[0]},{"i":{"x":[0.667],"y":[1]},"o":{"x":[0.333],"y":[0]},"t":66,"s":[0]},{"i":{"x":[0.667],"y":[1]},"o":{"x":[0.333],"y":[0]},"t":67,"s":[100]},{"i":{"x":[0.667],"y":[1]},"o":{"x":[0.333],"y":[0]},"t":71,"s":[100]},{"i":{"x":[0.667],"y":[1]},"o":{"x":[0.167],"y":[0]},"t":72,"s":[0]},{"i":{"x":[0.667],"y":[1]},"o":{"x":[0.333],"y":[0]},"t":96,"s":[0]},{"i":{"x":[0.667],"y":[1]},"o":{"x":[0.333],"y":[0]},"t":97,"s":[100]},{"i":{"x":[0.667],"y":[1]},"o":{"x":[0.333],"y":[0]},"t":101,"s":[100]},{"t":102.000004154545,"s":[0]}],"ix":11},"r":{"a":0,"k":0,"ix":10},"p":{"a":0,"k":[183.5,312,0],"ix":2},"a":{"a":0,"k":[182,310.5,0],"ix":1},"s":{"a":0,"k":[100,100,100],"ix":6}},"ao":0,"hasMask":true,"masksProperties":[{"inv":false,"mode":"a","pt":{"a":0,"k":{"i":[[20.435,0],[0,-20.158],[-20.435,0],[0,20.158]],"o":[[-20.435,0],[0,20.158],[20.435,0],[0,-20.158]],"v":[[15.5,-15.5],[-21.5,21],[15.5,57.5],[52.5,21]],"c":true},"ix":1},"o":{"a":0,"k":100,"ix":3},"x":{"a":0,"k":0,"ix":4},"nm":"Mask 1"}],"ip":0,"op":120.0000048877,"st":0,"bm":0},{"ddd":0,"ind":9,"ty":2,"nm":"dimlights","refId":"image_4","sr":1,"ks":{"o":{"a":0,"k":40,"ix":11},"r":{"a":0,"k":0,"ix":10},"p":{"a":0,"k":[183.5,312,0],"ix":2},"a":{"a":0,"k":[182,310.5,0],"ix":1},"s":{"a":0,"k":[100,100,100],"ix":6}},"ao":0,"ip":0,"op":120.0000048877,"st":0,"bm":0}]}],"layers":[{"ddd":0,"ind":2,"ty":2,"nm":"it_infra.png","cl":"png","refId":"image_0","sr":1,"ks":{"o":{"a":0,"k":100,"ix":11},"r":{"a":0,"k":0,"ix":10},"p":{"a":1,"k":[{"i":{"x":0.833,"y":0.841},"o":{"x":0.167,"y":0.167},"t":0,"s":[854.927,1118.319,0],"to":[0.107,-0.047,0],"ti":[-0.206,0.084,0]},{"i":{"x":0.833,"y":0.842},"o":{"x":0.167,"y":0.175},"t":1,"s":[855.567,1118.034,0],"to":[0.206,-0.084,0],"ti":[-0.191,0.063,0]},{"i":{"x":0.833,"y":0.843},"o":{"x":0.167,"y":0.176},"t":2,"s":[856.164,1117.813,0],"to":[0.191,-0.063,0],"ti":[-0.174,0.04,0]},{"i":{"x":0.833,"y":0.845},"o":{"x":0.167,"y":0.178},"t":3,"s":[856.713,1117.658,0],"to":[0.174,-0.04,0],"ti":[-0.154,0.017,0]},{"i":{"x":0.833,"y":0.846},"o":{"x":0.167,"y":0.18},"t":4,"s":[857.206,1117.571,0],"to":[0.154,-0.017,0],"ti":[-0.133,-0.007,0]},{"i":{"x":0.833,"y":0.844},"o":{"x":0.167,"y":0.181},"t":5,"s":[857.638,1117.556,0],"to":[0.133,0.007,0],"ti":[-0.11,-0.03,0]},{"i":{"x":0.833,"y":0.837},"o":{"x":0.167,"y":0.179},"t":6,"s":[858.001,1117.613,0],"to":[0.11,0.03,0],"ti":[-0.093,-0.048,0]},{"i":{"x":0.833,"y":0.836},"o":{"x":0.167,"y":0.171},"t":7,"s":[858.298,1117.738,0],"to":[0.093,0.048,0],"ti":[-0.081,-0.059,0]},{"i":{"x":0.833,"y":0.834},"o":{"x":0.167,"y":0.169},"t":8,"s":[858.558,1117.899,0],"to":[0.081,0.059,0],"ti":[-0.07,-0.069,0]},{"i":{"x":0.833,"y":0.832},"o":{"x":0.167,"y":0.167},"t":9,"s":[858.785,1118.091,0],"to":[0.07,0.069,0],"ti":[-0.058,-0.08,0]},{"i":{"x":0.833,"y":0.831},"o":{"x":0.167,"y":0.166},"t":10,"s":[858.978,1118.315,0],"to":[0.058,0.08,0],"ti":[-0.047,-0.089,0]},{"i":{"x":0.833,"y":0.83},"o":{"x":0.167,"y":0.164},"t":11,"s":[859.136,1118.569,0],"to":[0.047,0.089,0],"ti":[-0.035,-0.099,0]},{"i":{"x":0.833,"y":0.829},"o":{"x":0.167,"y":0.163},"t":12,"s":[859.257,1118.851,0],"to":[0.035,0.099,0],"ti":[-0.022,-0.108,0]},{"i":{"x":0.833,"y":0.828},"o":{"x":0.167,"y":0.162},"t":13,"s":[859.343,1119.161,0],"to":[0.022,0.108,0],"ti":[-0.01,-0.116,0]},{"i":{"x":0.833,"y":0.828},"o":{"x":0.167,"y":0.162},"t":14,"s":[859.392,1119.497,0],"to":[0.01,0.116,0],"ti":[0.002,-0.124,0]},{"i":{"x":0.833,"y":0.828},"o":{"x":0.167,"y":0.161},"t":15,"s":[859.405,1119.858,0],"to":[-0.002,0.124,0],"ti":[0.014,-0.132,0]},{"i":{"x":0.833,"y":0.828},"o":{"x":0.167,"y":0.161},"t":16,"s":[859.381,1120.244,0],"to":[-0.014,0.132,0],"ti":[0.026,-0.139,0]},{"i":{"x":0.833,"y":0.828},"o":{"x":0.167,"y":0.162},"t":17,"s":[859.322,1120.651,0],"to":[-0.026,0.139,0],"ti":[0.037,-0.146,0]},{"i":{"x":0.833,"y":0.828},"o":{"x":0.167,"y":0.162},"t":18,"s":[859.227,1121.081,0],"to":[-0.037,0.146,0],"ti":[0.049,-0.153,0]},{"i":{"x":0.833,"y":0.829},"o":{"x":0.167,"y":0.162},"t":19,"s":[859.097,1121.529,0],"to":[-0.049,0.153,0],"ti":[0.06,-0.159,0]},{"i":{"x":0.833,"y":0.829},"o":{"x":0.167,"y":0.162},"t":20,"s":[858.934,1121.997,0],"to":[-0.06,0.159,0],"ti":[0.071,-0.164,0]},{"i":{"x":0.833,"y":0.829},"o":{"x":0.167,"y":0.163},"t":21,"s":[858.737,1122.481,0],"to":[-0.071,0.164,0],"ti":[0.081,-0.169,0]},{"i":{"x":0.833,"y":0.83},"o":{"x":0.167,"y":0.163},"t":22,"s":[858.509,1122.981,0],"to":[-0.081,0.169,0],"ti":[0.091,-0.173,0]},{"i":{"x":0.833,"y":0.83},"o":{"x":0.167,"y":0.163},"t":23,"s":[858.25,1123.494,0],"to":[-0.091,0.173,0],"ti":[0.101,-0.177,0]},{"i":{"x":0.833,"y":0.83},"o":{"x":0.167,"y":0.164},"t":24,"s":[857.961,1124.021,0],"to":[-0.101,0.177,0],"ti":[0.11,-0.181,0]},{"i":{"x":0.833,"y":0.831},"o":{"x":0.167,"y":0.164},"t":25,"s":[857.645,1124.558,0],"to":[-0.11,0.181,0],"ti":[0.118,-0.184,0]},{"i":{"x":0.833,"y":0.831},"o":{"x":0.167,"y":0.164},"t":26,"s":[857.302,1125.105,0],"to":[-0.118,0.184,0],"ti":[0.126,-0.186,0]},{"i":{"x":0.833,"y":0.831},"o":{"x":0.167,"y":0.164},"t":27,"s":[856.935,1125.66,0],"to":[-0.126,0.186,0],"ti":[0.134,-0.188,0]},{"i":{"x":0.833,"y":0.832},"o":{"x":0.167,"y":0.165},"t":28,"s":[856.544,1126.222,0],"to":[-0.134,0.188,0],"ti":[0.141,-0.19,0]},{"i":{"x":0.833,"y":0.832},"o":{"x":0.167,"y":0.165},"t":29,"s":[856.132,1126.789,0],"to":[-0.141,0.19,0],"ti":[0.147,-0.191,0]},{"i":{"x":0.833,"y":0.832},"o":{"x":0.167,"y":0.165},"t":30,"s":[855.7,1127.359,0],"to":[-0.147,0.191,0],"ti":[0.152,-0.191,0]},{"i":{"x":0.833,"y":0.832},"o":{"x":0.167,"y":0.165},"t":31,"s":[855.251,1127.932,0],"to":[-0.152,0.191,0],"ti":[0.157,-0.191,0]},{"i":{"x":0.833,"y":0.833},"o":{"x":0.167,"y":0.166},"t":32,"s":[854.786,1128.505,0],"to":[-0.157,0.191,0],"ti":[0.162,-0.191,0]},{"i":{"x":0.833,"y":0.833},"o":{"x":0.167,"y":0.166},"t":33,"s":[854.307,1129.078,0],"to":[-0.162,0.191,0],"ti":[0.165,-0.19,0]},{"i":{"x":0.833,"y":0.833},"o":{"x":0.167,"y":0.166},"t":34,"s":[853.816,1129.65,0],"to":[-0.165,0.19,0],"ti":[0.168,-0.189,0]},{"i":{"x":0.833,"y":0.833},"o":{"x":0.167,"y":0.166},"t":35,"s":[853.315,1130.217,0],"to":[-0.168,0.189,0],"ti":[0.171,-0.187,0]},{"i":{"x":0.833,"y":0.834},"o":{"x":0.167,"y":0.167},"t":36,"s":[852.806,1130.781,0],"to":[-0.171,0.187,0],"ti":[0.172,-0.185,0]},{"i":{"x":0.833,"y":0.834},"o":{"x":0.167,"y":0.167},"t":37,"s":[852.291,1131.339,0],"to":[-0.172,0.185,0],"ti":[0.173,-0.182,0]},{"i":{"x":0.833,"y":0.834},"o":{"x":0.167,"y":0.167},"t":38,"s":[851.772,1131.89,0],"to":[-0.173,0.182,0],"ti":[0.174,-0.18,0]},{"i":{"x":0.833,"y":0.834},"o":{"x":0.167,"y":0.167},"t":39,"s":[851.251,1132.433,0],"to":[-0.174,0.18,0],"ti":[0.174,-0.176,0]},{"i":{"x":0.833,"y":0.834},"o":{"x":0.167,"y":0.168},"t":40,"s":[850.729,1132.967,0],"to":[-0.174,0.176,0],"ti":[0.173,-0.173,0]},{"i":{"x":0.833,"y":0.835},"o":{"x":0.167,"y":0.168},"t":41,"s":[850.208,1133.491,0],"to":[-0.173,0.173,0],"ti":[0.172,-0.169,0]},{"i":{"x":0.833,"y":0.835},"o":{"x":0.167,"y":0.168},"t":42,"s":[849.691,1134.004,0],"to":[-0.172,0.169,0],"ti":[0.17,-0.165,0]},{"i":{"x":0.833,"y":0.835},"o":{"x":0.167,"y":0.168},"t":43,"s":[849.179,1134.505,0],"to":[-0.17,0.165,0],"ti":[0.167,-0.161,0]},{"i":{"x":0.833,"y":0.835},"o":{"x":0.167,"y":0.168},"t":44,"s":[848.673,1134.994,0],"to":[-0.167,0.161,0],"ti":[0.164,-0.156,0]},{"i":{"x":0.833,"y":0.836},"o":{"x":0.167,"y":0.169},"t":45,"s":[848.175,1135.469,0],"to":[-0.164,0.156,0],"ti":[0.161,-0.151,0]},{"i":{"x":0.833,"y":0.836},"o":{"x":0.167,"y":0.169},"t":46,"s":[847.687,1135.931,0],"to":[-0.161,0.151,0],"ti":[0.157,-0.147,0]},{"i":{"x":0.833,"y":0.836},"o":{"x":0.167,"y":0.169},"t":47,"s":[847.21,1136.378,0],"to":[-0.157,0.147,0],"ti":[0.153,-0.142,0]},{"i":{"x":0.833,"y":0.836},"o":{"x":0.167,"y":0.169},"t":48,"s":[846.744,1136.81,0],"to":[-0.153,0.142,0],"ti":[0.148,-0.136,0]},{"i":{"x":0.833,"y":0.836},"o":{"x":0.167,"y":0.17},"t":49,"s":[846.292,1137.227,0],"to":[-0.148,0.136,0],"ti":[0.143,-0.131,0]},{"i":{"x":0.833,"y":0.837},"o":{"x":0.167,"y":0.17},"t":50,"s":[845.855,1137.629,0],"to":[-0.143,0.131,0],"ti":[0.138,-0.126,0]},{"i":{"x":0.833,"y":0.837},"o":{"x":0.167,"y":0.17},"t":51,"s":[845.432,1138.015,0],"to":[-0.138,0.126,0],"ti":[0.133,-0.121,0]},{"i":{"x":0.833,"y":0.837},"o":{"x":0.167,"y":0.17},"t":52,"s":[845.026,1138.385,0],"to":[-0.133,0.121,0],"ti":[0.127,-0.116,0]},{"i":{"x":0.833,"y":0.837},"o":{"x":0.167,"y":0.17},"t":53,"s":[844.635,1138.741,0],"to":[-0.127,0.116,0],"ti":[0.122,-0.111,0]},{"i":{"x":0.833,"y":0.837},"o":{"x":0.167,"y":0.171},"t":54,"s":[844.262,1139.08,0],"to":[-0.122,0.111,0],"ti":[0.116,-0.106,0]},{"i":{"x":0.833,"y":0.837},"o":{"x":0.167,"y":0.171},"t":55,"s":[843.906,1139.405,0],"to":[-0.116,0.106,0],"ti":[0.11,-0.101,0]},{"i":{"x":0.833,"y":0.837},"o":{"x":0.167,"y":0.171},"t":56,"s":[843.566,1139.716,0],"to":[-0.11,0.101,0],"ti":[0.105,-0.097,0]},{"i":{"x":0.833,"y":0.837},"o":{"x":0.167,"y":0.171},"t":57,"s":[843.244,1140.013,0],"to":[-0.105,0.097,0],"ti":[0.099,-0.092,0]},{"i":{"x":0.833,"y":0.837},"o":{"x":0.167,"y":0.171},"t":58,"s":[842.938,1140.296,0],"to":[-0.099,0.092,0],"ti":[0.094,-0.089,0]},{"i":{"x":0.833,"y":0.837},"o":{"x":0.167,"y":0.171},"t":59,"s":[842.648,1140.567,0],"to":[-0.094,0.089,0],"ti":[0.089,-0.085,0]},{"i":{"x":0.833,"y":0.837},"o":{"x":0.167,"y":0.171},"t":60,"s":[842.374,1140.828,0],"to":[-0.089,0.085,0],"ti":[0.085,-0.082,0]},{"i":{"x":0.833,"y":0.837},"o":{"x":0.167,"y":0.17},"t":61,"s":[842.114,1141.078,0],"to":[-0.085,0.082,0],"ti":[0.081,-0.079,0]},{"i":{"x":0.833,"y":0.836},"o":{"x":0.167,"y":0.17},"t":62,"s":[841.866,1141.319,0],"to":[-0.081,0.079,0],"ti":[0.077,-0.077,0]},{"i":{"x":0.833,"y":0.835},"o":{"x":0.167,"y":0.169},"t":63,"s":[841.63,1141.553,0],"to":[-0.077,0.077,0],"ti":[0.074,-0.076,0]},{"i":{"x":0.833,"y":0.835},"o":{"x":0.167,"y":0.169},"t":64,"s":[841.404,1141.782,0],"to":[-0.074,0.076,0],"ti":[0.072,-0.075,0]},{"i":{"x":0.833,"y":0.834},"o":{"x":0.167,"y":0.168},"t":65,"s":[841.185,1142.006,0],"to":[-0.072,0.075,0],"ti":[0.07,-0.074,0]},{"i":{"x":0.833,"y":0.839},"o":{"x":0.167,"y":0.168},"t":66,"s":[840.972,1142.229,0],"to":[-0.07,0.074,0],"ti":[0.066,-0.073,0]},{"i":{"x":0.833,"y":0.84},"o":{"x":0.167,"y":0.172},"t":67,"s":[840.764,1142.453,0],"to":[-0.066,0.073,0],"ti":[0.06,-0.069,0]},{"i":{"x":0.833,"y":0.841},"o":{"x":0.167,"y":0.174},"t":68,"s":[840.575,1142.666,0],"to":[-0.06,0.069,0],"ti":[0.054,-0.063,0]},{"i":{"x":0.833,"y":0.842},"o":{"x":0.167,"y":0.175},"t":69,"s":[840.404,1142.864,0],"to":[-0.054,0.063,0],"ti":[0.049,-0.057,0]},{"i":{"x":0.833,"y":0.843},"o":{"x":0.167,"y":0.176},"t":70,"s":[840.25,1143.044,0],"to":[-0.049,0.057,0],"ti":[0.044,-0.05,0]},{"i":{"x":0.833,"y":0.845},"o":{"x":0.167,"y":0.178},"t":71,"s":[840.111,1143.205,0],"to":[-0.044,0.05,0],"ti":[0.04,-0.042,0]},{"i":{"x":0.833,"y":0.847},"o":{"x":0.167,"y":0.18},"t":72,"s":[839.985,1143.344,0],"to":[-0.04,0.042,0],"ti":[0.036,-0.034,0]},{"i":{"x":0.833,"y":0.849},"o":{"x":0.167,"y":0.182},"t":73,"s":[839.872,1143.459,0],"to":[-0.036,0.034,0],"ti":[0.032,-0.026,0]},{"i":{"x":0.833,"y":0.85},"o":{"x":0.167,"y":0.185},"t":74,"s":[839.77,1143.549,0],"to":[-0.032,0.026,0],"ti":[0.029,-0.016,0]},{"i":{"x":0.833,"y":0.849},"o":{"x":0.167,"y":0.188},"t":75,"s":[839.679,1143.612,0],"to":[-0.029,0.016,0],"ti":[0.025,-0.007,0]},{"i":{"x":0.833,"y":0.839},"o":{"x":0.167,"y":0.186},"t":76,"s":[839.598,1143.647,0],"to":[-0.025,0.007,0],"ti":[0.022,0.003,0]},{"i":{"x":0.833,"y":0.82},"o":{"x":0.167,"y":0.172},"t":77,"s":[839.527,1143.652,0],"to":[-0.022,-0.003,0],"ti":[0.019,0.014,0]},{"i":{"x":0.833,"y":0.81},"o":{"x":0.167,"y":0.155},"t":78,"s":[839.467,1143.626,0],"to":[-0.019,-0.014,0],"ti":[0.015,0.025,0]},{"i":{"x":0.833,"y":0.809},"o":{"x":0.167,"y":0.148},"t":79,"s":[839.416,1143.568,0],"to":[-0.015,-0.025,0],"ti":[0.012,0.036,0]},{"i":{"x":0.833,"y":0.813},"o":{"x":0.167,"y":0.148},"t":80,"s":[839.376,1143.477,0],"to":[-0.012,-0.036,0],"ti":[0.008,0.047,0]},{"i":{"x":0.833,"y":0.816},"o":{"x":0.167,"y":0.15},"t":81,"s":[839.346,1143.352,0],"to":[-0.008,-0.047,0],"ti":[0.004,0.059,0]},{"i":{"x":0.833,"y":0.818},"o":{"x":0.167,"y":0.152},"t":82,"s":[839.328,1143.193,0],"to":[-0.004,-0.059,0],"ti":[0,0.071,0]},{"i":{"x":0.833,"y":0.82},"o":{"x":0.167,"y":0.154},"t":83,"s":[839.321,1142.999,0],"to":[0,-0.071,0],"ti":[-0.004,0.082,0]},{"i":{"x":0.833,"y":0.822},"o":{"x":0.167,"y":0.155},"t":84,"s":[839.327,1142.77,0],"to":[0.004,-0.082,0],"ti":[-0.009,0.094,0]},{"i":{"x":0.833,"y":0.823},"o":{"x":0.167,"y":0.156},"t":85,"s":[839.347,1142.505,0],"to":[0.009,-0.094,0],"ti":[-0.014,0.106,0]},{"i":{"x":0.833,"y":0.824},"o":{"x":0.167,"y":0.157},"t":86,"s":[839.381,1142.204,0],"to":[0.014,-0.106,0],"ti":[-0.019,0.118,0]},{"i":{"x":0.833,"y":0.825},"o":{"x":0.167,"y":0.158},"t":87,"s":[839.43,1141.867,0],"to":[0.019,-0.118,0],"ti":[-0.025,0.13,0]},{"i":{"x":0.833,"y":0.826},"o":{"x":0.167,"y":0.159},"t":88,"s":[839.496,1141.495,0],"to":[0.025,-0.13,0],"ti":[-0.031,0.142,0]},{"i":{"x":0.833,"y":0.826},"o":{"x":0.167,"y":0.16},"t":89,"s":[839.58,1141.087,0],"to":[0.031,-0.142,0],"ti":[-0.038,0.153,0]},{"i":{"x":0.833,"y":0.827},"o":{"x":0.167,"y":0.16},"t":90,"s":[839.682,1140.644,0],"to":[0.038,-0.153,0],"ti":[-0.044,0.165,0]},{"i":{"x":0.833,"y":0.827},"o":{"x":0.167,"y":0.161},"t":91,"s":[839.805,1140.166,0],"to":[0.044,-0.165,0],"ti":[-0.052,0.176,0]},{"i":{"x":0.833,"y":0.828},"o":{"x":0.167,"y":0.161},"t":92,"s":[839.949,1139.655,0],"to":[0.052,-0.176,0],"ti":[-0.059,0.187,0]},{"i":{"x":0.833,"y":0.828},"o":{"x":0.167,"y":0.161},"t":93,"s":[840.115,1139.11,0],"to":[0.059,-0.187,0],"ti":[-0.067,0.198,0]},{"i":{"x":0.833,"y":0.829},"o":{"x":0.167,"y":0.162},"t":94,"s":[840.304,1138.533,0],"to":[0.067,-0.198,0],"ti":[-0.076,0.208,0]},{"i":{"x":0.833,"y":0.829},"o":{"x":0.167,"y":0.162},"t":95,"s":[840.518,1137.925,0],"to":[0.076,-0.208,0],"ti":[-0.084,0.218,0]},{"i":{"x":0.833,"y":0.829},"o":{"x":0.167,"y":0.162},"t":96,"s":[840.758,1137.286,0],"to":[0.084,-0.218,0],"ti":[-0.093,0.227,0]},{"i":{"x":0.833,"y":0.829},"o":{"x":0.167,"y":0.163},"t":97,"s":[841.025,1136.619,0],"to":[0.093,-0.227,0],"ti":[-0.103,0.236,0]},{"i":{"x":0.833,"y":0.83},"o":{"x":0.167,"y":0.163},"t":98,"s":[841.319,1135.925,0],"to":[0.103,-0.236,0],"ti":[-0.112,0.244,0]},{"i":{"x":0.833,"y":0.83},"o":{"x":0.167,"y":0.163},"t":99,"s":[841.641,1135.205,0],"to":[0.112,-0.244,0],"ti":[-0.122,0.252,0]},{"i":{"x":0.833,"y":0.83},"o":{"x":0.167,"y":0.163},"t":100,"s":[841.993,1134.46,0],"to":[0.122,-0.252,0],"ti":[-0.132,0.259,0]},{"i":{"x":0.833,"y":0.83},"o":{"x":0.167,"y":0.164},"t":101,"s":[842.375,1133.694,0],"to":[0.132,-0.259,0],"ti":[-0.143,0.265,0]},{"i":{"x":0.833,"y":0.831},"o":{"x":0.167,"y":0.164},"t":102,"s":[842.787,1132.907,0],"to":[0.143,-0.265,0],"ti":[-0.153,0.271,0]},{"i":{"x":0.833,"y":0.831},"o":{"x":0.167,"y":0.164},"t":103,"s":[843.23,1132.102,0],"to":[0.153,-0.271,0],"ti":[-0.163,0.276,0]},{"i":{"x":0.833,"y":0.831},"o":{"x":0.167,"y":0.164},"t":104,"s":[843.704,1131.281,0],"to":[0.163,-0.276,0],"ti":[-0.174,0.28,0]},{"i":{"x":0.833,"y":0.831},"o":{"x":0.167,"y":0.165},"t":105,"s":[844.209,1130.447,0],"to":[0.174,-0.28,0],"ti":[-0.184,0.283,0]},{"i":{"x":0.833,"y":0.832},"o":{"x":0.167,"y":0.165},"t":106,"s":[844.746,1129.602,0],"to":[0.184,-0.283,0],"ti":[-0.194,0.286,0]},{"i":{"x":0.833,"y":0.832},"o":{"x":0.167,"y":0.165},"t":107,"s":[845.312,1128.748,0],"to":[0.194,-0.286,0],"ti":[-0.204,0.287,0]},{"i":{"x":0.833,"y":0.832},"o":{"x":0.167,"y":0.165},"t":108,"s":[845.91,1127.888,0],"to":[0.204,-0.287,0],"ti":[-0.214,0.287,0]},{"i":{"x":0.833,"y":0.832},"o":{"x":0.167,"y":0.165},"t":109,"s":[846.536,1127.026,0],"to":[0.214,-0.287,0],"ti":[-0.223,0.287,0]},{"i":{"x":0.833,"y":0.832},"o":{"x":0.167,"y":0.166},"t":110,"s":[847.192,1126.164,0],"to":[0.223,-0.287,0],"ti":[-0.232,0.285,0]},{"i":{"x":0.833,"y":0.833},"o":{"x":0.167,"y":0.166},"t":111,"s":[847.875,1125.305,0],"to":[0.232,-0.285,0],"ti":[-0.24,0.282,0]},{"i":{"x":0.833,"y":0.833},"o":{"x":0.167,"y":0.166},"t":112,"s":[848.583,1124.453,0],"to":[0.24,-0.282,0],"ti":[-0.248,0.278,0]},{"i":{"x":0.833,"y":0.833},"o":{"x":0.167,"y":0.166},"t":113,"s":[849.317,1123.611,0],"to":[0.248,-0.278,0],"ti":[-0.255,0.273,0]},{"i":{"x":0.833,"y":0.834},"o":{"x":0.167,"y":0.167},"t":114,"s":[850.072,1122.783,0],"to":[0.255,-0.273,0],"ti":[-0.261,0.267,0]},{"i":{"x":0.833,"y":0.834},"o":{"x":0.167,"y":0.167},"t":115,"s":[850.848,1121.972,0],"to":[0.261,-0.267,0],"ti":[-0.267,0.259,0]},{"i":{"x":0.833,"y":0.834},"o":{"x":0.167,"y":0.167},"t":116,"s":[851.641,1121.183,0],"to":[0.267,-0.259,0],"ti":[-0.271,0.25,0]},{"i":{"x":0.833,"y":0.835},"o":{"x":0.167,"y":0.168},"t":117,"s":[852.449,1120.419,0],"to":[0.271,-0.25,0],"ti":[-0.274,0.239,0]},{"i":{"x":0.833,"y":0.833},"o":{"x":0.167,"y":0.168},"t":118,"s":[853.268,1119.684,0],"to":[0.274,-0.239,0],"ti":[-0.138,0.117,0]},{"t":119.000004846969,"s":[854.096,1118.982,0]}],"ix":2},"a":{"a":0,"k":[585.5,178,0],"ix":1},"s":{"a":0,"k":[100,100,100],"ix":6}},"ao":0,"ip":0,"op":120.0000048877,"st":0,"bm":0},{"ddd":0,"ind":3,"ty":0,"nm":"signal SQS","refId":"comp_0","sr":1,"ks":{"o":{"a":0,"k":100,"ix":11},"r":{"a":0,"k":0,"ix":10},"p":{"a":0,"k":[1194.121,309.677,0],"ix":2},"a":{"a":0,"k":[82,80.5,0],"ix":1},"s":{"a":0,"k":[100,100,100],"ix":6}},"ao":0,"w":164,"h":161,"ip":0,"op":120.0000048877,"st":0,"bm":0},{"ddd":0,"ind":4,"ty":2,"nm":"cloud.png","cl":"png","refId":"image_2","sr":1,"ks":{"o":{"a":0,"k":100,"ix":11},"r":{"a":0,"k":0,"ix":10},"p":{"a":1,"k":[{"i":{"x":0.833,"y":0.838},"o":{"x":0.167,"y":0.167},"t":0,"s":[491.669,948.457,0],"to":[-0.052,0.33,0],"ti":[0.099,-0.641,0]},{"i":{"x":0.833,"y":0.839},"o":{"x":0.167,"y":0.172},"t":1,"s":[491.356,950.439,0],"to":[-0.099,0.641,0],"ti":[0.087,-0.599,0]},{"i":{"x":0.833,"y":0.841},"o":{"x":0.167,"y":0.173},"t":2,"s":[491.077,952.302,0],"to":[-0.087,0.599,0],"ti":[0.074,-0.551,0]},{"i":{"x":0.833,"y":0.842},"o":{"x":0.167,"y":0.175},"t":3,"s":[490.835,954.031,0],"to":[-0.074,0.551,0],"ti":[0.06,-0.499,0]},{"i":{"x":0.833,"y":0.842},"o":{"x":0.167,"y":0.177},"t":4,"s":[490.634,955.611,0],"to":[-0.06,0.499,0],"ti":[0.034,-0.447,0]},{"i":{"x":0.833,"y":0.841},"o":{"x":0.167,"y":0.177},"t":5,"s":[490.478,957.026,0],"to":[-0.034,0.447,0],"ti":[-0.008,-0.403,0]},{"i":{"x":0.833,"y":0.84},"o":{"x":0.167,"y":0.175},"t":6,"s":[490.429,958.295,0],"to":[0.008,0.403,0],"ti":[-0.054,-0.364,0]},{"i":{"x":0.833,"y":0.839},"o":{"x":0.167,"y":0.174},"t":7,"s":[490.525,959.444,0],"to":[0.054,0.364,0],"ti":[-0.095,-0.325,0]},{"i":{"x":0.833,"y":0.838},"o":{"x":0.167,"y":0.173},"t":8,"s":[490.751,960.476,0],"to":[0.095,0.325,0],"ti":[-0.132,-0.288,0]},{"i":{"x":0.833,"y":0.837},"o":{"x":0.167,"y":0.172},"t":9,"s":[491.095,961.396,0],"to":[0.132,0.288,0],"ti":[-0.164,-0.252,0]},{"i":{"x":0.833,"y":0.836},"o":{"x":0.167,"y":0.17},"t":10,"s":[491.542,962.207,0],"to":[0.164,0.252,0],"ti":[-0.193,-0.217,0]},{"i":{"x":0.833,"y":0.835},"o":{"x":0.167,"y":0.169},"t":11,"s":[492.08,962.911,0],"to":[0.193,0.217,0],"ti":[-0.218,-0.183,0]},{"i":{"x":0.833,"y":0.834},"o":{"x":0.167,"y":0.168},"t":12,"s":[492.699,963.512,0],"to":[0.218,0.183,0],"ti":[-0.239,-0.15,0]},{"i":{"x":0.833,"y":0.833},"o":{"x":0.167,"y":0.167},"t":13,"s":[493.386,964.011,0],"to":[0.239,0.15,0],"ti":[-0.257,-0.118,0]},{"i":{"x":0.833,"y":0.832},"o":{"x":0.167,"y":0.166},"t":14,"s":[494.131,964.412,0],"to":[0.257,0.118,0],"ti":[-0.271,-0.086,0]},{"i":{"x":0.833,"y":0.832},"o":{"x":0.167,"y":0.166},"t":15,"s":[494.925,964.717,0],"to":[0.271,0.086,0],"ti":[-0.283,-0.055,0]},{"i":{"x":0.833,"y":0.832},"o":{"x":0.167,"y":0.165},"t":16,"s":[495.758,964.928,0],"to":[0.283,0.055,0],"ti":[-0.292,-0.025,0]},{"i":{"x":0.833,"y":0.832},"o":{"x":0.167,"y":0.165},"t":17,"s":[496.621,965.048,0],"to":[0.292,0.025,0],"ti":[-0.298,0.005,0]},{"i":{"x":0.833,"y":0.832},"o":{"x":0.167,"y":0.165},"t":18,"s":[497.507,965.077,0],"to":[0.298,-0.005,0],"ti":[-0.301,0.034,0]},{"i":{"x":0.833,"y":0.832},"o":{"x":0.167,"y":0.165},"t":19,"s":[498.408,965.018,0],"to":[0.301,-0.034,0],"ti":[-0.303,0.062,0]},{"i":{"x":0.833,"y":0.832},"o":{"x":0.167,"y":0.165},"t":20,"s":[499.316,964.874,0],"to":[0.303,-0.062,0],"ti":[-0.302,0.09,0]},{"i":{"x":0.833,"y":0.832},"o":{"x":0.167,"y":0.165},"t":21,"s":[500.225,964.645,0],"to":[0.302,-0.09,0],"ti":[-0.3,0.117,0]},{"i":{"x":0.833,"y":0.832},"o":{"x":0.167,"y":0.165},"t":22,"s":[501.13,964.333,0],"to":[0.3,-0.117,0],"ti":[-0.295,0.144,0]},{"i":{"x":0.833,"y":0.832},"o":{"x":0.167,"y":0.165},"t":23,"s":[502.024,963.941,0],"to":[0.295,-0.144,0],"ti":[-0.289,0.17,0]},{"i":{"x":0.833,"y":0.831},"o":{"x":0.167,"y":0.165},"t":24,"s":[502.902,963.469,0],"to":[0.289,-0.17,0],"ti":[-0.282,0.196,0]},{"i":{"x":0.833,"y":0.831},"o":{"x":0.167,"y":0.165},"t":25,"s":[503.76,962.92,0],"to":[0.282,-0.196,0],"ti":[-0.273,0.221,0]},{"i":{"x":0.833,"y":0.831},"o":{"x":0.167,"y":0.165},"t":26,"s":[504.593,962.295,0],"to":[0.273,-0.221,0],"ti":[-0.263,0.245,0]},{"i":{"x":0.833,"y":0.831},"o":{"x":0.167,"y":0.165},"t":27,"s":[505.398,961.596,0],"to":[0.263,-0.245,0],"ti":[-0.252,0.269,0]},{"i":{"x":0.833,"y":0.831},"o":{"x":0.167,"y":0.165},"t":28,"s":[506.172,960.825,0],"to":[0.252,-0.269,0],"ti":[-0.24,0.292,0]},{"i":{"x":0.833,"y":0.831},"o":{"x":0.167,"y":0.165},"t":29,"s":[506.91,959.983,0],"to":[0.24,-0.292,0],"ti":[-0.227,0.314,0]},{"i":{"x":0.833,"y":0.831},"o":{"x":0.167,"y":0.165},"t":30,"s":[507.611,959.073,0],"to":[0.227,-0.314,0],"ti":[-0.213,0.336,0]},{"i":{"x":0.833,"y":0.831},"o":{"x":0.167,"y":0.164},"t":31,"s":[508.272,958.097,0],"to":[0.213,-0.336,0],"ti":[-0.199,0.357,0]},{"i":{"x":0.833,"y":0.831},"o":{"x":0.167,"y":0.164},"t":32,"s":[508.892,957.056,0],"to":[0.199,-0.357,0],"ti":[-0.185,0.378,0]},{"i":{"x":0.833,"y":0.831},"o":{"x":0.167,"y":0.164},"t":33,"s":[509.468,955.953,0],"to":[0.185,-0.378,0],"ti":[-0.169,0.397,0]},{"i":{"x":0.833,"y":0.831},"o":{"x":0.167,"y":0.164},"t":34,"s":[509.999,954.79,0],"to":[0.169,-0.397,0],"ti":[-0.154,0.416,0]},{"i":{"x":0.833,"y":0.831},"o":{"x":0.167,"y":0.165},"t":35,"s":[510.484,953.57,0],"to":[0.154,-0.416,0],"ti":[-0.139,0.433,0]},{"i":{"x":0.833,"y":0.831},"o":{"x":0.167,"y":0.165},"t":36,"s":[510.923,952.296,0],"to":[0.139,-0.433,0],"ti":[-0.123,0.45,0]},{"i":{"x":0.833,"y":0.831},"o":{"x":0.167,"y":0.165},"t":37,"s":[511.315,950.97,0],"to":[0.123,-0.45,0],"ti":[-0.107,0.466,0]},{"i":{"x":0.833,"y":0.831},"o":{"x":0.167,"y":0.165},"t":38,"s":[511.66,949.595,0],"to":[0.107,-0.466,0],"ti":[-0.091,0.48,0]},{"i":{"x":0.833,"y":0.832},"o":{"x":0.167,"y":0.165},"t":39,"s":[511.958,948.175,0],"to":[0.091,-0.48,0],"ti":[-0.076,0.494,0]},{"i":{"x":0.833,"y":0.832},"o":{"x":0.167,"y":0.165},"t":40,"s":[512.208,946.713,0],"to":[0.076,-0.494,0],"ti":[-0.06,0.506,0]},{"i":{"x":0.833,"y":0.832},"o":{"x":0.167,"y":0.165},"t":41,"s":[512.412,945.214,0],"to":[0.06,-0.506,0],"ti":[-0.045,0.516,0]},{"i":{"x":0.833,"y":0.832},"o":{"x":0.167,"y":0.165},"t":42,"s":[512.57,943.68,0],"to":[0.045,-0.516,0],"ti":[-0.03,0.525,0]},{"i":{"x":0.833,"y":0.832},"o":{"x":0.167,"y":0.165},"t":43,"s":[512.682,942.117,0],"to":[0.03,-0.525,0],"ti":[-0.016,0.533,0]},{"i":{"x":0.833,"y":0.833},"o":{"x":0.167,"y":0.166},"t":44,"s":[512.751,940.528,0],"to":[0.016,-0.533,0],"ti":[-0.001,0.539,0]},{"i":{"x":0.833,"y":0.833},"o":{"x":0.167,"y":0.166},"t":45,"s":[512.776,938.919,0],"to":[0.001,-0.539,0],"ti":[0.012,0.543,0]},{"i":{"x":0.833,"y":0.833},"o":{"x":0.167,"y":0.166},"t":46,"s":[512.759,937.295,0],"to":[-0.012,-0.543,0],"ti":[0.026,0.545,0]},{"i":{"x":0.833,"y":0.833},"o":{"x":0.167,"y":0.166},"t":47,"s":[512.701,935.661,0],"to":[-0.026,-0.545,0],"ti":[0.039,0.546,0]},{"i":{"x":0.833,"y":0.834},"o":{"x":0.167,"y":0.167},"t":48,"s":[512.604,934.023,0],"to":[-0.039,-0.546,0],"ti":[0.051,0.544,0]},{"i":{"x":0.833,"y":0.834},"o":{"x":0.167,"y":0.167},"t":49,"s":[512.469,932.388,0],"to":[-0.051,-0.544,0],"ti":[0.063,0.54,0]},{"i":{"x":0.833,"y":0.834},"o":{"x":0.167,"y":0.167},"t":50,"s":[512.297,930.761,0],"to":[-0.063,-0.54,0],"ti":[0.074,0.533,0]},{"i":{"x":0.833,"y":0.835},"o":{"x":0.167,"y":0.168},"t":51,"s":[512.091,929.151,0],"to":[-0.074,-0.533,0],"ti":[0.085,0.524,0]},{"i":{"x":0.833,"y":0.835},"o":{"x":0.167,"y":0.168},"t":52,"s":[511.852,927.563,0],"to":[-0.085,-0.524,0],"ti":[0.095,0.512,0]},{"i":{"x":0.833,"y":0.836},"o":{"x":0.167,"y":0.168},"t":53,"s":[511.582,926.007,0],"to":[-0.095,-0.512,0],"ti":[0.105,0.498,0]},{"i":{"x":0.833,"y":0.836},"o":{"x":0.167,"y":0.169},"t":54,"s":[511.282,924.489,0],"to":[-0.105,-0.498,0],"ti":[0.114,0.48,0]},{"i":{"x":0.833,"y":0.837},"o":{"x":0.167,"y":0.169},"t":55,"s":[510.953,923.02,0],"to":[-0.114,-0.48,0],"ti":[0.122,0.46,0]},{"i":{"x":0.833,"y":0.837},"o":{"x":0.167,"y":0.17},"t":56,"s":[510.599,921.608,0],"to":[-0.122,-0.46,0],"ti":[0.13,0.436,0]},{"i":{"x":0.833,"y":0.838},"o":{"x":0.167,"y":0.171},"t":57,"s":[510.219,920.262,0],"to":[-0.13,-0.436,0],"ti":[0.138,0.409,0]},{"i":{"x":0.833,"y":0.839},"o":{"x":0.167,"y":0.172},"t":58,"s":[509.816,918.992,0],"to":[-0.138,-0.409,0],"ti":[0.145,0.378,0]},{"i":{"x":0.833,"y":0.84},"o":{"x":0.167,"y":0.173},"t":59,"s":[509.391,917.81,0],"to":[-0.145,-0.378,0],"ti":[0.152,0.343,0]},{"i":{"x":0.833,"y":0.841},"o":{"x":0.167,"y":0.174},"t":60,"s":[508.945,916.727,0],"to":[-0.152,-0.343,0],"ti":[0.158,0.304,0]},{"i":{"x":0.833,"y":0.842},"o":{"x":0.167,"y":0.175},"t":61,"s":[508.48,915.753,0],"to":[-0.158,-0.304,0],"ti":[0.164,0.261,0]},{"i":{"x":0.833,"y":0.843},"o":{"x":0.167,"y":0.177},"t":62,"s":[507.997,914.902,0],"to":[-0.164,-0.261,0],"ti":[0.17,0.214,0]},{"i":{"x":0.833,"y":0.844},"o":{"x":0.167,"y":0.178},"t":63,"s":[507.496,914.186,0],"to":[-0.17,-0.214,0],"ti":[0.175,0.162,0]},{"i":{"x":0.833,"y":0.839},"o":{"x":0.167,"y":0.179},"t":64,"s":[506.979,913.618,0],"to":[-0.175,-0.162,0],"ti":[0.174,0.126,0]},{"i":{"x":0.833,"y":0.835},"o":{"x":0.167,"y":0.173},"t":65,"s":[506.447,913.211,0],"to":[-0.174,-0.126,0],"ti":[0.163,0.125,0]},{"i":{"x":0.833,"y":0.834},"o":{"x":0.167,"y":0.168},"t":66,"s":[505.935,912.86,0],"to":[-0.163,-0.125,0],"ti":[0.148,0.139,0]},{"i":{"x":0.833,"y":0.833},"o":{"x":0.167,"y":0.167},"t":67,"s":[505.469,912.464,0],"to":[-0.148,-0.139,0],"ti":[0.132,0.152,0]},{"i":{"x":0.833,"y":0.833},"o":{"x":0.167,"y":0.167},"t":68,"s":[505.05,912.027,0],"to":[-0.132,-0.152,0],"ti":[0.117,0.165,0]},{"i":{"x":0.833,"y":0.833},"o":{"x":0.167,"y":0.166},"t":69,"s":[504.675,911.551,0],"to":[-0.117,-0.165,0],"ti":[0.103,0.176,0]},{"i":{"x":0.833,"y":0.833},"o":{"x":0.167,"y":0.166},"t":70,"s":[504.346,911.04,0],"to":[-0.103,-0.176,0],"ti":[0.088,0.185,0]},{"i":{"x":0.833,"y":0.833},"o":{"x":0.167,"y":0.166},"t":71,"s":[504.06,910.497,0],"to":[-0.088,-0.185,0],"ti":[0.074,0.193,0]},{"i":{"x":0.833,"y":0.833},"o":{"x":0.167,"y":0.166},"t":72,"s":[503.817,909.929,0],"to":[-0.074,-0.193,0],"ti":[0.061,0.2,0]},{"i":{"x":0.833,"y":0.833},"o":{"x":0.167,"y":0.166},"t":73,"s":[503.614,909.338,0],"to":[-0.061,-0.2,0],"ti":[0.049,0.204,0]},{"i":{"x":0.833,"y":0.833},"o":{"x":0.167,"y":0.166},"t":74,"s":[503.45,908.731,0],"to":[-0.049,-0.204,0],"ti":[0.037,0.207,0]},{"i":{"x":0.833,"y":0.834},"o":{"x":0.167,"y":0.167},"t":75,"s":[503.322,908.113,0],"to":[-0.037,-0.207,0],"ti":[0.026,0.208,0]},{"i":{"x":0.833,"y":0.835},"o":{"x":0.167,"y":0.167},"t":76,"s":[503.228,907.489,0],"to":[-0.026,-0.208,0],"ti":[0.016,0.207,0]},{"i":{"x":0.833,"y":0.835},"o":{"x":0.167,"y":0.168},"t":77,"s":[503.167,906.866,0],"to":[-0.016,-0.207,0],"ti":[0.007,0.203,0]},{"i":{"x":0.833,"y":0.836},"o":{"x":0.167,"y":0.169},"t":78,"s":[503.134,906.25,0],"to":[-0.007,-0.203,0],"ti":[-0.002,0.198,0]},{"i":{"x":0.833,"y":0.837},"o":{"x":0.167,"y":0.169},"t":79,"s":[503.127,905.646,0],"to":[0.002,-0.198,0],"ti":[-0.009,0.19,0]},{"i":{"x":0.833,"y":0.838},"o":{"x":0.167,"y":0.17},"t":80,"s":[503.144,905.062,0],"to":[0.009,-0.19,0],"ti":[-0.015,0.181,0]},{"i":{"x":0.833,"y":0.839},"o":{"x":0.167,"y":0.172},"t":81,"s":[503.181,904.504,0],"to":[0.015,-0.181,0],"ti":[-0.02,0.169,0]},{"i":{"x":0.833,"y":0.841},"o":{"x":0.167,"y":0.173},"t":82,"s":[503.234,903.978,0],"to":[0.02,-0.169,0],"ti":[-0.024,0.155,0]},{"i":{"x":0.833,"y":0.843},"o":{"x":0.167,"y":0.175},"t":83,"s":[503.301,903.491,0],"to":[0.024,-0.155,0],"ti":[-0.027,0.138,0]},{"i":{"x":0.833,"y":0.845},"o":{"x":0.167,"y":0.177},"t":84,"s":[503.379,903.05,0],"to":[0.027,-0.138,0],"ti":[-0.029,0.12,0]},{"i":{"x":0.833,"y":0.848},"o":{"x":0.167,"y":0.18},"t":85,"s":[503.463,902.661,0],"to":[0.029,-0.12,0],"ti":[-0.029,0.099,0]},{"i":{"x":0.833,"y":0.853},"o":{"x":0.167,"y":0.185},"t":86,"s":[503.551,902.331,0],"to":[0.029,-0.099,0],"ti":[-0.029,0.077,0]},{"i":{"x":0.833,"y":0.861},"o":{"x":0.167,"y":0.193},"t":87,"s":[503.639,902.065,0],"to":[0.029,-0.077,0],"ti":[-0.027,0.052,0]},{"i":{"x":0.833,"y":0.87},"o":{"x":0.167,"y":0.208},"t":88,"s":[503.724,901.871,0],"to":[0.027,-0.052,0],"ti":[-0.024,0.025,0]},{"i":{"x":0.833,"y":0.833},"o":{"x":0.167,"y":0.232},"t":89,"s":[503.802,901.753,0],"to":[0.024,-0.025,0],"ti":[-0.02,-0.003,0]},{"i":{"x":0.833,"y":0.757},"o":{"x":0.167,"y":0.167},"t":90,"s":[503.87,901.719,0],"to":[0.02,0.003,0],"ti":[-0.016,-0.033,0]},{"i":{"x":0.833,"y":0.782},"o":{"x":0.167,"y":0.127},"t":91,"s":[503.925,901.772,0],"to":[0.016,0.033,0],"ti":[-0.01,-0.065,0]},{"i":{"x":0.833,"y":0.799},"o":{"x":0.167,"y":0.135},"t":92,"s":[503.963,901.919,0],"to":[0.01,0.065,0],"ti":[-0.003,-0.099,0]},{"i":{"x":0.833,"y":0.808},"o":{"x":0.167,"y":0.142},"t":93,"s":[503.982,902.164,0],"to":[0.003,0.099,0],"ti":[0.005,-0.134,0]},{"i":{"x":0.833,"y":0.813},"o":{"x":0.167,"y":0.147},"t":94,"s":[503.978,902.512,0],"to":[-0.005,0.134,0],"ti":[0.014,-0.17,0]},{"i":{"x":0.833,"y":0.816},"o":{"x":0.167,"y":0.15},"t":95,"s":[503.949,902.966,0],"to":[-0.014,0.17,0],"ti":[0.024,-0.207,0]},{"i":{"x":0.833,"y":0.819},"o":{"x":0.167,"y":0.153},"t":96,"s":[503.892,903.531,0],"to":[-0.024,0.207,0],"ti":[0.035,-0.246,0]},{"i":{"x":0.833,"y":0.821},"o":{"x":0.167,"y":0.154},"t":97,"s":[503.805,904.21,0],"to":[-0.035,0.246,0],"ti":[0.046,-0.285,0]},{"i":{"x":0.833,"y":0.822},"o":{"x":0.167,"y":0.156},"t":98,"s":[503.684,905.004,0],"to":[-0.046,0.285,0],"ti":[0.058,-0.324,0]},{"i":{"x":0.833,"y":0.823},"o":{"x":0.167,"y":0.157},"t":99,"s":[503.529,905.917,0],"to":[-0.058,0.324,0],"ti":[0.07,-0.364,0]},{"i":{"x":0.833,"y":0.824},"o":{"x":0.167,"y":0.158},"t":100,"s":[503.337,906.95,0],"to":[-0.07,0.364,0],"ti":[0.083,-0.405,0]},{"i":{"x":0.833,"y":0.825},"o":{"x":0.167,"y":0.159},"t":101,"s":[503.106,908.104,0],"to":[-0.083,0.405,0],"ti":[0.097,-0.445,0]},{"i":{"x":0.833,"y":0.826},"o":{"x":0.167,"y":0.159},"t":102,"s":[502.836,909.378,0],"to":[-0.097,0.445,0],"ti":[0.111,-0.485,0]},{"i":{"x":0.833,"y":0.827},"o":{"x":0.167,"y":0.16},"t":103,"s":[502.525,910.773,0],"to":[-0.111,0.485,0],"ti":[0.125,-0.524,0]},{"i":{"x":0.833,"y":0.827},"o":{"x":0.167,"y":0.161},"t":104,"s":[502.172,912.287,0],"to":[-0.125,0.524,0],"ti":[0.139,-0.563,0]},{"i":{"x":0.833,"y":0.828},"o":{"x":0.167,"y":0.161},"t":105,"s":[501.777,913.919,0],"to":[-0.139,0.563,0],"ti":[0.153,-0.601,0]},{"i":{"x":0.833,"y":0.828},"o":{"x":0.167,"y":0.162},"t":106,"s":[501.34,915.665,0],"to":[-0.153,0.601,0],"ti":[0.167,-0.637,0]},{"i":{"x":0.833,"y":0.829},"o":{"x":0.167,"y":0.162},"t":107,"s":[500.861,917.523,0],"to":[-0.167,0.637,0],"ti":[0.18,-0.672,0]},{"i":{"x":0.833,"y":0.829},"o":{"x":0.167,"y":0.162},"t":108,"s":[500.341,919.487,0],"to":[-0.18,0.672,0],"ti":[0.193,-0.705,0]},{"i":{"x":0.833,"y":0.83},"o":{"x":0.167,"y":0.163},"t":109,"s":[499.78,921.553,0],"to":[-0.193,0.705,0],"ti":[0.206,-0.735,0]},{"i":{"x":0.833,"y":0.83},"o":{"x":0.167,"y":0.163},"t":110,"s":[499.18,923.714,0],"to":[-0.206,0.735,0],"ti":[0.218,-0.763,0]},{"i":{"x":0.833,"y":0.831},"o":{"x":0.167,"y":0.164},"t":111,"s":[498.543,925.963,0],"to":[-0.218,0.763,0],"ti":[0.229,-0.788,0]},{"i":{"x":0.833,"y":0.831},"o":{"x":0.167,"y":0.164},"t":112,"s":[497.871,928.292,0],"to":[-0.229,0.788,0],"ti":[0.24,-0.81,0]},{"i":{"x":0.833,"y":0.832},"o":{"x":0.167,"y":0.165},"t":113,"s":[497.166,930.692,0],"to":[-0.24,0.81,0],"ti":[0.249,-0.828,0]},{"i":{"x":0.833,"y":0.832},"o":{"x":0.167,"y":0.165},"t":114,"s":[496.433,933.152,0],"to":[-0.249,0.828,0],"ti":[0.256,-0.842,0]},{"i":{"x":0.833,"y":0.833},"o":{"x":0.167,"y":0.165},"t":115,"s":[495.674,935.661,0],"to":[-0.256,0.842,0],"ti":[0.263,-0.852,0]},{"i":{"x":0.833,"y":0.833},"o":{"x":0.167,"y":0.166},"t":116,"s":[494.895,938.206,0],"to":[-0.263,0.852,0],"ti":[0.267,-0.857,0]},{"i":{"x":0.833,"y":0.834},"o":{"x":0.167,"y":0.166},"t":117,"s":[494.099,940.774,0],"to":[-0.267,0.857,0],"ti":[0.27,-0.857,0]},{"i":{"x":0.833,"y":0.833},"o":{"x":0.167,"y":0.167},"t":118,"s":[493.292,943.35,0],"to":[-0.27,0.857,0],"ti":[0.135,-0.428,0]},{"t":119.000004846969,"s":[492.479,945.917,0]}],"ix":2},"a":{"a":0,"k":[259.5,133,0],"ix":1},"s":{"a":0,"k":[100,100,100],"ix":6}},"ao":0,"ip":0,"op":120.0000048877,"st":0,"bm":0},{"ddd":0,"ind":5,"ty":0,"nm":"lights","refId":"comp_1","sr":1,"ks":{"o":{"a":0,"k":100,"ix":11},"r":{"a":0,"k":0,"ix":10},"p":{"a":0,"k":[832,682,0],"ix":2},"a":{"a":0,"k":[182,310.5,0],"ix":1},"s":{"a":0,"k":[100,100,100],"ix":6}},"ao":0,"w":364,"h":621,"ip":0,"op":120.0000048877,"st":0,"bm":0},{"ddd":0,"ind":6,"ty":2,"nm":"server","refId":"image_5","sr":1,"ks":{"o":{"a":0,"k":100,"ix":11},"r":{"a":0,"k":0,"ix":10},"p":{"a":0,"k":[835,684.5,0],"ix":2},"a":{"a":0,"k":[296.5,388.5,0],"ix":1},"s":{"a":0,"k":[100,100,100],"ix":6}},"ao":0,"ip":0,"op":120.0000048877,"st":0,"bm":0},{"ddd":0,"ind":7,"ty":2,"nm":"cloud2.png","cl":"png","refId":"image_6","sr":1,"ks":{"o":{"a":0,"k":100,"ix":11},"r":{"a":0,"k":0,"ix":10},"p":{"a":1,"k":[{"i":{"x":0.833,"y":0.84},"o":{"x":0.167,"y":0.167},"t":0,"s":[1226.606,527.505,0],"to":[0.005,-0.04,0],"ti":[0.015,0.071,0]},{"i":{"x":0.833,"y":0.806},"o":{"x":0.167,"y":0.174},"t":1,"s":[1226.634,527.265,0],"to":[-0.015,-0.071,0],"ti":[0.064,0.051,0]},{"i":{"x":0.833,"y":0.802},"o":{"x":0.167,"y":0.146},"t":2,"s":[1226.516,527.081,0],"to":[-0.064,-0.051,0],"ti":[0.112,0.029,0]},{"i":{"x":0.833,"y":0.829},"o":{"x":0.167,"y":0.144},"t":3,"s":[1226.248,526.959,0],"to":[-0.112,-0.029,0],"ti":[0.138,0.002,0]},{"i":{"x":0.833,"y":0.829},"o":{"x":0.167,"y":0.162},"t":4,"s":[1225.845,526.909,0],"to":[-0.138,-0.002,0],"ti":[0.144,-0.025,0]},{"i":{"x":0.833,"y":0.828},"o":{"x":0.167,"y":0.163},"t":5,"s":[1225.418,526.945,0],"to":[-0.144,0.025,0],"ti":[0.146,-0.049,0]},{"i":{"x":0.833,"y":0.828},"o":{"x":0.167,"y":0.162},"t":6,"s":[1224.984,527.057,0],"to":[-0.146,0.049,0],"ti":[0.148,-0.069,0]},{"i":{"x":0.833,"y":0.828},"o":{"x":0.167,"y":0.162},"t":7,"s":[1224.542,527.236,0],"to":[-0.148,0.069,0],"ti":[0.151,-0.087,0]},{"i":{"x":0.833,"y":0.829},"o":{"x":0.167,"y":0.162},"t":8,"s":[1224.094,527.473,0],"to":[-0.151,0.087,0],"ti":[0.153,-0.102,0]},{"i":{"x":0.833,"y":0.83},"o":{"x":0.167,"y":0.163},"t":9,"s":[1223.639,527.758,0],"to":[-0.153,0.102,0],"ti":[0.155,-0.115,0]},{"i":{"x":0.833,"y":0.83},"o":{"x":0.167,"y":0.163},"t":10,"s":[1223.178,528.085,0],"to":[-0.155,0.115,0],"ti":[0.157,-0.125,0]},{"i":{"x":0.833,"y":0.831},"o":{"x":0.167,"y":0.164},"t":11,"s":[1222.71,528.446,0],"to":[-0.157,0.125,0],"ti":[0.159,-0.133,0]},{"i":{"x":0.833,"y":0.831},"o":{"x":0.167,"y":0.164},"t":12,"s":[1222.237,528.834,0],"to":[-0.159,0.133,0],"ti":[0.161,-0.139,0]},{"i":{"x":0.833,"y":0.832},"o":{"x":0.167,"y":0.165},"t":13,"s":[1221.757,529.242,0],"to":[-0.161,0.139,0],"ti":[0.163,-0.143,0]},{"i":{"x":0.833,"y":0.832},"o":{"x":0.167,"y":0.165},"t":14,"s":[1221.272,529.666,0],"to":[-0.163,0.143,0],"ti":[0.165,-0.146,0]},{"i":{"x":0.833,"y":0.833},"o":{"x":0.167,"y":0.166},"t":15,"s":[1220.78,530.1,0],"to":[-0.165,0.146,0],"ti":[0.167,-0.147,0]},{"i":{"x":0.833,"y":0.833},"o":{"x":0.167,"y":0.166},"t":16,"s":[1220.281,530.539,0],"to":[-0.167,0.147,0],"ti":[0.169,-0.147,0]},{"i":{"x":0.833,"y":0.833},"o":{"x":0.167,"y":0.166},"t":17,"s":[1219.776,530.98,0],"to":[-0.169,0.147,0],"ti":[0.172,-0.145,0]},{"i":{"x":0.833,"y":0.833},"o":{"x":0.167,"y":0.166},"t":18,"s":[1219.264,531.419,0],"to":[-0.172,0.145,0],"ti":[0.174,-0.143,0]},{"i":{"x":0.833,"y":0.833},"o":{"x":0.167,"y":0.167},"t":19,"s":[1218.746,531.852,0],"to":[-0.174,0.143,0],"ti":[0.177,-0.14,0]},{"i":{"x":0.833,"y":0.833},"o":{"x":0.167,"y":0.167},"t":20,"s":[1218.22,532.277,0],"to":[-0.177,0.14,0],"ti":[0.179,-0.136,0]},{"i":{"x":0.833,"y":0.834},"o":{"x":0.167,"y":0.167},"t":21,"s":[1217.686,532.691,0],"to":[-0.179,0.136,0],"ti":[0.182,-0.132,0]},{"i":{"x":0.833,"y":0.834},"o":{"x":0.167,"y":0.167},"t":22,"s":[1217.144,533.093,0],"to":[-0.182,0.132,0],"ti":[0.185,-0.127,0]},{"i":{"x":0.833,"y":0.834},"o":{"x":0.167,"y":0.167},"t":23,"s":[1216.595,533.48,0],"to":[-0.185,0.127,0],"ti":[0.188,-0.121,0]},{"i":{"x":0.833,"y":0.833},"o":{"x":0.167,"y":0.167},"t":24,"s":[1216.036,533.852,0],"to":[-0.188,0.121,0],"ti":[0.191,-0.116,0]},{"i":{"x":0.833,"y":0.833},"o":{"x":0.167,"y":0.167},"t":25,"s":[1215.469,534.207,0],"to":[-0.191,0.116,0],"ti":[0.194,-0.11,0]},{"i":{"x":0.833,"y":0.833},"o":{"x":0.167,"y":0.167},"t":26,"s":[1214.893,534.546,0],"to":[-0.194,0.11,0],"ti":[0.197,-0.104,0]},{"i":{"x":0.833,"y":0.833},"o":{"x":0.167,"y":0.167},"t":27,"s":[1214.307,534.866,0],"to":[-0.197,0.104,0],"ti":[0.2,-0.098,0]},{"i":{"x":0.833,"y":0.833},"o":{"x":0.167,"y":0.167},"t":28,"s":[1213.711,535.169,0],"to":[-0.2,0.098,0],"ti":[0.204,-0.092,0]},{"i":{"x":0.833,"y":0.833},"o":{"x":0.167,"y":0.166},"t":29,"s":[1213.105,535.453,0],"to":[-0.204,0.092,0],"ti":[0.207,-0.086,0]},{"i":{"x":0.833,"y":0.833},"o":{"x":0.167,"y":0.166},"t":30,"s":[1212.489,535.721,0],"to":[-0.207,0.086,0],"ti":[0.211,-0.081,0]},{"i":{"x":0.833,"y":0.833},"o":{"x":0.167,"y":0.166},"t":31,"s":[1211.862,535.971,0],"to":[-0.211,0.081,0],"ti":[0.215,-0.075,0]},{"i":{"x":0.833,"y":0.833},"o":{"x":0.167,"y":0.166},"t":32,"s":[1211.224,536.204,0],"to":[-0.215,0.075,0],"ti":[0.218,-0.07,0]},{"i":{"x":0.833,"y":0.832},"o":{"x":0.167,"y":0.166},"t":33,"s":[1210.574,536.422,0],"to":[-0.218,0.07,0],"ti":[0.222,-0.065,0]},{"i":{"x":0.833,"y":0.832},"o":{"x":0.167,"y":0.166},"t":34,"s":[1209.913,536.625,0],"to":[-0.222,0.065,0],"ti":[0.226,-0.061,0]},{"i":{"x":0.833,"y":0.832},"o":{"x":0.167,"y":0.166},"t":35,"s":[1209.241,536.815,0],"to":[-0.226,0.061,0],"ti":[0.23,-0.057,0]},{"i":{"x":0.833,"y":0.832},"o":{"x":0.167,"y":0.166},"t":36,"s":[1208.556,536.991,0],"to":[-0.23,0.057,0],"ti":[0.234,-0.053,0]},{"i":{"x":0.833,"y":0.832},"o":{"x":0.167,"y":0.166},"t":37,"s":[1207.86,537.156,0],"to":[-0.234,0.053,0],"ti":[0.238,-0.05,0]},{"i":{"x":0.833,"y":0.832},"o":{"x":0.167,"y":0.166},"t":38,"s":[1207.152,537.31,0],"to":[-0.238,0.05,0],"ti":[0.242,-0.047,0]},{"i":{"x":0.833,"y":0.832},"o":{"x":0.167,"y":0.166},"t":39,"s":[1206.432,537.456,0],"to":[-0.242,0.047,0],"ti":[0.246,-0.045,0]},{"i":{"x":0.833,"y":0.832},"o":{"x":0.167,"y":0.166},"t":40,"s":[1205.701,537.593,0],"to":[-0.246,0.045,0],"ti":[0.25,-0.042,0]},{"i":{"x":0.833,"y":0.832},"o":{"x":0.167,"y":0.166},"t":41,"s":[1204.957,537.723,0],"to":[-0.25,0.042,0],"ti":[0.253,-0.041,0]},{"i":{"x":0.833,"y":0.832},"o":{"x":0.167,"y":0.166},"t":42,"s":[1204.203,537.847,0],"to":[-0.253,0.041,0],"ti":[0.257,-0.039,0]},{"i":{"x":0.833,"y":0.832},"o":{"x":0.167,"y":0.166},"t":43,"s":[1203.437,537.966,0],"to":[-0.257,0.039,0],"ti":[0.261,-0.038,0]},{"i":{"x":0.833,"y":0.832},"o":{"x":0.167,"y":0.166},"t":44,"s":[1202.66,538.082,0],"to":[-0.261,0.038,0],"ti":[0.264,-0.037,0]},{"i":{"x":0.833,"y":0.832},"o":{"x":0.167,"y":0.166},"t":45,"s":[1201.873,538.195,0],"to":[-0.264,0.037,0],"ti":[0.267,-0.037,0]},{"i":{"x":0.833,"y":0.832},"o":{"x":0.167,"y":0.166},"t":46,"s":[1201.076,538.305,0],"to":[-0.267,0.037,0],"ti":[0.27,-0.036,0]},{"i":{"x":0.833,"y":0.833},"o":{"x":0.167,"y":0.166},"t":47,"s":[1200.27,538.414,0],"to":[-0.27,0.036,0],"ti":[0.273,-0.036,0]},{"i":{"x":0.833,"y":0.833},"o":{"x":0.167,"y":0.166},"t":48,"s":[1199.455,538.521,0],"to":[-0.273,0.036,0],"ti":[0.275,-0.035,0]},{"i":{"x":0.833,"y":0.833},"o":{"x":0.167,"y":0.166},"t":49,"s":[1198.633,538.627,0],"to":[-0.275,0.035,0],"ti":[0.278,-0.035,0]},{"i":{"x":0.833,"y":0.833},"o":{"x":0.167,"y":0.166},"t":50,"s":[1197.803,538.733,0],"to":[-0.278,0.035,0],"ti":[0.279,-0.034,0]},{"i":{"x":0.833,"y":0.833},"o":{"x":0.167,"y":0.166},"t":51,"s":[1196.967,538.836,0],"to":[-0.279,0.034,0],"ti":[0.281,-0.033,0]},{"i":{"x":0.833,"y":0.833},"o":{"x":0.167,"y":0.166},"t":52,"s":[1196.127,538.938,0],"to":[-0.281,0.033,0],"ti":[0.282,-0.032,0]},{"i":{"x":0.833,"y":0.833},"o":{"x":0.167,"y":0.166},"t":53,"s":[1195.283,539.037,0],"to":[-0.282,0.032,0],"ti":[0.282,-0.031,0]},{"i":{"x":0.833,"y":0.833},"o":{"x":0.167,"y":0.167},"t":54,"s":[1194.436,539.133,0],"to":[-0.282,0.031,0],"ti":[0.283,-0.029,0]},{"i":{"x":0.833,"y":0.834},"o":{"x":0.167,"y":0.167},"t":55,"s":[1193.588,539.223,0],"to":[-0.283,0.029,0],"ti":[0.282,-0.026,0]},{"i":{"x":0.833,"y":0.834},"o":{"x":0.167,"y":0.167},"t":56,"s":[1192.741,539.306,0],"to":[-0.282,0.026,0],"ti":[0.281,-0.023,0]},{"i":{"x":0.833,"y":0.834},"o":{"x":0.167,"y":0.167},"t":57,"s":[1191.896,539.38,0],"to":[-0.281,0.023,0],"ti":[0.279,-0.018,0]},{"i":{"x":0.833,"y":0.834},"o":{"x":0.167,"y":0.167},"t":58,"s":[1191.055,539.442,0],"to":[-0.279,0.018,0],"ti":[0.277,-0.013,0]},{"i":{"x":0.833,"y":0.834},"o":{"x":0.167,"y":0.168},"t":59,"s":[1190.22,539.49,0],"to":[-0.277,0.013,0],"ti":[0.274,-0.006,0]},{"i":{"x":0.833,"y":0.835},"o":{"x":0.167,"y":0.168},"t":60,"s":[1189.393,539.521,0],"to":[-0.274,0.006,0],"ti":[0.27,0.002,0]},{"i":{"x":0.833,"y":0.835},"o":{"x":0.167,"y":0.168},"t":61,"s":[1188.576,539.529,0],"to":[-0.27,-0.002,0],"ti":[0.266,0.011,0]},{"i":{"x":0.833,"y":0.836},"o":{"x":0.167,"y":0.168},"t":62,"s":[1187.771,539.511,0],"to":[-0.266,-0.011,0],"ti":[0.259,0.02,0]},{"i":{"x":0.833,"y":0.841},"o":{"x":0.167,"y":0.169},"t":63,"s":[1186.982,539.463,0],"to":[-0.259,-0.02,0],"ti":[0.243,0.021,0]},{"i":{"x":0.833,"y":0.843},"o":{"x":0.167,"y":0.175},"t":64,"s":[1186.219,539.389,0],"to":[-0.243,-0.021,0],"ti":[0.218,0.013,0]},{"i":{"x":0.833,"y":0.844},"o":{"x":0.167,"y":0.178},"t":65,"s":[1185.526,539.336,0],"to":[-0.218,-0.013,0],"ti":[0.191,0.005,0]},{"i":{"x":0.833,"y":0.846},"o":{"x":0.167,"y":0.179},"t":66,"s":[1184.913,539.31,0],"to":[-0.191,-0.005,0],"ti":[0.165,-0.003,0]},{"i":{"x":0.833,"y":0.847},"o":{"x":0.167,"y":0.181},"t":67,"s":[1184.379,539.308,0],"to":[-0.165,0.003,0],"ti":[0.139,-0.009,0]},{"i":{"x":0.833,"y":0.85},"o":{"x":0.167,"y":0.184},"t":68,"s":[1183.922,539.327,0],"to":[-0.139,0.009,0],"ti":[0.113,-0.014,0]},{"i":{"x":0.833,"y":0.853},"o":{"x":0.167,"y":0.187},"t":69,"s":[1183.545,539.363,0],"to":[-0.113,0.014,0],"ti":[0.087,-0.019,0]},{"i":{"x":0.833,"y":0.858},"o":{"x":0.167,"y":0.193},"t":70,"s":[1183.245,539.414,0],"to":[-0.087,0.019,0],"ti":[0.061,-0.022,0]},{"i":{"x":0.833,"y":0.863},"o":{"x":0.167,"y":0.202},"t":71,"s":[1183.022,539.476,0],"to":[-0.061,0.022,0],"ti":[0.036,-0.024,0]},{"i":{"x":0.833,"y":0.851},"o":{"x":0.167,"y":0.213},"t":72,"s":[1182.877,539.546,0],"to":[-0.036,0.024,0],"ti":[0.01,-0.026,0]},{"i":{"x":0.833,"y":0.8},"o":{"x":0.167,"y":0.189},"t":73,"s":[1182.808,539.622,0],"to":[-0.01,0.026,0],"ti":[-0.015,-0.026,0]},{"i":{"x":0.833,"y":0.79},"o":{"x":0.167,"y":0.143},"t":74,"s":[1182.814,539.701,0],"to":[0.015,0.026,0],"ti":[-0.04,-0.026,0]},{"i":{"x":0.833,"y":0.802},"o":{"x":0.167,"y":0.138},"t":75,"s":[1182.896,539.78,0],"to":[0.04,0.026,0],"ti":[-0.064,-0.025,0]},{"i":{"x":0.833,"y":0.81},"o":{"x":0.167,"y":0.144},"t":76,"s":[1183.052,539.856,0],"to":[0.064,0.025,0],"ti":[-0.088,-0.022,0]},{"i":{"x":0.833,"y":0.815},"o":{"x":0.167,"y":0.148},"t":77,"s":[1183.281,539.927,0],"to":[0.088,0.022,0],"ti":[-0.112,-0.02,0]},{"i":{"x":0.833,"y":0.818},"o":{"x":0.167,"y":0.152},"t":78,"s":[1183.583,539.99,0],"to":[0.112,0.02,0],"ti":[-0.136,-0.016,0]},{"i":{"x":0.833,"y":0.821},"o":{"x":0.167,"y":0.154},"t":79,"s":[1183.955,540.044,0],"to":[0.136,0.016,0],"ti":[-0.159,-0.012,0]},{"i":{"x":0.833,"y":0.823},"o":{"x":0.167,"y":0.156},"t":80,"s":[1184.398,540.086,0],"to":[0.159,0.012,0],"ti":[-0.181,-0.007,0]},{"i":{"x":0.833,"y":0.824},"o":{"x":0.167,"y":0.157},"t":81,"s":[1184.908,540.113,0],"to":[0.181,0.007,0],"ti":[-0.203,-0.001,0]},{"i":{"x":0.833,"y":0.825},"o":{"x":0.167,"y":0.158},"t":82,"s":[1185.486,540.125,0],"to":[0.203,0.001,0],"ti":[-0.225,0.005,0]},{"i":{"x":0.833,"y":0.826},"o":{"x":0.167,"y":0.159},"t":83,"s":[1186.129,540.118,0],"to":[0.225,-0.005,0],"ti":[-0.246,0.012,0]},{"i":{"x":0.833,"y":0.827},"o":{"x":0.167,"y":0.16},"t":84,"s":[1186.836,540.092,0],"to":[0.246,-0.012,0],"ti":[-0.266,0.019,0]},{"i":{"x":0.833,"y":0.827},"o":{"x":0.167,"y":0.161},"t":85,"s":[1187.604,540.045,0],"to":[0.266,-0.019,0],"ti":[-0.286,0.027,0]},{"i":{"x":0.833,"y":0.828},"o":{"x":0.167,"y":0.161},"t":86,"s":[1188.432,539.976,0],"to":[0.286,-0.027,0],"ti":[-0.304,0.035,0]},{"i":{"x":0.833,"y":0.828},"o":{"x":0.167,"y":0.162},"t":87,"s":[1189.317,539.883,0],"to":[0.304,-0.035,0],"ti":[-0.322,0.044,0]},{"i":{"x":0.833,"y":0.829},"o":{"x":0.167,"y":0.162},"t":88,"s":[1190.258,539.765,0],"to":[0.322,-0.044,0],"ti":[-0.339,0.052,0]},{"i":{"x":0.833,"y":0.829},"o":{"x":0.167,"y":0.162},"t":89,"s":[1191.251,539.621,0],"to":[0.339,-0.052,0],"ti":[-0.356,0.061,0]},{"i":{"x":0.833,"y":0.83},"o":{"x":0.167,"y":0.163},"t":90,"s":[1192.295,539.452,0],"to":[0.356,-0.061,0],"ti":[-0.371,0.07,0]},{"i":{"x":0.833,"y":0.83},"o":{"x":0.167,"y":0.163},"t":91,"s":[1193.386,539.255,0],"to":[0.371,-0.07,0],"ti":[-0.385,0.079,0]},{"i":{"x":0.833,"y":0.83},"o":{"x":0.167,"y":0.163},"t":92,"s":[1194.521,539.031,0],"to":[0.385,-0.079,0],"ti":[-0.399,0.088,0]},{"i":{"x":0.833,"y":0.831},"o":{"x":0.167,"y":0.164},"t":93,"s":[1195.698,538.78,0],"to":[0.399,-0.088,0],"ti":[-0.411,0.097,0]},{"i":{"x":0.833,"y":0.831},"o":{"x":0.167,"y":0.164},"t":94,"s":[1196.913,538.501,0],"to":[0.411,-0.097,0],"ti":[-0.422,0.106,0]},{"i":{"x":0.833,"y":0.831},"o":{"x":0.167,"y":0.164},"t":95,"s":[1198.163,538.195,0],"to":[0.422,-0.106,0],"ti":[-0.432,0.115,0]},{"i":{"x":0.833,"y":0.832},"o":{"x":0.167,"y":0.165},"t":96,"s":[1199.444,537.863,0],"to":[0.432,-0.115,0],"ti":[-0.44,0.123,0]},{"i":{"x":0.833,"y":0.832},"o":{"x":0.167,"y":0.165},"t":97,"s":[1200.752,537.505,0],"to":[0.44,-0.123,0],"ti":[-0.447,0.132,0]},{"i":{"x":0.833,"y":0.832},"o":{"x":0.167,"y":0.165},"t":98,"s":[1202.083,537.122,0],"to":[0.447,-0.132,0],"ti":[-0.453,0.139,0]},{"i":{"x":0.833,"y":0.832},"o":{"x":0.167,"y":0.165},"t":99,"s":[1203.434,536.716,0],"to":[0.453,-0.139,0],"ti":[-0.457,0.146,0]},{"i":{"x":0.833,"y":0.833},"o":{"x":0.167,"y":0.166},"t":100,"s":[1204.799,536.287,0],"to":[0.457,-0.146,0],"ti":[-0.46,0.153,0]},{"i":{"x":0.833,"y":0.833},"o":{"x":0.167,"y":0.166},"t":101,"s":[1206.175,535.837,0],"to":[0.46,-0.153,0],"ti":[-0.461,0.159,0]},{"i":{"x":0.833,"y":0.833},"o":{"x":0.167,"y":0.166},"t":102,"s":[1207.557,535.368,0],"to":[0.461,-0.159,0],"ti":[-0.46,0.164,0]},{"i":{"x":0.833,"y":0.834},"o":{"x":0.167,"y":0.167},"t":103,"s":[1208.938,534.883,0],"to":[0.46,-0.164,0],"ti":[-0.457,0.169,0]},{"i":{"x":0.833,"y":0.834},"o":{"x":0.167,"y":0.167},"t":104,"s":[1210.316,534.383,0],"to":[0.457,-0.169,0],"ti":[-0.453,0.172,0]},{"i":{"x":0.833,"y":0.834},"o":{"x":0.167,"y":0.167},"t":105,"s":[1211.683,533.872,0],"to":[0.453,-0.172,0],"ti":[-0.447,0.174,0]},{"i":{"x":0.833,"y":0.835},"o":{"x":0.167,"y":0.168},"t":106,"s":[1213.034,533.351,0],"to":[0.447,-0.174,0],"ti":[-0.439,0.176,0]},{"i":{"x":0.833,"y":0.835},"o":{"x":0.167,"y":0.168},"t":107,"s":[1214.364,532.826,0],"to":[0.439,-0.176,0],"ti":[-0.428,0.176,0]},{"i":{"x":0.833,"y":0.836},"o":{"x":0.167,"y":0.169},"t":108,"s":[1215.667,532.298,0],"to":[0.428,-0.176,0],"ti":[-0.416,0.174,0]},{"i":{"x":0.833,"y":0.836},"o":{"x":0.167,"y":0.169},"t":109,"s":[1216.935,531.772,0],"to":[0.416,-0.174,0],"ti":[-0.402,0.172,0]},{"i":{"x":0.833,"y":0.837},"o":{"x":0.167,"y":0.17},"t":110,"s":[1218.163,531.252,0],"to":[0.402,-0.172,0],"ti":[-0.385,0.167,0]},{"i":{"x":0.833,"y":0.838},"o":{"x":0.167,"y":0.17},"t":111,"s":[1219.344,530.743,0],"to":[0.385,-0.167,0],"ti":[-0.365,0.162,0]},{"i":{"x":0.833,"y":0.839},"o":{"x":0.167,"y":0.171},"t":112,"s":[1220.471,530.248,0],"to":[0.365,-0.162,0],"ti":[-0.344,0.154,0]},{"i":{"x":0.833,"y":0.84},"o":{"x":0.167,"y":0.172},"t":113,"s":[1221.536,529.773,0],"to":[0.344,-0.154,0],"ti":[-0.319,0.145,0]},{"i":{"x":0.833,"y":0.841},"o":{"x":0.167,"y":0.173},"t":114,"s":[1222.532,529.324,0],"to":[0.319,-0.145,0],"ti":[-0.292,0.133,0]},{"i":{"x":0.833,"y":0.843},"o":{"x":0.167,"y":0.175},"t":115,"s":[1223.452,528.906,0],"to":[0.292,-0.133,0],"ti":[-0.263,0.12,0]},{"i":{"x":0.833,"y":0.845},"o":{"x":0.167,"y":0.177},"t":116,"s":[1224.286,528.525,0],"to":[0.263,-0.12,0],"ti":[-0.23,0.104,0]},{"i":{"x":0.833,"y":0.848},"o":{"x":0.167,"y":0.18},"t":117,"s":[1225.028,528.188,0],"to":[0.23,-0.104,0],"ti":[-0.195,0.086,0]},{"i":{"x":0.833,"y":0.833},"o":{"x":0.167,"y":0.185},"t":118,"s":[1225.667,527.9,0],"to":[0.195,-0.086,0],"ti":[-0.088,0.038,0]},{"t":119.000004846969,"s":[1226.196,527.67,0]}],"ix":2},"a":{"a":0,"k":[265,159.5,0],"ix":1},"s":{"a":0,"k":[100,100,100],"ix":6}},"ao":0,"ip":0,"op":120.0000048877,"st":0,"bm":0},{"ddd":0,"ind":8,"ty":2,"nm":"management.png","cl":"png","parent":2,"refId":"image_7","sr":1,"ks":{"o":{"a":0,"k":100,"ix":11},"r":{"a":0,"k":0,"ix":10},"p":{"a":1,"k":[{"i":{"x":0.833,"y":0.834},"o":{"x":0.167,"y":0.167},"t":0,"s":[680.856,348.622,0],"to":[-0.019,0.017,0],"ti":[0.04,-0.033,0]},{"i":{"x":0.833,"y":0.834},"o":{"x":0.167,"y":0.167},"t":1,"s":[680.741,348.726,0],"to":[-0.04,0.033,0],"ti":[0.042,-0.029,0]},{"i":{"x":0.833,"y":0.833},"o":{"x":0.167,"y":0.167},"t":2,"s":[680.618,348.819,0],"to":[-0.042,0.029,0],"ti":[0.044,-0.025,0]},{"i":{"x":0.833,"y":0.833},"o":{"x":0.167,"y":0.167},"t":3,"s":[680.489,348.901,0],"to":[-0.044,0.025,0],"ti":[0.046,-0.022,0]},{"i":{"x":0.833,"y":0.832},"o":{"x":0.167,"y":0.166},"t":4,"s":[680.353,348.972,0],"to":[-0.046,0.022,0],"ti":[0.049,-0.018,0]},{"i":{"x":0.833,"y":0.832},"o":{"x":0.167,"y":0.166},"t":5,"s":[680.211,349.031,0],"to":[-0.049,0.018,0],"ti":[0.05,-0.013,0]},{"i":{"x":0.833,"y":0.832},"o":{"x":0.167,"y":0.165},"t":6,"s":[680.062,349.077,0],"to":[-0.05,0.013,0],"ti":[0.052,-0.009,0]},{"i":{"x":0.833,"y":0.831},"o":{"x":0.167,"y":0.165},"t":7,"s":[679.908,349.111,0],"to":[-0.052,0.009,0],"ti":[0.054,-0.005,0]},{"i":{"x":0.833,"y":0.831},"o":{"x":0.167,"y":0.165},"t":8,"s":[679.748,349.132,0],"to":[-0.054,0.005,0],"ti":[0.056,-0.001,0]},{"i":{"x":0.833,"y":0.831},"o":{"x":0.167,"y":0.164},"t":9,"s":[679.583,349.14,0],"to":[-0.056,0.001,0],"ti":[0.057,0.004,0]},{"i":{"x":0.833,"y":0.831},"o":{"x":0.167,"y":0.164},"t":10,"s":[679.414,349.136,0],"to":[-0.057,-0.004,0],"ti":[0.058,0.008,0]},{"i":{"x":0.833,"y":0.831},"o":{"x":0.167,"y":0.164},"t":11,"s":[679.241,349.118,0],"to":[-0.058,-0.008,0],"ti":[0.06,0.013,0]},{"i":{"x":0.833,"y":0.831},"o":{"x":0.167,"y":0.164},"t":12,"s":[679.064,349.086,0],"to":[-0.06,-0.013,0],"ti":[0.06,0.017,0]},{"i":{"x":0.833,"y":0.831},"o":{"x":0.167,"y":0.164},"t":13,"s":[678.884,349.042,0],"to":[-0.06,-0.017,0],"ti":[0.061,0.021,0]},{"i":{"x":0.833,"y":0.831},"o":{"x":0.167,"y":0.164},"t":14,"s":[678.701,348.984,0],"to":[-0.061,-0.021,0],"ti":[0.062,0.026,0]},{"i":{"x":0.833,"y":0.831},"o":{"x":0.167,"y":0.164},"t":15,"s":[678.516,348.913,0],"to":[-0.062,-0.026,0],"ti":[0.062,0.03,0]},{"i":{"x":0.833,"y":0.831},"o":{"x":0.167,"y":0.164},"t":16,"s":[678.33,348.828,0],"to":[-0.062,-0.03,0],"ti":[0.062,0.035,0]},{"i":{"x":0.833,"y":0.831},"o":{"x":0.167,"y":0.164},"t":17,"s":[678.143,348.731,0],"to":[-0.062,-0.035,0],"ti":[0.062,0.039,0]},{"i":{"x":0.833,"y":0.831},"o":{"x":0.167,"y":0.164},"t":18,"s":[677.956,348.619,0],"to":[-0.062,-0.039,0],"ti":[0.062,0.044,0]},{"i":{"x":0.833,"y":0.831},"o":{"x":0.167,"y":0.164},"t":19,"s":[677.769,348.495,0],"to":[-0.062,-0.044,0],"ti":[0.062,0.048,0]},{"i":{"x":0.833,"y":0.831},"o":{"x":0.167,"y":0.164},"t":20,"s":[677.583,348.357,0],"to":[-0.062,-0.048,0],"ti":[0.061,0.053,0]},{"i":{"x":0.833,"y":0.831},"o":{"x":0.167,"y":0.164},"t":21,"s":[677.399,348.205,0],"to":[-0.061,-0.053,0],"ti":[0.06,0.057,0]},{"i":{"x":0.833,"y":0.831},"o":{"x":0.167,"y":0.164},"t":22,"s":[677.218,348.04,0],"to":[-0.06,-0.057,0],"ti":[0.059,0.062,0]},{"i":{"x":0.833,"y":0.831},"o":{"x":0.167,"y":0.164},"t":23,"s":[677.04,347.862,0],"to":[-0.059,-0.062,0],"ti":[0.057,0.067,0]},{"i":{"x":0.833,"y":0.831},"o":{"x":0.167,"y":0.164},"t":24,"s":[676.866,347.669,0],"to":[-0.057,-0.067,0],"ti":[0.055,0.071,0]},{"i":{"x":0.833,"y":0.831},"o":{"x":0.167,"y":0.164},"t":25,"s":[676.698,347.462,0],"to":[-0.055,-0.071,0],"ti":[0.053,0.076,0]},{"i":{"x":0.833,"y":0.831},"o":{"x":0.167,"y":0.164},"t":26,"s":[676.535,347.241,0],"to":[-0.053,-0.076,0],"ti":[0.051,0.081,0]},{"i":{"x":0.833,"y":0.831},"o":{"x":0.167,"y":0.164},"t":27,"s":[676.379,347.006,0],"to":[-0.051,-0.081,0],"ti":[0.048,0.086,0]},{"i":{"x":0.833,"y":0.831},"o":{"x":0.167,"y":0.164},"t":28,"s":[676.231,346.755,0],"to":[-0.048,-0.086,0],"ti":[0.045,0.091,0]},{"i":{"x":0.833,"y":0.83},"o":{"x":0.167,"y":0.164},"t":29,"s":[676.091,346.489,0],"to":[-0.045,-0.091,0],"ti":[0.041,0.097,0]},{"i":{"x":0.833,"y":0.83},"o":{"x":0.167,"y":0.164},"t":30,"s":[675.962,346.208,0],"to":[-0.041,-0.097,0],"ti":[0.038,0.102,0]},{"i":{"x":0.833,"y":0.83},"o":{"x":0.167,"y":0.164},"t":31,"s":[675.843,345.909,0],"to":[-0.038,-0.102,0],"ti":[0.033,0.108,0]},{"i":{"x":0.833,"y":0.837},"o":{"x":0.167,"y":0.164},"t":32,"s":[675.736,345.594,0],"to":[-0.033,-0.108,0],"ti":[0.03,0.108,0]},{"i":{"x":0.833,"y":0.84},"o":{"x":0.167,"y":0.17},"t":33,"s":[675.642,345.262,0],"to":[-0.03,-0.108,0],"ti":[0.027,0.102,0]},{"i":{"x":0.833,"y":0.84},"o":{"x":0.167,"y":0.174},"t":34,"s":[675.558,344.943,0],"to":[-0.027,-0.102,0],"ti":[0.025,0.094,0]},{"i":{"x":0.833,"y":0.841},"o":{"x":0.167,"y":0.174},"t":35,"s":[675.481,344.649,0],"to":[-0.025,-0.094,0],"ti":[0.022,0.086,0]},{"i":{"x":0.833,"y":0.841},"o":{"x":0.167,"y":0.175},"t":36,"s":[675.41,344.379,0],"to":[-0.022,-0.086,0],"ti":[0.021,0.079,0]},{"i":{"x":0.833,"y":0.841},"o":{"x":0.167,"y":0.175},"t":37,"s":[675.346,344.132,0],"to":[-0.021,-0.079,0],"ti":[0.019,0.071,0]},{"i":{"x":0.833,"y":0.842},"o":{"x":0.167,"y":0.176},"t":38,"s":[675.287,343.907,0],"to":[-0.019,-0.071,0],"ti":[0.017,0.064,0]},{"i":{"x":0.833,"y":0.843},"o":{"x":0.167,"y":0.176},"t":39,"s":[675.233,343.705,0],"to":[-0.017,-0.064,0],"ti":[0.016,0.057,0]},{"i":{"x":0.833,"y":0.843},"o":{"x":0.167,"y":0.177},"t":40,"s":[675.184,343.524,0],"to":[-0.016,-0.057,0],"ti":[0.014,0.05,0]},{"i":{"x":0.833,"y":0.844},"o":{"x":0.167,"y":0.178},"t":41,"s":[675.14,343.363,0],"to":[-0.014,-0.05,0],"ti":[0.013,0.044,0]},{"i":{"x":0.833,"y":0.845},"o":{"x":0.167,"y":0.179},"t":42,"s":[675.1,343.221,0],"to":[-0.013,-0.044,0],"ti":[0.011,0.038,0]},{"i":{"x":0.833,"y":0.846},"o":{"x":0.167,"y":0.18},"t":43,"s":[675.063,343.098,0],"to":[-0.011,-0.038,0],"ti":[0.01,0.032,0]},{"i":{"x":0.833,"y":0.848},"o":{"x":0.167,"y":0.182},"t":44,"s":[675.031,342.993,0],"to":[-0.01,-0.032,0],"ti":[0.009,0.027,0]},{"i":{"x":0.833,"y":0.85},"o":{"x":0.167,"y":0.184},"t":45,"s":[675.002,342.904,0],"to":[-0.009,-0.027,0],"ti":[0.008,0.022,0]},{"i":{"x":0.833,"y":0.853},"o":{"x":0.167,"y":0.187},"t":46,"s":[674.978,342.831,0],"to":[-0.008,-0.022,0],"ti":[0.006,0.017,0]},{"i":{"x":0.833,"y":0.857},"o":{"x":0.167,"y":0.192},"t":47,"s":[674.957,342.773,0],"to":[-0.006,-0.017,0],"ti":[0.005,0.013,0]},{"i":{"x":0.833,"y":0.864},"o":{"x":0.167,"y":0.199},"t":48,"s":[674.94,342.729,0],"to":[-0.005,-0.013,0],"ti":[0.004,0.009,0]},{"i":{"x":0.833,"y":0.878},"o":{"x":0.167,"y":0.214},"t":49,"s":[674.927,342.697,0],"to":[-0.004,-0.009,0],"ti":[0.002,0.005,0]},{"i":{"x":0.833,"y":0.895},"o":{"x":0.167,"y":0.261},"t":50,"s":[674.918,342.677,0],"to":[-0.002,-0.005,0],"ti":[0.001,0.001,0]},{"i":{"x":0.833,"y":0.602},"o":{"x":0.167,"y":0.391},"t":51,"s":[674.914,342.668,0],"to":[-0.001,-0.001,0],"ti":[-0.001,-0.002,0]},{"i":{"x":0.833,"y":0.761},"o":{"x":0.167,"y":0.104},"t":52,"s":[674.914,342.669,0],"to":[0.001,0.002,0],"ti":[-0.002,-0.004,0]},{"i":{"x":0.833,"y":0.798},"o":{"x":0.167,"y":0.128},"t":53,"s":[674.919,342.678,0],"to":[0.002,0.004,0],"ti":[-0.004,-0.007,0]},{"i":{"x":0.833,"y":0.81},"o":{"x":0.167,"y":0.142},"t":54,"s":[674.928,342.695,0],"to":[0.004,0.007,0],"ti":[-0.006,-0.009,0]},{"i":{"x":0.833,"y":0.817},"o":{"x":0.167,"y":0.149},"t":55,"s":[674.943,342.718,0],"to":[0.006,0.009,0],"ti":[-0.008,-0.01,0]},{"i":{"x":0.833,"y":0.821},"o":{"x":0.167,"y":0.153},"t":56,"s":[674.963,342.747,0],"to":[0.008,0.01,0],"ti":[-0.01,-0.012,0]},{"i":{"x":0.833,"y":0.823},"o":{"x":0.167,"y":0.156},"t":57,"s":[674.989,342.78,0],"to":[0.01,0.012,0],"ti":[-0.012,-0.013,0]},{"i":{"x":0.833,"y":0.825},"o":{"x":0.167,"y":0.157},"t":58,"s":[675.021,342.817,0],"to":[0.012,0.013,0],"ti":[-0.014,-0.013,0]},{"i":{"x":0.833,"y":0.826},"o":{"x":0.167,"y":0.159},"t":59,"s":[675.059,342.857,0],"to":[0.014,0.013,0],"ti":[-0.016,-0.014,0]},{"i":{"x":0.833,"y":0.827},"o":{"x":0.167,"y":0.16},"t":60,"s":[675.104,342.898,0],"to":[0.016,0.014,0],"ti":[-0.018,-0.014,0]},{"i":{"x":0.833,"y":0.827},"o":{"x":0.167,"y":0.161},"t":61,"s":[675.155,342.94,0],"to":[0.018,0.014,0],"ti":[-0.02,-0.014,0]},{"i":{"x":0.833,"y":0.828},"o":{"x":0.167,"y":0.161},"t":62,"s":[675.213,342.981,0],"to":[0.02,0.014,0],"ti":[-0.023,-0.013,0]},{"i":{"x":0.833,"y":0.828},"o":{"x":0.167,"y":0.161},"t":63,"s":[675.278,343.021,0],"to":[0.023,0.013,0],"ti":[-0.025,-0.012,0]},{"i":{"x":0.833,"y":0.828},"o":{"x":0.167,"y":0.162},"t":64,"s":[675.35,343.06,0],"to":[0.025,0.012,0],"ti":[-0.028,-0.011,0]},{"i":{"x":0.833,"y":0.828},"o":{"x":0.167,"y":0.162},"t":65,"s":[675.429,343.095,0],"to":[0.028,0.011,0],"ti":[-0.03,-0.01,0]},{"i":{"x":0.833,"y":0.828},"o":{"x":0.167,"y":0.162},"t":66,"s":[675.516,343.127,0],"to":[0.03,0.01,0],"ti":[-0.033,-0.008,0]},{"i":{"x":0.833,"y":0.828},"o":{"x":0.167,"y":0.162},"t":67,"s":[675.61,343.155,0],"to":[0.033,0.008,0],"ti":[-0.035,-0.007,0]},{"i":{"x":0.833,"y":0.828},"o":{"x":0.167,"y":0.162},"t":68,"s":[675.712,343.177,0],"to":[0.035,0.007,0],"ti":[-0.038,-0.005,0]},{"i":{"x":0.833,"y":0.828},"o":{"x":0.167,"y":0.162},"t":69,"s":[675.822,343.194,0],"to":[0.038,0.005,0],"ti":[-0.04,-0.002,0]},{"i":{"x":0.833,"y":0.829},"o":{"x":0.167,"y":0.162},"t":70,"s":[675.938,343.205,0],"to":[0.04,0.002,0],"ti":[-0.043,0,0]},{"i":{"x":0.833,"y":0.829},"o":{"x":0.167,"y":0.162},"t":71,"s":[676.062,343.209,0],"to":[0.043,0,0],"ti":[-0.045,0.002,0]},{"i":{"x":0.833,"y":0.829},"o":{"x":0.167,"y":0.162},"t":72,"s":[676.193,343.206,0],"to":[0.045,-0.002,0],"ti":[-0.047,0.005,0]},{"i":{"x":0.833,"y":0.829},"o":{"x":0.167,"y":0.162},"t":73,"s":[676.331,343.195,0],"to":[0.047,-0.005,0],"ti":[-0.049,0.008,0]},{"i":{"x":0.833,"y":0.829},"o":{"x":0.167,"y":0.163},"t":74,"s":[676.476,343.176,0],"to":[0.049,-0.008,0],"ti":[-0.051,0.01,0]},{"i":{"x":0.833,"y":0.83},"o":{"x":0.167,"y":0.163},"t":75,"s":[676.626,343.149,0],"to":[0.051,-0.01,0],"ti":[-0.053,0.013,0]},{"i":{"x":0.833,"y":0.83},"o":{"x":0.167,"y":0.163},"t":76,"s":[676.783,343.113,0],"to":[0.053,-0.013,0],"ti":[-0.055,0.016,0]},{"i":{"x":0.833,"y":0.83},"o":{"x":0.167,"y":0.163},"t":77,"s":[676.945,343.069,0],"to":[0.055,-0.016,0],"ti":[-0.056,0.019,0]},{"i":{"x":0.833,"y":0.831},"o":{"x":0.167,"y":0.164},"t":78,"s":[677.111,343.016,0],"to":[0.056,-0.019,0],"ti":[-0.057,0.022,0]},{"i":{"x":0.833,"y":0.831},"o":{"x":0.167,"y":0.164},"t":79,"s":[677.281,342.954,0],"to":[0.057,-0.022,0],"ti":[-0.058,0.025,0]},{"i":{"x":0.833,"y":0.831},"o":{"x":0.167,"y":0.164},"t":80,"s":[677.454,342.884,0],"to":[0.058,-0.025,0],"ti":[-0.059,0.028,0]},{"i":{"x":0.833,"y":0.832},"o":{"x":0.167,"y":0.165},"t":81,"s":[677.63,342.805,0],"to":[0.059,-0.028,0],"ti":[-0.059,0.03,0]},{"i":{"x":0.833,"y":0.832},"o":{"x":0.167,"y":0.165},"t":82,"s":[677.807,342.718,0],"to":[0.059,-0.03,0],"ti":[-0.059,0.033,0]},{"i":{"x":0.833,"y":0.833},"o":{"x":0.167,"y":0.166},"t":83,"s":[677.984,342.623,0],"to":[0.059,-0.033,0],"ti":[-0.058,0.035,0]},{"i":{"x":0.833,"y":0.833},"o":{"x":0.167,"y":0.166},"t":84,"s":[678.161,342.521,0],"to":[0.058,-0.035,0],"ti":[-0.057,0.037,0]},{"i":{"x":0.833,"y":0.834},"o":{"x":0.167,"y":0.167},"t":85,"s":[678.335,342.412,0],"to":[0.057,-0.037,0],"ti":[-0.056,0.039,0]},{"i":{"x":0.833,"y":0.834},"o":{"x":0.167,"y":0.167},"t":86,"s":[678.505,342.297,0],"to":[0.056,-0.039,0],"ti":[-0.054,0.041,0]},{"i":{"x":0.833,"y":0.835},"o":{"x":0.167,"y":0.168},"t":87,"s":[678.671,342.176,0],"to":[0.054,-0.041,0],"ti":[-0.051,0.042,0]},{"i":{"x":0.833,"y":0.836},"o":{"x":0.167,"y":0.168},"t":88,"s":[678.829,342.051,0],"to":[0.051,-0.042,0],"ti":[-0.048,0.043,0]},{"i":{"x":0.833,"y":0.837},"o":{"x":0.167,"y":0.169},"t":89,"s":[678.979,341.923,0],"to":[0.048,-0.043,0],"ti":[-0.044,0.044,0]},{"i":{"x":0.833,"y":0.838},"o":{"x":0.167,"y":0.17},"t":90,"s":[679.119,341.792,0],"to":[0.044,-0.044,0],"ti":[-0.04,0.044,0]},{"i":{"x":0.833,"y":0.84},"o":{"x":0.167,"y":0.171},"t":91,"s":[679.246,341.66,0],"to":[0.04,-0.044,0],"ti":[-0.035,0.043,0]},{"i":{"x":0.833,"y":0.853},"o":{"x":0.167,"y":0.174},"t":92,"s":[679.359,341.527,0],"to":[0.035,-0.043,0],"ti":[-0.03,0.036,0]},{"i":{"x":0.833,"y":0.857},"o":{"x":0.167,"y":0.193},"t":93,"s":[679.455,341.399,0],"to":[0.03,-0.036,0],"ti":[-0.027,0.02,0]},{"i":{"x":0.833,"y":0.844},"o":{"x":0.167,"y":0.2},"t":94,"s":[679.539,341.312,0],"to":[0.027,-0.02,0],"ti":[-0.025,0.003,0]},{"i":{"x":0.833,"y":0.816},"o":{"x":0.167,"y":0.179},"t":95,"s":[679.618,341.278,0],"to":[0.025,-0.003,0],"ti":[-0.024,-0.012,0]},{"i":{"x":0.833,"y":0.807},"o":{"x":0.167,"y":0.152},"t":96,"s":[679.691,341.292,0],"to":[0.024,0.012,0],"ti":[-0.022,-0.027,0]},{"i":{"x":0.833,"y":0.811},"o":{"x":0.167,"y":0.146},"t":97,"s":[679.76,341.352,0],"to":[0.022,0.027,0],"ti":[-0.021,-0.04,0]},{"i":{"x":0.833,"y":0.816},"o":{"x":0.167,"y":0.149},"t":98,"s":[679.824,341.454,0],"to":[0.021,0.04,0],"ti":[-0.02,-0.053,0]},{"i":{"x":0.833,"y":0.82},"o":{"x":0.167,"y":0.152},"t":99,"s":[679.885,341.594,0],"to":[0.02,0.053,0],"ti":[-0.019,-0.064,0]},{"i":{"x":0.833,"y":0.822},"o":{"x":0.167,"y":0.155},"t":100,"s":[679.944,341.771,0],"to":[0.019,0.064,0],"ti":[-0.018,-0.075,0]},{"i":{"x":0.833,"y":0.825},"o":{"x":0.167,"y":0.157},"t":101,"s":[680,341.98,0],"to":[0.018,0.075,0],"ti":[-0.018,-0.084,0]},{"i":{"x":0.833,"y":0.826},"o":{"x":0.167,"y":0.159},"t":102,"s":[680.054,342.218,0],"to":[0.018,0.084,0],"ti":[-0.017,-0.092,0]},{"i":{"x":0.833,"y":0.828},"o":{"x":0.167,"y":0.16},"t":103,"s":[680.107,342.483,0],"to":[0.017,0.092,0],"ti":[-0.017,-0.1,0]},{"i":{"x":0.833,"y":0.829},"o":{"x":0.167,"y":0.161},"t":104,"s":[680.158,342.772,0],"to":[0.017,0.1,0],"ti":[-0.017,-0.106,0]},{"i":{"x":0.833,"y":0.829},"o":{"x":0.167,"y":0.162},"t":105,"s":[680.209,343.082,0],"to":[0.017,0.106,0],"ti":[-0.016,-0.112,0]},{"i":{"x":0.833,"y":0.83},"o":{"x":0.167,"y":0.163},"t":106,"s":[680.258,343.41,0],"to":[0.016,0.112,0],"ti":[-0.016,-0.117,0]},{"i":{"x":0.833,"y":0.831},"o":{"x":0.167,"y":0.164},"t":107,"s":[680.306,343.754,0],"to":[0.016,0.117,0],"ti":[-0.016,-0.121,0]},{"i":{"x":0.833,"y":0.831},"o":{"x":0.167,"y":0.164},"t":108,"s":[680.354,344.111,0],"to":[0.016,0.121,0],"ti":[-0.016,-0.124,0]},{"i":{"x":0.833,"y":0.832},"o":{"x":0.167,"y":0.165},"t":109,"s":[680.401,344.479,0],"to":[0.016,0.124,0],"ti":[-0.015,-0.126,0]},{"i":{"x":0.833,"y":0.833},"o":{"x":0.167,"y":0.165},"t":110,"s":[680.448,344.856,0],"to":[0.015,0.126,0],"ti":[-0.015,-0.128,0]},{"i":{"x":0.833,"y":0.833},"o":{"x":0.167,"y":0.166},"t":111,"s":[680.494,345.238,0],"to":[0.015,0.128,0],"ti":[-0.015,-0.129,0]},{"i":{"x":0.833,"y":0.833},"o":{"x":0.167,"y":0.166},"t":112,"s":[680.539,345.624,0],"to":[0.015,0.129,0],"ti":[-0.015,-0.129,0]},{"i":{"x":0.833,"y":0.834},"o":{"x":0.167,"y":0.167},"t":113,"s":[680.583,346.013,0],"to":[0.015,0.129,0],"ti":[-0.014,-0.129,0]},{"i":{"x":0.833,"y":0.834},"o":{"x":0.167,"y":0.167},"t":114,"s":[680.626,346.401,0],"to":[0.014,0.129,0],"ti":[-0.014,-0.128,0]},{"i":{"x":0.833,"y":0.835},"o":{"x":0.167,"y":0.168},"t":115,"s":[680.668,346.787,0],"to":[0.014,0.128,0],"ti":[-0.013,-0.126,0]},{"i":{"x":0.833,"y":0.835},"o":{"x":0.167,"y":0.168},"t":116,"s":[680.709,347.169,0],"to":[0.013,0.126,0],"ti":[-0.013,-0.124,0]},{"i":{"x":0.833,"y":0.835},"o":{"x":0.167,"y":0.168},"t":117,"s":[680.748,347.545,0],"to":[0.013,0.124,0],"ti":[-0.012,-0.121,0]},{"i":{"x":0.833,"y":0.833},"o":{"x":0.167,"y":0.169},"t":118,"s":[680.786,347.914,0],"to":[0.012,0.121,0],"ti":[-0.006,-0.06,0]},{"t":119.000004846969,"s":[680.822,348.273,0]}],"ix":2},"a":{"a":0,"k":[397.5,133.5,0],"ix":1},"s":{"a":0,"k":[100,100,100],"ix":6}},"ao":0,"ip":0,"op":120.0000048877,"st":0,"bm":0},{"ddd":0,"ind":9,"ty":2,"nm":"circle_Y.png","cl":"png","refId":"image_8","sr":1,"ks":{"o":{"a":0,"k":100,"ix":11},"r":{"a":0,"k":0,"ix":10},"p":{"a":0,"k":[850,850,0],"ix":2},"a":{"a":0,"k":[498,498,0],"ix":1},"s":{"a":0,"k":[100,100,100],"ix":6}},"ao":0,"ip":0,"op":120.0000048877,"st":0,"bm":0}],"markers":[]}