{"v":"5.6.5","fr":29.9700012207031,"ip":0,"op":120.0000048877,"w":1700,"h":1700,"nm":"AI_Strategy","ddd":0,"assets":[{"id":"image_0","w":1035,"h":306,"u":"images/","p":"img_0.png","e":0},{"id":"image_1","w":781,"h":291,"u":"images/","p":"img_1.png","e":0},{"id":"image_2","w":248,"h":252,"u":"images/","p":"img_2.png","e":0},{"id":"image_3","w":139,"h":139,"u":"images/","p":"img_3.png","e":0},{"id":"image_4","w":277,"h":277,"u":"images/","p":"img_4.png","e":0},{"id":"image_5","w":416,"h":416,"u":"images/","p":"img_5.png","e":0},{"id":"image_6","w":555,"h":555,"u":"images/","p":"img_6.png","e":0},{"id":"image_7","w":693,"h":693,"u":"images/","p":"img_7.png","e":0},{"id":"image_8","w":767,"h":990,"u":"images/","p":"img_8.png","e":0},{"id":"image_9","w":995,"h":995,"u":"images/","p":"img_9.png","e":0},{"id":"image_10","w":995,"h":995,"u":"images/","p":"img_10.png","e":0},{"id":"comp_0","layers":[{"ddd":0,"ind":2,"ty":0,"nm":"dots pre comp","refId":"comp_1","sr":1,"ks":{"o":{"a":0,"k":100,"ix":11},"r":{"a":0,"k":0,"ix":10},"p":{"s":true,"x":{"a":1,"k":[{"i":{"x":[0.833],"y":[0.833]},"o":{"x":[0.161],"y":[0.181]},"t":0,"s":[850]},{"i":{"x":[0.833],"y":[0.833]},"o":{"x":[0.167],"y":[0.167]},"t":46,"s":[943.663]},{"i":{"x":[0.996],"y":[0.862]},"o":{"x":[0.167],"y":[0.167]},"t":55,"s":[943.663]},{"t":119.000004846969,"s":[1122]}],"ix":3},"y":{"a":1,"k":[{"i":{"x":[0.833],"y":[1]},"o":{"x":[0.161],"y":[0]},"t":0,"s":[850]},{"i":{"x":[0.833],"y":[0.833]},"o":{"x":[0.167],"y":[0.167]},"t":46,"s":[850]},{"i":{"x":[0.996],"y":[1]},"o":{"x":[0.167],"y":[0]},"t":55,"s":[850]},{"t":119.000004846969,"s":[850]}],"ix":4}},"a":{"a":0,"k":[850,850,0],"ix":1},"s":{"a":0,"k":[100,100,100],"ix":6}},"ao":0,"w":1700,"h":1700,"ip":0,"op":120.0000048877,"st":0,"bm":0}]},{"id":"comp_1","layers":[{"ddd":0,"ind":1,"ty":2,"nm":"dots 4","refId":"image_9","sr":1,"ks":{"o":{"a":0,"k":100,"ix":11},"r":{"a":0,"k":0,"ix":10},"p":{"a":0,"k":[311,851,0],"ix":2},"a":{"a":0,"k":[497.5,497.5,0],"ix":1},"s":{"a":0,"k":[100,100,100],"ix":6}},"ao":0,"ip":0,"op":120.0000048877,"st":0,"bm":0},{"ddd":0,"ind":2,"ty":2,"nm":"dots 3","refId":"image_9","sr":1,"ks":{"o":{"a":0,"k":100,"ix":11},"r":{"a":0,"k":0,"ix":10},"p":{"a":0,"k":[491,851,0],"ix":2},"a":{"a":0,"k":[497.5,497.5,0],"ix":1},"s":{"a":0,"k":[100,100,100],"ix":6}},"ao":0,"ip":0,"op":120.0000048877,"st":0,"bm":0},{"ddd":0,"ind":3,"ty":2,"nm":"dots 2","refId":"image_9","sr":1,"ks":{"o":{"a":0,"k":100,"ix":11},"r":{"a":0,"k":0,"ix":10},"p":{"a":0,"k":[669,851,0],"ix":2},"a":{"a":0,"k":[497.5,497.5,0],"ix":1},"s":{"a":0,"k":[100,100,100],"ix":6}},"ao":0,"ip":0,"op":120.0000048877,"st":0,"bm":0},{"ddd":0,"ind":4,"ty":2,"nm":"dots","refId":"image_9","sr":1,"ks":{"o":{"a":0,"k":100,"ix":11},"r":{"a":0,"k":0,"ix":10},"p":{"a":0,"k":[850,850,0],"ix":2},"a":{"a":0,"k":[497.5,497.5,0],"ix":1},"s":{"a":0,"k":[100,100,100],"ix":6}},"ao":0,"ip":0,"op":120.0000048877,"st":0,"bm":0}]}],"layers":[{"ddd":0,"ind":2,"ty":2,"nm":"strategy","refId":"image_0","sr":1,"ks":{"o":{"a":0,"k":100,"ix":11},"r":{"a":0,"k":0,"ix":10},"p":{"a":1,"k":[{"i":{"x":0.833,"y":0.836},"o":{"x":0.167,"y":0.167},"t":0,"s":[797.435,1387.765,0],"to":[0.086,-0.051,0],"ti":[-0.171,0.096,0]},{"i":{"x":0.833,"y":0.836},"o":{"x":0.167,"y":0.169},"t":1,"s":[797.951,1387.462,0],"to":[0.171,-0.096,0],"ti":[-0.169,0.085,0]},{"i":{"x":0.833,"y":0.837},"o":{"x":0.167,"y":0.17},"t":2,"s":[798.462,1387.19,0],"to":[0.169,-0.085,0],"ti":[-0.167,0.074,0]},{"i":{"x":0.833,"y":0.837},"o":{"x":0.167,"y":0.17},"t":3,"s":[798.966,1386.95,0],"to":[0.167,-0.074,0],"ti":[-0.163,0.063,0]},{"i":{"x":0.833,"y":0.837},"o":{"x":0.167,"y":0.17},"t":4,"s":[799.461,1386.743,0],"to":[0.163,-0.063,0],"ti":[-0.16,0.052,0]},{"i":{"x":0.833,"y":0.837},"o":{"x":0.167,"y":0.17},"t":5,"s":[799.946,1386.57,0],"to":[0.16,-0.052,0],"ti":[-0.155,0.04,0]},{"i":{"x":0.833,"y":0.837},"o":{"x":0.167,"y":0.171},"t":6,"s":[800.419,1386.432,0],"to":[0.155,-0.04,0],"ti":[-0.15,0.028,0]},{"i":{"x":0.833,"y":0.838},"o":{"x":0.167,"y":0.171},"t":7,"s":[800.877,1386.329,0],"to":[0.15,-0.028,0],"ti":[-0.144,0.016,0]},{"i":{"x":0.833,"y":0.838},"o":{"x":0.167,"y":0.171},"t":8,"s":[801.319,1386.262,0],"to":[0.144,-0.016,0],"ti":[-0.138,0.004,0]},{"i":{"x":0.833,"y":0.838},"o":{"x":0.167,"y":0.171},"t":9,"s":[801.742,1386.232,0],"to":[0.138,-0.004,0],"ti":[-0.13,-0.009,0]},{"i":{"x":0.833,"y":0.837},"o":{"x":0.167,"y":0.171},"t":10,"s":[802.144,1386.239,0],"to":[0.13,0.009,0],"ti":[-0.122,-0.021,0]},{"i":{"x":0.833,"y":0.837},"o":{"x":0.167,"y":0.171},"t":11,"s":[802.523,1386.285,0],"to":[0.122,0.021,0],"ti":[-0.113,-0.034,0]},{"i":{"x":0.833,"y":0.836},"o":{"x":0.167,"y":0.17},"t":12,"s":[802.877,1386.368,0],"to":[0.113,0.034,0],"ti":[-0.104,-0.047,0]},{"i":{"x":0.833,"y":0.834},"o":{"x":0.167,"y":0.169},"t":13,"s":[803.204,1386.491,0],"to":[0.104,0.047,0],"ti":[-0.097,-0.057,0]},{"i":{"x":0.833,"y":0.833},"o":{"x":0.167,"y":0.167},"t":14,"s":[803.502,1386.652,0],"to":[0.097,0.057,0],"ti":[-0.093,-0.063,0]},{"i":{"x":0.833,"y":0.833},"o":{"x":0.167,"y":0.167},"t":15,"s":[803.786,1386.835,0],"to":[0.093,0.063,0],"ti":[-0.09,-0.068,0]},{"i":{"x":0.833,"y":0.833},"o":{"x":0.167,"y":0.167},"t":16,"s":[804.061,1387.032,0],"to":[0.09,0.068,0],"ti":[-0.086,-0.073,0]},{"i":{"x":0.833,"y":0.833},"o":{"x":0.167,"y":0.167},"t":17,"s":[804.326,1387.243,0],"to":[0.086,0.073,0],"ti":[-0.082,-0.077,0]},{"i":{"x":0.833,"y":0.833},"o":{"x":0.167,"y":0.167},"t":18,"s":[804.58,1387.468,0],"to":[0.082,0.077,0],"ti":[-0.078,-0.081,0]},{"i":{"x":0.833,"y":0.833},"o":{"x":0.167,"y":0.167},"t":19,"s":[804.821,1387.705,0],"to":[0.078,0.081,0],"ti":[-0.073,-0.085,0]},{"i":{"x":0.833,"y":0.833},"o":{"x":0.167,"y":0.167},"t":20,"s":[805.048,1387.954,0],"to":[0.073,0.085,0],"ti":[-0.068,-0.089,0]},{"i":{"x":0.833,"y":0.833},"o":{"x":0.167,"y":0.167},"t":21,"s":[805.26,1388.216,0],"to":[0.068,0.089,0],"ti":[-0.063,-0.093,0]},{"i":{"x":0.833,"y":0.833},"o":{"x":0.167,"y":0.167},"t":22,"s":[805.457,1388.488,0],"to":[0.063,0.093,0],"ti":[-0.057,-0.096,0]},{"i":{"x":0.833,"y":0.833},"o":{"x":0.167,"y":0.167},"t":23,"s":[805.638,1388.772,0],"to":[0.057,0.096,0],"ti":[-0.052,-0.1,0]},{"i":{"x":0.833,"y":0.833},"o":{"x":0.167,"y":0.167},"t":24,"s":[805.801,1389.065,0],"to":[0.052,0.1,0],"ti":[-0.046,-0.103,0]},{"i":{"x":0.833,"y":0.833},"o":{"x":0.167,"y":0.166},"t":25,"s":[805.947,1389.369,0],"to":[0.046,0.103,0],"ti":[-0.039,-0.106,0]},{"i":{"x":0.833,"y":0.833},"o":{"x":0.167,"y":0.166},"t":26,"s":[806.075,1389.682,0],"to":[0.039,0.106,0],"ti":[-0.033,-0.109,0]},{"i":{"x":0.833,"y":0.833},"o":{"x":0.167,"y":0.166},"t":27,"s":[806.184,1390.003,0],"to":[0.033,0.109,0],"ti":[-0.026,-0.111,0]},{"i":{"x":0.833,"y":0.832},"o":{"x":0.167,"y":0.166},"t":28,"s":[806.273,1390.333,0],"to":[0.026,0.111,0],"ti":[-0.02,-0.114,0]},{"i":{"x":0.833,"y":0.832},"o":{"x":0.167,"y":0.166},"t":29,"s":[806.343,1390.67,0],"to":[0.02,0.114,0],"ti":[-0.013,-0.116,0]},{"i":{"x":0.833,"y":0.832},"o":{"x":0.167,"y":0.166},"t":30,"s":[806.392,1391.015,0],"to":[0.013,0.116,0],"ti":[-0.006,-0.118,0]},{"i":{"x":0.833,"y":0.832},"o":{"x":0.167,"y":0.165},"t":31,"s":[806.421,1391.367,0],"to":[0.006,0.118,0],"ti":[0.001,-0.12,0]},{"i":{"x":0.833,"y":0.832},"o":{"x":0.167,"y":0.165},"t":32,"s":[806.429,1391.725,0],"to":[-0.001,0.12,0],"ti":[0.008,-0.122,0]},{"i":{"x":0.833,"y":0.832},"o":{"x":0.167,"y":0.165},"t":33,"s":[806.416,1392.089,0],"to":[-0.008,0.122,0],"ti":[0.015,-0.124,0]},{"i":{"x":0.833,"y":0.831},"o":{"x":0.167,"y":0.165},"t":34,"s":[806.381,1392.459,0],"to":[-0.015,0.124,0],"ti":[0.022,-0.126,0]},{"i":{"x":0.833,"y":0.831},"o":{"x":0.167,"y":0.165},"t":35,"s":[806.326,1392.834,0],"to":[-0.022,0.126,0],"ti":[0.03,-0.127,0]},{"i":{"x":0.833,"y":0.831},"o":{"x":0.167,"y":0.165},"t":36,"s":[806.248,1393.214,0],"to":[-0.03,0.127,0],"ti":[0.037,-0.129,0]},{"i":{"x":0.833,"y":0.831},"o":{"x":0.167,"y":0.165},"t":37,"s":[806.148,1393.599,0],"to":[-0.037,0.129,0],"ti":[0.044,-0.13,0]},{"i":{"x":0.833,"y":0.831},"o":{"x":0.167,"y":0.164},"t":38,"s":[806.027,1393.988,0],"to":[-0.044,0.13,0],"ti":[0.052,-0.132,0]},{"i":{"x":0.833,"y":0.831},"o":{"x":0.167,"y":0.164},"t":39,"s":[805.883,1394.381,0],"to":[-0.052,0.132,0],"ti":[0.059,-0.133,0]},{"i":{"x":0.833,"y":0.831},"o":{"x":0.167,"y":0.164},"t":40,"s":[805.717,1394.778,0],"to":[-0.059,0.133,0],"ti":[0.067,-0.134,0]},{"i":{"x":0.833,"y":0.831},"o":{"x":0.167,"y":0.164},"t":41,"s":[805.528,1395.179,0],"to":[-0.067,0.134,0],"ti":[0.074,-0.135,0]},{"i":{"x":0.833,"y":0.831},"o":{"x":0.167,"y":0.164},"t":42,"s":[805.317,1395.583,0],"to":[-0.074,0.135,0],"ti":[0.082,-0.136,0]},{"i":{"x":0.833,"y":0.831},"o":{"x":0.167,"y":0.164},"t":43,"s":[805.083,1395.991,0],"to":[-0.082,0.136,0],"ti":[0.089,-0.137,0]},{"i":{"x":0.833,"y":0.831},"o":{"x":0.167,"y":0.164},"t":44,"s":[804.827,1396.402,0],"to":[-0.089,0.137,0],"ti":[0.097,-0.139,0]},{"i":{"x":0.833,"y":0.831},"o":{"x":0.167,"y":0.164},"t":45,"s":[804.547,1396.816,0],"to":[-0.097,0.139,0],"ti":[0.105,-0.14,0]},{"i":{"x":0.833,"y":0.831},"o":{"x":0.167,"y":0.164},"t":46,"s":[804.245,1397.233,0],"to":[-0.105,0.14,0],"ti":[0.112,-0.141,0]},{"i":{"x":0.833,"y":0.831},"o":{"x":0.167,"y":0.164},"t":47,"s":[803.919,1397.654,0],"to":[-0.112,0.141,0],"ti":[0.12,-0.142,0]},{"i":{"x":0.833,"y":0.831},"o":{"x":0.167,"y":0.164},"t":48,"s":[803.57,1398.078,0],"to":[-0.12,0.142,0],"ti":[0.128,-0.143,0]},{"i":{"x":0.833,"y":0.831},"o":{"x":0.167,"y":0.164},"t":49,"s":[803.197,1398.505,0],"to":[-0.128,0.143,0],"ti":[0.136,-0.144,0]},{"i":{"x":0.833,"y":0.831},"o":{"x":0.167,"y":0.164},"t":50,"s":[802.801,1398.937,0],"to":[-0.136,0.144,0],"ti":[0.144,-0.146,0]},{"i":{"x":0.833,"y":0.831},"o":{"x":0.167,"y":0.164},"t":51,"s":[802.38,1399.372,0],"to":[-0.144,0.146,0],"ti":[0.152,-0.147,0]},{"i":{"x":0.833,"y":0.831},"o":{"x":0.167,"y":0.164},"t":52,"s":[801.935,1399.811,0],"to":[-0.152,0.147,0],"ti":[0.161,-0.149,0]},{"i":{"x":0.833,"y":0.831},"o":{"x":0.167,"y":0.164},"t":53,"s":[801.465,1400.254,0],"to":[-0.161,0.149,0],"ti":[0.169,-0.15,0]},{"i":{"x":0.833,"y":0.83},"o":{"x":0.167,"y":0.164},"t":54,"s":[800.97,1400.703,0],"to":[-0.169,0.15,0],"ti":[0.178,-0.152,0]},{"i":{"x":0.833,"y":0.83},"o":{"x":0.167,"y":0.164},"t":55,"s":[800.45,1401.157,0],"to":[-0.178,0.152,0],"ti":[0.187,-0.154,0]},{"i":{"x":0.833,"y":0.83},"o":{"x":0.167,"y":0.164},"t":56,"s":[799.903,1401.617,0],"to":[-0.187,0.154,0],"ti":[0.196,-0.157,0]},{"i":{"x":0.833,"y":0.83},"o":{"x":0.167,"y":0.164},"t":57,"s":[799.33,1402.083,0],"to":[-0.196,0.157,0],"ti":[0.205,-0.159,0]},{"i":{"x":0.833,"y":0.832},"o":{"x":0.167,"y":0.164},"t":58,"s":[798.73,1402.556,0],"to":[-0.205,0.159,0],"ti":[0.213,-0.159,0]},{"i":{"x":0.833,"y":0.833},"o":{"x":0.167,"y":0.166},"t":59,"s":[798.102,1403.037,0],"to":[-0.213,0.159,0],"ti":[0.218,-0.155,0]},{"i":{"x":0.833,"y":0.833},"o":{"x":0.167,"y":0.167},"t":60,"s":[797.455,1403.509,0],"to":[-0.218,0.155,0],"ti":[0.222,-0.149,0]},{"i":{"x":0.833,"y":0.834},"o":{"x":0.167,"y":0.167},"t":61,"s":[796.794,1403.965,0],"to":[-0.222,0.149,0],"ti":[0.225,-0.143,0]},{"i":{"x":0.833,"y":0.834},"o":{"x":0.167,"y":0.167},"t":62,"s":[796.123,1404.402,0],"to":[-0.225,0.143,0],"ti":[0.227,-0.136,0]},{"i":{"x":0.833,"y":0.834},"o":{"x":0.167,"y":0.167},"t":63,"s":[795.444,1404.821,0],"to":[-0.227,0.136,0],"ti":[0.229,-0.129,0]},{"i":{"x":0.833,"y":0.834},"o":{"x":0.167,"y":0.167},"t":64,"s":[794.76,1405.219,0],"to":[-0.229,0.129,0],"ti":[0.229,-0.122,0]},{"i":{"x":0.833,"y":0.835},"o":{"x":0.167,"y":0.168},"t":65,"s":[794.072,1405.597,0],"to":[-0.229,0.122,0],"ti":[0.229,-0.115,0]},{"i":{"x":0.833,"y":0.835},"o":{"x":0.167,"y":0.168},"t":66,"s":[793.384,1405.952,0],"to":[-0.229,0.115,0],"ti":[0.228,-0.107,0]},{"i":{"x":0.833,"y":0.835},"o":{"x":0.167,"y":0.168},"t":67,"s":[792.698,1406.284,0],"to":[-0.228,0.107,0],"ti":[0.226,-0.098,0]},{"i":{"x":0.833,"y":0.835},"o":{"x":0.167,"y":0.169},"t":68,"s":[792.017,1406.592,0],"to":[-0.226,0.098,0],"ti":[0.223,-0.09,0]},{"i":{"x":0.833,"y":0.836},"o":{"x":0.167,"y":0.169},"t":69,"s":[791.343,1406.874,0],"to":[-0.223,0.09,0],"ti":[0.219,-0.081,0]},{"i":{"x":0.833,"y":0.836},"o":{"x":0.167,"y":0.169},"t":70,"s":[790.679,1407.131,0],"to":[-0.219,0.081,0],"ti":[0.215,-0.072,0]},{"i":{"x":0.833,"y":0.836},"o":{"x":0.167,"y":0.17},"t":71,"s":[790.027,1407.362,0],"to":[-0.215,0.072,0],"ti":[0.209,-0.063,0]},{"i":{"x":0.833,"y":0.837},"o":{"x":0.167,"y":0.17},"t":72,"s":[789.39,1407.565,0],"to":[-0.209,0.063,0],"ti":[0.203,-0.053,0]},{"i":{"x":0.833,"y":0.837},"o":{"x":0.167,"y":0.17},"t":73,"s":[788.77,1407.739,0],"to":[-0.203,0.053,0],"ti":[0.196,-0.044,0]},{"i":{"x":0.833,"y":0.837},"o":{"x":0.167,"y":0.171},"t":74,"s":[788.17,1407.886,0],"to":[-0.196,0.044,0],"ti":[0.189,-0.034,0]},{"i":{"x":0.833,"y":0.838},"o":{"x":0.167,"y":0.171},"t":75,"s":[787.592,1408.002,0],"to":[-0.189,0.034,0],"ti":[0.18,-0.024,0]},{"i":{"x":0.833,"y":0.838},"o":{"x":0.167,"y":0.171},"t":76,"s":[787.038,1408.089,0],"to":[-0.18,0.024,0],"ti":[0.171,-0.014,0]},{"i":{"x":0.833,"y":0.839},"o":{"x":0.167,"y":0.172},"t":77,"s":[786.511,1408.145,0],"to":[-0.171,0.014,0],"ti":[0.161,-0.003,0]},{"i":{"x":0.833,"y":0.839},"o":{"x":0.167,"y":0.172},"t":78,"s":[786.013,1408.17,0],"to":[-0.161,0.003,0],"ti":[0.15,0.007,0]},{"i":{"x":0.833,"y":0.839},"o":{"x":0.167,"y":0.173},"t":79,"s":[785.546,1408.165,0],"to":[-0.15,-0.007,0],"ti":[0.139,0.018,0]},{"i":{"x":0.833,"y":0.839},"o":{"x":0.167,"y":0.173},"t":80,"s":[785.111,1408.127,0],"to":[-0.139,-0.018,0],"ti":[0.127,0.028,0]},{"i":{"x":0.833,"y":0.839},"o":{"x":0.167,"y":0.173},"t":81,"s":[784.711,1408.058,0],"to":[-0.127,-0.028,0],"ti":[0.115,0.039,0]},{"i":{"x":0.833,"y":0.838},"o":{"x":0.167,"y":0.173},"t":82,"s":[784.348,1407.957,0],"to":[-0.115,-0.039,0],"ti":[0.102,0.05,0]},{"i":{"x":0.833,"y":0.837},"o":{"x":0.167,"y":0.172},"t":83,"s":[784.022,1407.824,0],"to":[-0.102,-0.05,0],"ti":[0.088,0.06,0]},{"i":{"x":0.833,"y":0.836},"o":{"x":0.167,"y":0.171},"t":84,"s":[783.736,1407.659,0],"to":[-0.088,-0.06,0],"ti":[0.075,0.071,0]},{"i":{"x":0.833,"y":0.833},"o":{"x":0.167,"y":0.169},"t":85,"s":[783.491,1407.462,0],"to":[-0.075,-0.071,0],"ti":[0.06,0.082,0]},{"i":{"x":0.833,"y":0.831},"o":{"x":0.167,"y":0.167},"t":86,"s":[783.289,1407.233,0],"to":[-0.06,-0.082,0],"ti":[0.046,0.092,0]},{"i":{"x":0.833,"y":0.829},"o":{"x":0.167,"y":0.164},"t":87,"s":[783.129,1406.972,0],"to":[-0.046,-0.092,0],"ti":[0.031,0.102,0]},{"i":{"x":0.833,"y":0.829},"o":{"x":0.167,"y":0.163},"t":88,"s":[783.014,1406.68,0],"to":[-0.031,-0.102,0],"ti":[0.016,0.111,0]},{"i":{"x":0.833,"y":0.829},"o":{"x":0.167,"y":0.163},"t":89,"s":[782.944,1406.358,0],"to":[-0.016,-0.111,0],"ti":[0.001,0.118,0]},{"i":{"x":0.833,"y":0.828},"o":{"x":0.167,"y":0.162},"t":90,"s":[782.919,1406.013,0],"to":[-0.001,-0.118,0],"ti":[-0.013,0.125,0]},{"i":{"x":0.833,"y":0.827},"o":{"x":0.167,"y":0.161},"t":91,"s":[782.938,1405.649,0],"to":[0.013,-0.125,0],"ti":[-0.027,0.132,0]},{"i":{"x":0.833,"y":0.827},"o":{"x":0.167,"y":0.161},"t":92,"s":[782.999,1405.263,0],"to":[0.027,-0.132,0],"ti":[-0.041,0.139,0]},{"i":{"x":0.833,"y":0.827},"o":{"x":0.167,"y":0.161},"t":93,"s":[783.101,1404.857,0],"to":[0.041,-0.139,0],"ti":[-0.054,0.146,0]},{"i":{"x":0.833,"y":0.827},"o":{"x":0.167,"y":0.161},"t":94,"s":[783.243,1404.429,0],"to":[0.054,-0.146,0],"ti":[-0.067,0.153,0]},{"i":{"x":0.833,"y":0.828},"o":{"x":0.167,"y":0.161},"t":95,"s":[783.425,1403.981,0],"to":[0.067,-0.153,0],"ti":[-0.079,0.16,0]},{"i":{"x":0.833,"y":0.828},"o":{"x":0.167,"y":0.161},"t":96,"s":[783.645,1403.512,0],"to":[0.079,-0.16,0],"ti":[-0.092,0.167,0]},{"i":{"x":0.833,"y":0.828},"o":{"x":0.167,"y":0.162},"t":97,"s":[783.902,1403.022,0],"to":[0.092,-0.167,0],"ti":[-0.103,0.173,0]},{"i":{"x":0.833,"y":0.829},"o":{"x":0.167,"y":0.162},"t":98,"s":[784.195,1402.512,0],"to":[0.103,-0.173,0],"ti":[-0.115,0.18,0]},{"i":{"x":0.833,"y":0.829},"o":{"x":0.167,"y":0.162},"t":99,"s":[784.522,1401.981,0],"to":[0.115,-0.18,0],"ti":[-0.126,0.187,0]},{"i":{"x":0.833,"y":0.829},"o":{"x":0.167,"y":0.163},"t":100,"s":[784.884,1401.431,0],"to":[0.126,-0.187,0],"ti":[-0.137,0.193,0]},{"i":{"x":0.833,"y":0.83},"o":{"x":0.167,"y":0.163},"t":101,"s":[785.279,1400.862,0],"to":[0.137,-0.193,0],"ti":[-0.147,0.199,0]},{"i":{"x":0.833,"y":0.83},"o":{"x":0.167,"y":0.163},"t":102,"s":[785.705,1400.274,0],"to":[0.147,-0.199,0],"ti":[-0.157,0.205,0]},{"i":{"x":0.833,"y":0.83},"o":{"x":0.167,"y":0.163},"t":103,"s":[786.163,1399.668,0],"to":[0.157,-0.205,0],"ti":[-0.167,0.21,0]},{"i":{"x":0.833,"y":0.83},"o":{"x":0.167,"y":0.164},"t":104,"s":[786.65,1399.045,0],"to":[0.167,-0.21,0],"ti":[-0.176,0.216,0]},{"i":{"x":0.833,"y":0.831},"o":{"x":0.167,"y":0.164},"t":105,"s":[787.166,1398.407,0],"to":[0.176,-0.216,0],"ti":[-0.185,0.22,0]},{"i":{"x":0.833,"y":0.831},"o":{"x":0.167,"y":0.164},"t":106,"s":[787.709,1397.752,0],"to":[0.185,-0.22,0],"ti":[-0.194,0.225,0]},{"i":{"x":0.833,"y":0.831},"o":{"x":0.167,"y":0.164},"t":107,"s":[788.278,1397.084,0],"to":[0.194,-0.225,0],"ti":[-0.202,0.229,0]},{"i":{"x":0.833,"y":0.831},"o":{"x":0.167,"y":0.164},"t":108,"s":[788.873,1396.403,0],"to":[0.202,-0.229,0],"ti":[-0.21,0.233,0]},{"i":{"x":0.833,"y":0.832},"o":{"x":0.167,"y":0.165},"t":109,"s":[789.491,1395.71,0],"to":[0.21,-0.233,0],"ti":[-0.217,0.236,0]},{"i":{"x":0.833,"y":0.832},"o":{"x":0.167,"y":0.165},"t":110,"s":[790.132,1395.007,0],"to":[0.217,-0.236,0],"ti":[-0.224,0.239,0]},{"i":{"x":0.833,"y":0.832},"o":{"x":0.167,"y":0.165},"t":111,"s":[790.794,1394.294,0],"to":[0.224,-0.239,0],"ti":[-0.23,0.241,0]},{"i":{"x":0.833,"y":0.832},"o":{"x":0.167,"y":0.165},"t":112,"s":[791.476,1393.575,0],"to":[0.23,-0.241,0],"ti":[-0.236,0.242,0]},{"i":{"x":0.833,"y":0.832},"o":{"x":0.167,"y":0.165},"t":113,"s":[792.175,1392.849,0],"to":[0.236,-0.242,0],"ti":[-0.241,0.244,0]},{"i":{"x":0.833,"y":0.833},"o":{"x":0.167,"y":0.166},"t":114,"s":[792.891,1392.12,0],"to":[0.241,-0.244,0],"ti":[-0.246,0.244,0]},{"i":{"x":0.833,"y":0.833},"o":{"x":0.167,"y":0.166},"t":115,"s":[793.622,1391.388,0],"to":[0.246,-0.244,0],"ti":[-0.25,0.244,0]},{"i":{"x":0.833,"y":0.833},"o":{"x":0.167,"y":0.166},"t":116,"s":[794.366,1390.656,0],"to":[0.25,-0.244,0],"ti":[-0.253,0.243,0]},{"i":{"x":0.833,"y":0.833},"o":{"x":0.167,"y":0.166},"t":117,"s":[795.122,1389.926,0],"to":[0.253,-0.243,0],"ti":[-0.256,0.241,0]},{"i":{"x":0.833,"y":0.833},"o":{"x":0.167,"y":0.167},"t":118,"s":[795.886,1389.199,0],"to":[0.256,-0.241,0],"ti":[-0.129,0.12,0]},{"t":119.000004846969,"s":[796.658,1388.478,0]}],"ix":2},"a":{"a":0,"k":[517.5,153,0],"ix":1},"s":{"a":0,"k":[100,100,100],"ix":6}},"ao":0,"ip":0,"op":120.0000048877,"st":0,"bm":0},{"ddd":0,"ind":3,"ty":2,"nm":"marketing","refId":"image_1","sr":1,"ks":{"o":{"a":0,"k":100,"ix":11},"r":{"a":0,"k":0,"ix":10},"p":{"a":1,"k":[{"i":{"x":0.833,"y":0.833},"o":{"x":0.167,"y":0.167},"t":0,"s":[853.921,1223.288,0],"to":[0.017,0.03,0],"ti":[-0.032,-0.062,0]},{"i":{"x":0.833,"y":0.832},"o":{"x":0.167,"y":0.166},"t":1,"s":[854.024,1223.468,0],"to":[0.032,0.062,0],"ti":[-0.026,-0.065,0]},{"i":{"x":0.833,"y":0.831},"o":{"x":0.167,"y":0.165},"t":2,"s":[854.111,1223.659,0],"to":[0.026,0.065,0],"ti":[-0.02,-0.069,0]},{"i":{"x":0.833,"y":0.831},"o":{"x":0.167,"y":0.165},"t":3,"s":[854.18,1223.86,0],"to":[0.02,0.069,0],"ti":[-0.014,-0.072,0]},{"i":{"x":0.833,"y":0.83},"o":{"x":0.167,"y":0.164},"t":4,"s":[854.231,1224.072,0],"to":[0.014,0.072,0],"ti":[-0.008,-0.076,0]},{"i":{"x":0.833,"y":0.83},"o":{"x":0.167,"y":0.164},"t":5,"s":[854.265,1224.294,0],"to":[0.008,0.076,0],"ti":[-0.002,-0.079,0]},{"i":{"x":0.833,"y":0.83},"o":{"x":0.167,"y":0.164},"t":6,"s":[854.281,1224.525,0],"to":[0.002,0.079,0],"ti":[0.004,-0.082,0]},{"i":{"x":0.833,"y":0.83},"o":{"x":0.167,"y":0.163},"t":7,"s":[854.279,1224.766,0],"to":[-0.004,0.082,0],"ti":[0.01,-0.085,0]},{"i":{"x":0.833,"y":0.83},"o":{"x":0.167,"y":0.163},"t":8,"s":[854.259,1225.016,0],"to":[-0.01,0.085,0],"ti":[0.015,-0.087,0]},{"i":{"x":0.833,"y":0.83},"o":{"x":0.167,"y":0.163},"t":9,"s":[854.222,1225.274,0],"to":[-0.015,0.087,0],"ti":[0.021,-0.09,0]},{"i":{"x":0.833,"y":0.83},"o":{"x":0.167,"y":0.163},"t":10,"s":[854.167,1225.541,0],"to":[-0.021,0.09,0],"ti":[0.027,-0.093,0]},{"i":{"x":0.833,"y":0.83},"o":{"x":0.167,"y":0.163},"t":11,"s":[854.094,1225.815,0],"to":[-0.027,0.093,0],"ti":[0.033,-0.095,0]},{"i":{"x":0.833,"y":0.83},"o":{"x":0.167,"y":0.163},"t":12,"s":[854.005,1226.096,0],"to":[-0.033,0.095,0],"ti":[0.038,-0.097,0]},{"i":{"x":0.833,"y":0.83},"o":{"x":0.167,"y":0.164},"t":13,"s":[853.899,1226.384,0],"to":[-0.038,0.097,0],"ti":[0.044,-0.099,0]},{"i":{"x":0.833,"y":0.83},"o":{"x":0.167,"y":0.164},"t":14,"s":[853.776,1226.679,0],"to":[-0.044,0.099,0],"ti":[0.049,-0.101,0]},{"i":{"x":0.833,"y":0.831},"o":{"x":0.167,"y":0.164},"t":15,"s":[853.637,1226.979,0],"to":[-0.049,0.101,0],"ti":[0.054,-0.103,0]},{"i":{"x":0.833,"y":0.831},"o":{"x":0.167,"y":0.164},"t":16,"s":[853.482,1227.284,0],"to":[-0.054,0.103,0],"ti":[0.059,-0.104,0]},{"i":{"x":0.833,"y":0.831},"o":{"x":0.167,"y":0.164},"t":17,"s":[853.311,1227.594,0],"to":[-0.059,0.104,0],"ti":[0.064,-0.105,0]},{"i":{"x":0.833,"y":0.831},"o":{"x":0.167,"y":0.164},"t":18,"s":[853.126,1227.908,0],"to":[-0.064,0.105,0],"ti":[0.069,-0.106,0]},{"i":{"x":0.833,"y":0.831},"o":{"x":0.167,"y":0.165},"t":19,"s":[852.927,1228.226,0],"to":[-0.069,0.106,0],"ti":[0.073,-0.107,0]},{"i":{"x":0.833,"y":0.831},"o":{"x":0.167,"y":0.165},"t":20,"s":[852.713,1228.546,0],"to":[-0.073,0.107,0],"ti":[0.078,-0.108,0]},{"i":{"x":0.833,"y":0.832},"o":{"x":0.167,"y":0.165},"t":21,"s":[852.486,1228.869,0],"to":[-0.078,0.108,0],"ti":[0.082,-0.108,0]},{"i":{"x":0.833,"y":0.832},"o":{"x":0.167,"y":0.165},"t":22,"s":[852.247,1229.194,0],"to":[-0.082,0.108,0],"ti":[0.086,-0.109,0]},{"i":{"x":0.833,"y":0.832},"o":{"x":0.167,"y":0.165},"t":23,"s":[851.995,1229.52,0],"to":[-0.086,0.109,0],"ti":[0.089,-0.109,0]},{"i":{"x":0.833,"y":0.832},"o":{"x":0.167,"y":0.165},"t":24,"s":[851.732,1229.846,0],"to":[-0.089,0.109,0],"ti":[0.093,-0.109,0]},{"i":{"x":0.833,"y":0.832},"o":{"x":0.167,"y":0.166},"t":25,"s":[851.459,1230.172,0],"to":[-0.093,0.109,0],"ti":[0.096,-0.108,0]},{"i":{"x":0.833,"y":0.832},"o":{"x":0.167,"y":0.166},"t":26,"s":[851.175,1230.498,0],"to":[-0.096,0.108,0],"ti":[0.099,-0.108,0]},{"i":{"x":0.833,"y":0.833},"o":{"x":0.167,"y":0.166},"t":27,"s":[850.882,1230.822,0],"to":[-0.099,0.108,0],"ti":[0.102,-0.107,0]},{"i":{"x":0.833,"y":0.833},"o":{"x":0.167,"y":0.166},"t":28,"s":[850.58,1231.144,0],"to":[-0.102,0.107,0],"ti":[0.104,-0.106,0]},{"i":{"x":0.833,"y":0.833},"o":{"x":0.167,"y":0.166},"t":29,"s":[850.271,1231.464,0],"to":[-0.104,0.106,0],"ti":[0.107,-0.105,0]},{"i":{"x":0.833,"y":0.833},"o":{"x":0.167,"y":0.166},"t":30,"s":[849.954,1231.78,0],"to":[-0.107,0.105,0],"ti":[0.109,-0.103,0]},{"i":{"x":0.833,"y":0.833},"o":{"x":0.167,"y":0.167},"t":31,"s":[849.631,1232.093,0],"to":[-0.109,0.103,0],"ti":[0.11,-0.102,0]},{"i":{"x":0.833,"y":0.834},"o":{"x":0.167,"y":0.167},"t":32,"s":[849.302,1232.401,0],"to":[-0.11,0.102,0],"ti":[0.112,-0.1,0]},{"i":{"x":0.833,"y":0.834},"o":{"x":0.167,"y":0.167},"t":33,"s":[848.969,1232.703,0],"to":[-0.112,0.1,0],"ti":[0.113,-0.098,0]},{"i":{"x":0.833,"y":0.834},"o":{"x":0.167,"y":0.167},"t":34,"s":[848.632,1233.001,0],"to":[-0.113,0.098,0],"ti":[0.114,-0.096,0]},{"i":{"x":0.833,"y":0.834},"o":{"x":0.167,"y":0.167},"t":35,"s":[848.292,1233.291,0],"to":[-0.114,0.096,0],"ti":[0.114,-0.093,0]},{"i":{"x":0.833,"y":0.834},"o":{"x":0.167,"y":0.167},"t":36,"s":[847.95,1233.575,0],"to":[-0.114,0.093,0],"ti":[0.115,-0.091,0]},{"i":{"x":0.833,"y":0.834},"o":{"x":0.167,"y":0.168},"t":37,"s":[847.607,1233.851,0],"to":[-0.115,0.091,0],"ti":[0.115,-0.088,0]},{"i":{"x":0.833,"y":0.835},"o":{"x":0.167,"y":0.168},"t":38,"s":[847.263,1234.119,0],"to":[-0.115,0.088,0],"ti":[0.114,-0.085,0]},{"i":{"x":0.833,"y":0.835},"o":{"x":0.167,"y":0.168},"t":39,"s":[846.919,1234.379,0],"to":[-0.114,0.085,0],"ti":[0.114,-0.082,0]},{"i":{"x":0.833,"y":0.835},"o":{"x":0.167,"y":0.168},"t":40,"s":[846.577,1234.629,0],"to":[-0.114,0.082,0],"ti":[0.113,-0.078,0]},{"i":{"x":0.833,"y":0.835},"o":{"x":0.167,"y":0.168},"t":41,"s":[846.237,1234.869,0],"to":[-0.113,0.078,0],"ti":[0.112,-0.075,0]},{"i":{"x":0.833,"y":0.835},"o":{"x":0.167,"y":0.169},"t":42,"s":[845.899,1235.098,0],"to":[-0.112,0.075,0],"ti":[0.11,-0.071,0]},{"i":{"x":0.833,"y":0.836},"o":{"x":0.167,"y":0.169},"t":43,"s":[845.566,1235.317,0],"to":[-0.11,0.071,0],"ti":[0.109,-0.067,0]},{"i":{"x":0.833,"y":0.836},"o":{"x":0.167,"y":0.169},"t":44,"s":[845.237,1235.525,0],"to":[-0.109,0.067,0],"ti":[0.107,-0.063,0]},{"i":{"x":0.833,"y":0.836},"o":{"x":0.167,"y":0.169},"t":45,"s":[844.913,1235.72,0],"to":[-0.107,0.063,0],"ti":[0.105,-0.059,0]},{"i":{"x":0.833,"y":0.836},"o":{"x":0.167,"y":0.17},"t":46,"s":[844.596,1235.903,0],"to":[-0.105,0.059,0],"ti":[0.102,-0.055,0]},{"i":{"x":0.833,"y":0.837},"o":{"x":0.167,"y":0.17},"t":47,"s":[844.286,1236.073,0],"to":[-0.102,0.055,0],"ti":[0.099,-0.05,0]},{"i":{"x":0.833,"y":0.837},"o":{"x":0.167,"y":0.17},"t":48,"s":[843.984,1236.23,0],"to":[-0.099,0.05,0],"ti":[0.096,-0.045,0]},{"i":{"x":0.833,"y":0.837},"o":{"x":0.167,"y":0.171},"t":49,"s":[843.69,1236.374,0],"to":[-0.096,0.045,0],"ti":[0.093,-0.041,0]},{"i":{"x":0.833,"y":0.838},"o":{"x":0.167,"y":0.171},"t":50,"s":[843.406,1236.503,0],"to":[-0.093,0.041,0],"ti":[0.089,-0.036,0]},{"i":{"x":0.833,"y":0.838},"o":{"x":0.167,"y":0.171},"t":51,"s":[843.133,1236.617,0],"to":[-0.089,0.036,0],"ti":[0.086,-0.031,0]},{"i":{"x":0.833,"y":0.839},"o":{"x":0.167,"y":0.172},"t":52,"s":[842.87,1236.717,0],"to":[-0.086,0.031,0],"ti":[0.082,-0.026,0]},{"i":{"x":0.833,"y":0.839},"o":{"x":0.167,"y":0.172},"t":53,"s":[842.619,1236.802,0],"to":[-0.082,0.026,0],"ti":[0.077,-0.021,0]},{"i":{"x":0.833,"y":0.839},"o":{"x":0.167,"y":0.173},"t":54,"s":[842.38,1236.872,0],"to":[-0.077,0.021,0],"ti":[0.073,-0.015,0]},{"i":{"x":0.833,"y":0.84},"o":{"x":0.167,"y":0.173},"t":55,"s":[842.154,1236.926,0],"to":[-0.073,0.015,0],"ti":[0.068,-0.01,0]},{"i":{"x":0.833,"y":0.84},"o":{"x":0.167,"y":0.174},"t":56,"s":[841.943,1236.964,0],"to":[-0.068,0.01,0],"ti":[0.063,-0.005,0]},{"i":{"x":0.833,"y":0.84},"o":{"x":0.167,"y":0.174},"t":57,"s":[841.745,1236.986,0],"to":[-0.063,0.005,0],"ti":[0.058,0.001,0]},{"i":{"x":0.833,"y":0.84},"o":{"x":0.167,"y":0.174},"t":58,"s":[841.562,1236.992,0],"to":[-0.058,-0.001,0],"ti":[0.053,0.006,0]},{"i":{"x":0.833,"y":0.84},"o":{"x":0.167,"y":0.174},"t":59,"s":[841.395,1236.981,0],"to":[-0.053,-0.006,0],"ti":[0.048,0.012,0]},{"i":{"x":0.833,"y":0.839},"o":{"x":0.167,"y":0.174},"t":60,"s":[841.245,1236.954,0],"to":[-0.048,-0.012,0],"ti":[0.042,0.017,0]},{"i":{"x":0.833,"y":0.837},"o":{"x":0.167,"y":0.173},"t":61,"s":[841.11,1236.911,0],"to":[-0.042,-0.017,0],"ti":[0.036,0.023,0]},{"i":{"x":0.833,"y":0.835},"o":{"x":0.167,"y":0.171},"t":62,"s":[840.993,1236.851,0],"to":[-0.036,-0.023,0],"ti":[0.03,0.028,0]},{"i":{"x":0.833,"y":0.832},"o":{"x":0.167,"y":0.168},"t":63,"s":[840.893,1236.775,0],"to":[-0.03,-0.028,0],"ti":[0.024,0.034,0]},{"i":{"x":0.833,"y":0.829},"o":{"x":0.167,"y":0.165},"t":64,"s":[840.811,1236.682,0],"to":[-0.024,-0.034,0],"ti":[0.018,0.039,0]},{"i":{"x":0.833,"y":0.827},"o":{"x":0.167,"y":0.162},"t":65,"s":[840.748,1236.573,0],"to":[-0.018,-0.039,0],"ti":[0.012,0.044,0]},{"i":{"x":0.833,"y":0.826},"o":{"x":0.167,"y":0.161},"t":66,"s":[840.703,1236.448,0],"to":[-0.012,-0.044,0],"ti":[0.006,0.05,0]},{"i":{"x":0.833,"y":0.825},"o":{"x":0.167,"y":0.16},"t":67,"s":[840.676,1236.307,0],"to":[-0.006,-0.05,0],"ti":[-0.001,0.055,0]},{"i":{"x":0.833,"y":0.825},"o":{"x":0.167,"y":0.159},"t":68,"s":[840.669,1236.15,0],"to":[0.001,-0.055,0],"ti":[-0.007,0.06,0]},{"i":{"x":0.833,"y":0.825},"o":{"x":0.167,"y":0.159},"t":69,"s":[840.682,1235.978,0],"to":[0.007,-0.06,0],"ti":[-0.014,0.065,0]},{"i":{"x":0.833,"y":0.826},"o":{"x":0.167,"y":0.159},"t":70,"s":[840.713,1235.791,0],"to":[0.014,-0.065,0],"ti":[-0.02,0.07,0]},{"i":{"x":0.833,"y":0.826},"o":{"x":0.167,"y":0.16},"t":71,"s":[840.765,1235.589,0],"to":[0.02,-0.07,0],"ti":[-0.027,0.074,0]},{"i":{"x":0.833,"y":0.827},"o":{"x":0.167,"y":0.16},"t":72,"s":[840.835,1235.372,0],"to":[0.027,-0.074,0],"ti":[-0.033,0.079,0]},{"i":{"x":0.833,"y":0.827},"o":{"x":0.167,"y":0.16},"t":73,"s":[840.926,1235.142,0],"to":[0.033,-0.079,0],"ti":[-0.04,0.083,0]},{"i":{"x":0.833,"y":0.828},"o":{"x":0.167,"y":0.161},"t":74,"s":[841.036,1234.898,0],"to":[0.04,-0.083,0],"ti":[-0.047,0.087,0]},{"i":{"x":0.833,"y":0.829},"o":{"x":0.167,"y":0.162},"t":75,"s":[841.166,1234.642,0],"to":[0.047,-0.087,0],"ti":[-0.053,0.089,0]},{"i":{"x":0.833,"y":0.829},"o":{"x":0.167,"y":0.162},"t":76,"s":[841.316,1234.377,0],"to":[0.053,-0.089,0],"ti":[-0.06,0.091,0]},{"i":{"x":0.833,"y":0.83},"o":{"x":0.167,"y":0.163},"t":77,"s":[841.486,1234.106,0],"to":[0.06,-0.091,0],"ti":[-0.066,0.093,0]},{"i":{"x":0.833,"y":0.83},"o":{"x":0.167,"y":0.163},"t":78,"s":[841.675,1233.829,0],"to":[0.066,-0.093,0],"ti":[-0.072,0.095,0]},{"i":{"x":0.833,"y":0.83},"o":{"x":0.167,"y":0.163},"t":79,"s":[841.883,1233.546,0],"to":[0.072,-0.095,0],"ti":[-0.077,0.097,0]},{"i":{"x":0.833,"y":0.831},"o":{"x":0.167,"y":0.164},"t":80,"s":[842.107,1233.258,0],"to":[0.077,-0.097,0],"ti":[-0.082,0.098,0]},{"i":{"x":0.833,"y":0.831},"o":{"x":0.167,"y":0.164},"t":81,"s":[842.347,1232.967,0],"to":[0.082,-0.098,0],"ti":[-0.087,0.099,0]},{"i":{"x":0.833,"y":0.831},"o":{"x":0.167,"y":0.164},"t":82,"s":[842.601,1232.672,0],"to":[0.087,-0.099,0],"ti":[-0.092,0.099,0]},{"i":{"x":0.833,"y":0.832},"o":{"x":0.167,"y":0.165},"t":83,"s":[842.87,1232.375,0],"to":[0.092,-0.099,0],"ti":[-0.096,0.1,0]},{"i":{"x":0.833,"y":0.832},"o":{"x":0.167,"y":0.165},"t":84,"s":[843.151,1232.076,0],"to":[0.096,-0.1,0],"ti":[-0.099,0.1,0]},{"i":{"x":0.833,"y":0.832},"o":{"x":0.167,"y":0.165},"t":85,"s":[843.444,1231.777,0],"to":[0.099,-0.1,0],"ti":[-0.103,0.099,0]},{"i":{"x":0.833,"y":0.832},"o":{"x":0.167,"y":0.166},"t":86,"s":[843.748,1231.479,0],"to":[0.103,-0.099,0],"ti":[-0.106,0.099,0]},{"i":{"x":0.833,"y":0.833},"o":{"x":0.167,"y":0.166},"t":87,"s":[844.06,1231.182,0],"to":[0.106,-0.099,0],"ti":[-0.108,0.098,0]},{"i":{"x":0.833,"y":0.833},"o":{"x":0.167,"y":0.166},"t":88,"s":[844.382,1230.887,0],"to":[0.108,-0.098,0],"ti":[-0.111,0.096,0]},{"i":{"x":0.833,"y":0.833},"o":{"x":0.167,"y":0.166},"t":89,"s":[844.71,1230.597,0],"to":[0.111,-0.096,0],"ti":[-0.112,0.094,0]},{"i":{"x":0.833,"y":0.834},"o":{"x":0.167,"y":0.167},"t":90,"s":[845.045,1230.311,0],"to":[0.112,-0.094,0],"ti":[-0.114,0.092,0]},{"i":{"x":0.833,"y":0.834},"o":{"x":0.167,"y":0.167},"t":91,"s":[845.385,1230.031,0],"to":[0.114,-0.092,0],"ti":[-0.115,0.09,0]},{"i":{"x":0.833,"y":0.834},"o":{"x":0.167,"y":0.167},"t":92,"s":[845.729,1229.758,0],"to":[0.115,-0.09,0],"ti":[-0.116,0.087,0]},{"i":{"x":0.833,"y":0.834},"o":{"x":0.167,"y":0.168},"t":93,"s":[846.075,1229.493,0],"to":[0.116,-0.087,0],"ti":[-0.116,0.083,0]},{"i":{"x":0.833,"y":0.833},"o":{"x":0.167,"y":0.168},"t":94,"s":[846.423,1229.239,0],"to":[0.116,-0.083,0],"ti":[-0.117,0.081,0]},{"i":{"x":0.833,"y":0.833},"o":{"x":0.167,"y":0.166},"t":95,"s":[846.772,1228.995,0],"to":[0.117,-0.081,0],"ti":[-0.117,0.082,0]},{"i":{"x":0.833,"y":0.833},"o":{"x":0.167,"y":0.166},"t":96,"s":[847.123,1228.751,0],"to":[0.117,-0.082,0],"ti":[-0.117,0.083,0]},{"i":{"x":0.833,"y":0.833},"o":{"x":0.167,"y":0.166},"t":97,"s":[847.475,1228.504,0],"to":[0.117,-0.083,0],"ti":[-0.117,0.084,0]},{"i":{"x":0.833,"y":0.833},"o":{"x":0.167,"y":0.167},"t":98,"s":[847.828,1228.254,0],"to":[0.117,-0.084,0],"ti":[-0.117,0.084,0]},{"i":{"x":0.833,"y":0.834},"o":{"x":0.167,"y":0.167},"t":99,"s":[848.18,1228.003,0],"to":[0.117,-0.084,0],"ti":[-0.117,0.084,0]},{"i":{"x":0.833,"y":0.834},"o":{"x":0.167,"y":0.167},"t":100,"s":[848.531,1227.75,0],"to":[0.117,-0.084,0],"ti":[-0.116,0.085,0]},{"i":{"x":0.833,"y":0.834},"o":{"x":0.167,"y":0.167},"t":101,"s":[848.879,1227.496,0],"to":[0.116,-0.085,0],"ti":[-0.114,0.085,0]},{"i":{"x":0.833,"y":0.834},"o":{"x":0.167,"y":0.167},"t":102,"s":[849.225,1227.242,0],"to":[0.114,-0.085,0],"ti":[-0.113,0.084,0]},{"i":{"x":0.833,"y":0.834},"o":{"x":0.167,"y":0.168},"t":103,"s":[849.566,1226.988,0],"to":[0.113,-0.084,0],"ti":[-0.111,0.084,0]},{"i":{"x":0.833,"y":0.835},"o":{"x":0.167,"y":0.168},"t":104,"s":[849.901,1226.735,0],"to":[0.111,-0.084,0],"ti":[-0.109,0.084,0]},{"i":{"x":0.833,"y":0.835},"o":{"x":0.167,"y":0.168},"t":105,"s":[850.231,1226.483,0],"to":[0.109,-0.084,0],"ti":[-0.106,0.083,0]},{"i":{"x":0.833,"y":0.835},"o":{"x":0.167,"y":0.168},"t":106,"s":[850.554,1226.234,0],"to":[0.106,-0.083,0],"ti":[-0.104,0.082,0]},{"i":{"x":0.833,"y":0.835},"o":{"x":0.167,"y":0.169},"t":107,"s":[850.87,1225.987,0],"to":[0.104,-0.082,0],"ti":[-0.101,0.081,0]},{"i":{"x":0.833,"y":0.836},"o":{"x":0.167,"y":0.169},"t":108,"s":[851.176,1225.743,0],"to":[0.101,-0.081,0],"ti":[-0.097,0.079,0]},{"i":{"x":0.833,"y":0.836},"o":{"x":0.167,"y":0.169},"t":109,"s":[851.474,1225.504,0],"to":[0.097,-0.079,0],"ti":[-0.094,0.078,0]},{"i":{"x":0.833,"y":0.836},"o":{"x":0.167,"y":0.169},"t":110,"s":[851.761,1225.268,0],"to":[0.094,-0.078,0],"ti":[-0.09,0.076,0]},{"i":{"x":0.833,"y":0.837},"o":{"x":0.167,"y":0.17},"t":111,"s":[852.037,1225.038,0],"to":[0.09,-0.076,0],"ti":[-0.086,0.074,0]},{"i":{"x":0.833,"y":0.837},"o":{"x":0.167,"y":0.17},"t":112,"s":[852.302,1224.814,0],"to":[0.086,-0.074,0],"ti":[-0.082,0.072,0]},{"i":{"x":0.833,"y":0.837},"o":{"x":0.167,"y":0.17},"t":113,"s":[852.555,1224.595,0],"to":[0.082,-0.072,0],"ti":[-0.078,0.069,0]},{"i":{"x":0.833,"y":0.838},"o":{"x":0.167,"y":0.171},"t":114,"s":[852.794,1224.384,0],"to":[0.078,-0.069,0],"ti":[-0.073,0.067,0]},{"i":{"x":0.833,"y":0.838},"o":{"x":0.167,"y":0.171},"t":115,"s":[853.02,1224.18,0],"to":[0.073,-0.067,0],"ti":[-0.068,0.064,0]},{"i":{"x":0.833,"y":0.839},"o":{"x":0.167,"y":0.172},"t":116,"s":[853.231,1223.983,0],"to":[0.068,-0.064,0],"ti":[-0.063,0.061,0]},{"i":{"x":0.833,"y":0.839},"o":{"x":0.167,"y":0.172},"t":117,"s":[853.427,1223.795,0],"to":[0.063,-0.061,0],"ti":[-0.058,0.058,0]},{"i":{"x":0.833,"y":0.833},"o":{"x":0.167,"y":0.173},"t":118,"s":[853.608,1223.616,0],"to":[0.058,-0.058,0],"ti":[-0.027,0.028,0]},{"t":119.000004846969,"s":[853.773,1223.447,0]}],"ix":2},"a":{"a":0,"k":[390.5,145.5,0],"ix":1},"s":{"a":0,"k":[100,100,100],"ix":6}},"ao":0,"ip":0,"op":120.0000048877,"st":0,"bm":0},{"ddd":0,"ind":4,"ty":2,"nm":"click","refId":"image_2","sr":1,"ks":{"o":{"a":0,"k":100,"ix":11},"r":{"a":0,"k":0,"ix":10},"p":{"a":1,"k":[{"i":{"x":0.667,"y":1},"o":{"x":0.333,"y":0},"t":14,"s":[1116,855.5,0],"to":[-20.333,-25.667,0],"ti":[20.333,25.667,0]},{"i":{"x":0.667,"y":0.667},"o":{"x":0.333,"y":0.333},"t":32,"s":[994,701.5,0],"to":[0,0,0],"ti":[0,0,0]},{"i":{"x":0.667,"y":1},"o":{"x":0.333,"y":0},"t":82,"s":[994,701.5,0],"to":[20.333,25.667,0],"ti":[-20.333,-25.667,0]},{"t":101.000004113814,"s":[1116,855.5,0]}],"ix":2},"a":{"a":0,"k":[124,126,0],"ix":1},"s":{"a":1,"k":[{"i":{"x":[0.667,0.667,0.667],"y":[1,1,1]},"o":{"x":[0.333,0.333,0.333],"y":[0,0,0]},"t":43,"s":[100,100,100]},{"i":{"x":[0.667,0.667,0.667],"y":[1,1,1]},"o":{"x":[0.333,0.333,0.333],"y":[0,0,0]},"t":46,"s":[90,90,100]},{"t":49.0000019958109,"s":[100,100,100]}],"ix":6}},"ao":0,"ip":0,"op":120.0000048877,"st":0,"bm":0},{"ddd":0,"ind":6,"ty":2,"nm":"strategy_1.png","cl":"png","refId":"image_3","sr":1,"ks":{"o":{"a":1,"k":[{"i":{"x":[0.667],"y":[1]},"o":{"x":[0.333],"y":[0]},"t":44,"s":[0]},{"i":{"x":[0.667],"y":[1]},"o":{"x":[0.333],"y":[0]},"t":45.154,"s":[100]},{"i":{"x":[0.667],"y":[1]},"o":{"x":[0.333],"y":[0]},"t":49.498,"s":[100]},{"t":50.9237520741669,"s":[0]}],"ix":11},"r":{"a":0,"k":0,"ix":10},"p":{"a":0,"k":[878,588,0],"ix":2},"a":{"a":0,"k":[69.5,69.5,0],"ix":1},"s":{"a":0,"k":[100,100,100],"ix":6}},"ao":0,"ip":0,"op":120.0000048877,"st":0,"bm":0},{"ddd":0,"ind":7,"ty":2,"nm":"strategy_2.png","cl":"png","refId":"image_4","sr":1,"ks":{"o":{"a":1,"k":[{"i":{"x":[0.667],"y":[1]},"o":{"x":[0.333],"y":[0]},"t":47.269,"s":[0]},{"i":{"x":[0.667],"y":[1]},"o":{"x":[0.333],"y":[0]},"t":48.424,"s":[100]},{"i":{"x":[0.667],"y":[1]},"o":{"x":[0.333],"y":[0]},"t":53.039,"s":[100]},{"t":54.4650022184049,"s":[0]}],"ix":11},"r":{"a":0,"k":0,"ix":10},"p":{"a":0,"k":[878,588,0],"ix":2},"a":{"a":0,"k":[138.5,138.5,0],"ix":1},"s":{"a":0,"k":[100,100,100],"ix":6}},"ao":0,"ip":0,"op":120.0000048877,"st":0,"bm":0},{"ddd":0,"ind":8,"ty":2,"nm":"strategy_3.5.png","cl":"5 png","refId":"image_5","sr":1,"ks":{"o":{"a":1,"k":[{"i":{"x":[0.667],"y":[1]},"o":{"x":[0.333],"y":[0]},"t":50.539,"s":[0]},{"i":{"x":[0.667],"y":[1]},"o":{"x":[0.333],"y":[0]},"t":51.693,"s":[100]},{"i":{"x":[0.667],"y":[1]},"o":{"x":[0.333],"y":[0]},"t":56.308,"s":[100]},{"t":57.7350023515948,"s":[0]}],"ix":11},"r":{"a":0,"k":0,"ix":10},"p":{"a":0,"k":[878,588,0],"ix":2},"a":{"a":0,"k":[208,208,0],"ix":1},"s":{"a":0,"k":[100,100,100],"ix":6}},"ao":0,"ip":0,"op":120.0000048877,"st":0,"bm":0},{"ddd":0,"ind":9,"ty":2,"nm":"strategy_3.png","cl":"png","refId":"image_6","sr":1,"ks":{"o":{"a":1,"k":[{"i":{"x":[0.667],"y":[1]},"o":{"x":[0.333],"y":[0]},"t":53.808,"s":[0]},{"i":{"x":[0.667],"y":[1]},"o":{"x":[0.333],"y":[0]},"t":54.961,"s":[100]},{"i":{"x":[0.667],"y":[1]},"o":{"x":[0.333],"y":[0]},"t":59.305,"s":[100]},{"t":60.7312524736345,"s":[0]}],"ix":11},"r":{"a":0,"k":0,"ix":10},"p":{"a":0,"k":[878,588,0],"ix":2},"a":{"a":0,"k":[277.5,277.5,0],"ix":1},"s":{"a":0,"k":[100,100,100],"ix":6}},"ao":0,"ip":0,"op":120.0000048877,"st":0,"bm":0},{"ddd":0,"ind":10,"ty":2,"nm":"strategy_4.png","cl":"png","refId":"image_7","sr":1,"ks":{"o":{"a":1,"k":[{"i":{"x":[0.667],"y":[1]},"o":{"x":[0.333],"y":[0]},"t":57.076,"s":[0]},{"i":{"x":[0.667],"y":[1]},"o":{"x":[0.333],"y":[0]},"t":58.231,"s":[100]},{"i":{"x":[0.667],"y":[1]},"o":{"x":[0.333],"y":[0]},"t":62.574,"s":[100]},{"t":64.0000026067734,"s":[0]}],"ix":11},"r":{"a":0,"k":0,"ix":10},"p":{"a":0,"k":[878,588,0],"ix":2},"a":{"a":0,"k":[346.5,346.5,0],"ix":1},"s":{"a":0,"k":[100,100,100],"ix":6}},"ao":0,"ip":0,"op":120.0000048877,"st":0,"bm":0},{"ddd":0,"ind":11,"ty":2,"nm":"board","refId":"image_8","sr":1,"ks":{"o":{"a":0,"k":100,"ix":11},"r":{"a":0,"k":0,"ix":10},"p":{"a":0,"k":[856.5,721.5,0],"ix":2},"a":{"a":0,"k":[383.5,495,0],"ix":1},"s":{"a":0,"k":[100,100,100],"ix":6}},"ao":0,"ip":0,"op":120.0000048877,"st":0,"bm":0},{"ddd":0,"ind":12,"ty":0,"nm":"dots Comp ","refId":"comp_0","sr":1,"ks":{"o":{"a":0,"k":100,"ix":11},"r":{"a":0,"k":0,"ix":10},"p":{"a":0,"k":[850,850,0],"ix":2},"a":{"a":0,"k":[850,850,0],"ix":1},"s":{"a":0,"k":[100,100,100],"ix":6}},"ao":0,"hasMask":true,"masksProperties":[{"inv":false,"mode":"a","pt":{"a":0,"k":{"i":[[274.209,0],[0,-273.381],[-274.209,0],[0,273.381]],"o":[[-274.209,0],[0,273.381],[274.209,0],[0,-273.381]],"v":[[849.5,354],[353,849],[849.5,1344],[1346,849]],"c":true},"ix":1},"o":{"a":0,"k":100,"ix":3},"x":{"a":0,"k":0,"ix":4},"nm":"Mask 1"},{"inv":false,"mode":"i","pt":{"a":0,"k":{"i":[[0,0],[0,0],[0,0],[0,0]],"o":[[0,0],[0,0],[0,0],[0,0]],"v":[[809.078,654],[292,654],[292,1405.547],[809.078,1405.547]],"c":true},"ix":1},"o":{"a":0,"k":100,"ix":3},"x":{"a":0,"k":0,"ix":4},"nm":"Mask 2"}],"w":1700,"h":1700,"ip":0,"op":120.0000048877,"st":0,"bm":0},{"ddd":0,"ind":13,"ty":2,"nm":"circle","refId":"image_10","sr":1,"ks":{"o":{"a":0,"k":100,"ix":11},"r":{"a":0,"k":0,"ix":10},"p":{"a":0,"k":[850,850,0],"ix":2},"a":{"a":0,"k":[497.5,497.5,0],"ix":1},"s":{"a":0,"k":[100,100,100],"ix":6}},"ao":0,"ip":0,"op":120.0000048877,"st":0,"bm":0}],"markers":[]}