{"v":"5.6.5","fr":29.9700012207031,"ip":0,"op":90.0000036657751,"w":1700,"h":1700,"nm":"AI_Creative Frontend","ddd":0,"assets":[{"id":"image_0","w":60,"h":202,"u":"images/","p":"img_0.png","e":0},{"id":"image_1","w":90,"h":141,"u":"images/","p":"img_1.png","e":0},{"id":"image_2","w":91,"h":142,"u":"images/","p":"img_2.png","e":0},{"id":"image_3","w":1700,"h":1700,"u":"images/","p":"img_3.png","e":0},{"id":"image_4","w":1700,"h":1700,"u":"images/","p":"img_4.png","e":0},{"id":"image_5","w":1700,"h":1700,"u":"images/","p":"img_5.png","e":0},{"id":"image_6","w":227,"h":392,"u":"images/","p":"img_6.png","e":0},{"id":"image_7","w":276,"h":554,"u":"images/","p":"img_7.png","e":0},{"id":"image_8","w":276,"h":554,"u":"images/","p":"img_8.png","e":0},{"id":"image_9","w":556,"h":959,"u":"images/","p":"img_9.png","e":0},{"id":"image_10","w":1700,"h":1700,"u":"images/","p":"img_10.png","e":0},{"id":"comp_0","layers":[{"ddd":0,"ind":1,"ty":2,"nm":"/","refId":"image_0","sr":1,"ks":{"o":{"a":0,"k":100,"ix":11},"r":{"a":0,"k":0,"ix":10},"p":{"a":0,"k":[446,711,0],"ix":2},"a":{"a":0,"k":[30,101,0],"ix":1},"s":{"a":0,"k":[100,100,100],"ix":6}},"ao":0,"ip":0,"op":90.0000036657751,"st":0,"bm":0},{"ddd":0,"ind":2,"ty":2,"nm":"<","refId":"image_1","sr":1,"ks":{"o":{"a":0,"k":100,"ix":11},"r":{"a":0,"k":0,"ix":10},"p":{"a":1,"k":[{"i":{"x":0.667,"y":1},"o":{"x":0.333,"y":0},"t":10,"s":[358.5,720.375,0],"to":[-10.833,1.833,0],"ti":[0,0,0]},{"i":{"x":0.667,"y":1},"o":{"x":0.333,"y":0},"t":41,"s":[293.5,731.375,0],"to":[0,0,0],"ti":[-10.833,1.833,0]},{"t":75.0000030548126,"s":[358.5,720.375,0]}],"ix":2},"a":{"a":0,"k":[45,70.5,0],"ix":1},"s":{"a":0,"k":[100,100,100],"ix":6}},"ao":0,"ip":0,"op":90.0000036657751,"st":0,"bm":0},{"ddd":0,"ind":3,"ty":2,"nm":">","refId":"image_2","sr":1,"ks":{"o":{"a":0,"k":100,"ix":11},"r":{"a":0,"k":0,"ix":10},"p":{"a":1,"k":[{"i":{"x":0.667,"y":1},"o":{"x":0.333,"y":0},"t":10,"s":[542.875,703.375,0],"to":[11.333,-1.5,0],"ti":[0,0,0]},{"i":{"x":0.667,"y":1},"o":{"x":0.333,"y":0},"t":41,"s":[610.875,694.375,0],"to":[0,0,0],"ti":[11.333,-1.5,0]},{"t":75.0000030548126,"s":[542.875,703.375,0]}],"ix":2},"a":{"a":0,"k":[45.5,71,0],"ix":1},"s":{"a":0,"k":[100,100,100],"ix":6}},"ao":0,"ip":0,"op":90.0000036657751,"st":0,"bm":0}]},{"id":"comp_1","layers":[{"ddd":0,"ind":1,"ty":2,"nm":"orange_B 2","refId":"image_7","sr":1,"ks":{"o":{"a":0,"k":100,"ix":11},"r":{"a":0,"k":0,"ix":10},"p":{"s":true,"x":{"a":1,"k":[{"i":{"x":[0.833],"y":[0.059]},"o":{"x":[0.167],"y":[0]},"t":12,"s":[-138]},{"i":{"x":[0.566],"y":[0.995]},"o":{"x":[0.46],"y":[0.004]},"t":40,"s":[-138]},{"t":52.0000021180034,"s":[138]}],"ix":3},"y":{"a":1,"k":[{"i":{"x":[0.833],"y":[0.833]},"o":{"x":[0.167],"y":[0.167]},"t":12,"s":[277]},{"i":{"x":[0.975],"y":[1]},"o":{"x":[0.025],"y":[0]},"t":40,"s":[277]},{"t":52.0000021180034,"s":[277]}],"ix":4}},"a":{"a":0,"k":[138,277,0],"ix":1},"s":{"a":0,"k":[100,100,100],"ix":6}},"ao":0,"ip":0,"op":90.0000036657751,"st":0,"bm":0},{"ddd":0,"ind":2,"ty":1,"nm":"Medium Gray-Blue Solid 1","parent":1,"sr":1,"ks":{"o":{"a":0,"k":100,"ix":11},"r":{"a":0,"k":0,"ix":10},"p":{"a":0,"k":[138,277,0],"ix":2},"a":{"a":0,"k":[138,277,0],"ix":1},"s":{"a":0,"k":[100,100,100],"ix":6}},"ao":0,"sw":276,"sh":554,"sc":"#263c94","ip":0,"op":90.0000036657751,"st":0,"bm":0},{"ddd":0,"ind":3,"ty":2,"nm":"orange_B","refId":"image_7","sr":1,"ks":{"o":{"a":0,"k":100,"ix":11},"r":{"a":0,"k":0,"ix":10},"p":{"s":true,"x":{"a":1,"k":[{"i":{"x":[0.557],"y":[1.016]},"o":{"x":[0.309],"y":[0.006]},"t":0,"s":[138]},{"i":{"x":[0.833],"y":[0.833]},"o":{"x":[0.167],"y":[0.167]},"t":12,"s":[414.188]},{"t":40.0000016292334,"s":[414.188]}],"ix":3},"y":{"a":1,"k":[{"i":{"x":[0.975],"y":[1]},"o":{"x":[0.025],"y":[0]},"t":0,"s":[277]},{"i":{"x":[0.833],"y":[0.833]},"o":{"x":[0.167],"y":[0.167]},"t":12,"s":[277]},{"t":40.0000016292334,"s":[277]}],"ix":4}},"a":{"a":0,"k":[138,277,0],"ix":1},"s":{"a":0,"k":[100,100,100],"ix":6}},"ao":0,"ip":0,"op":90.0000036657751,"st":0,"bm":0},{"ddd":0,"ind":4,"ty":1,"nm":"Medium Gray-Blue Solid 1","parent":3,"sr":1,"ks":{"o":{"a":0,"k":100,"ix":11},"r":{"a":0,"k":0,"ix":10},"p":{"a":0,"k":[138,277,0],"ix":2},"a":{"a":0,"k":[138,277,0],"ix":1},"s":{"a":0,"k":[100,100,100],"ix":6}},"ao":0,"sw":276,"sh":554,"sc":"#263c94","ip":0,"op":90.0000036657751,"st":0,"bm":0},{"ddd":0,"ind":5,"ty":2,"nm":"orange_O","refId":"image_8","sr":1,"ks":{"o":{"a":0,"k":100,"ix":11},"r":{"a":0,"k":0,"ix":10},"p":{"s":true,"x":{"a":1,"k":[{"i":{"x":[0.557],"y":[1.017]},"o":{"x":[0.309],"y":[0.006]},"t":0,"s":[-137.5]},{"i":{"x":[0.833],"y":[0.202]},"o":{"x":[0.167],"y":[0]},"t":12,"s":[137.438]},{"i":{"x":[0.566],"y":[0.995]},"o":{"x":[0.46],"y":[0.003]},"t":40,"s":[137.438]},{"t":52.0000021180034,"s":[412.438]}],"ix":3},"y":{"a":1,"k":[{"i":{"x":[0.975],"y":[1]},"o":{"x":[0.025],"y":[0]},"t":0,"s":[277]},{"i":{"x":[0.833],"y":[0.833]},"o":{"x":[0.167],"y":[0.167]},"t":12,"s":[277]},{"i":{"x":[0.975],"y":[1]},"o":{"x":[0.025],"y":[0]},"t":40,"s":[277]},{"t":52.0000021180034,"s":[277]}],"ix":4}},"a":{"a":0,"k":[138,277,0],"ix":1},"s":{"a":0,"k":[100,100,100],"ix":6}},"ao":0,"ip":0,"op":90.0000036657751,"st":0,"bm":0},{"ddd":0,"ind":6,"ty":1,"nm":"Orange Solid 1","parent":5,"sr":1,"ks":{"o":{"a":0,"k":100,"ix":11},"r":{"a":0,"k":0,"ix":10},"p":{"a":0,"k":[138,277,0],"ix":2},"a":{"a":0,"k":[138,277,0],"ix":1},"s":{"a":0,"k":[100,100,100],"ix":6}},"ao":0,"sw":276,"sh":554,"sc":"#ee6624","ip":0,"op":90.0000036657751,"st":0,"bm":0}]}],"layers":[{"ddd":0,"ind":1,"ty":0,"nm":"</>","refId":"comp_0","sr":1,"ks":{"o":{"a":0,"k":100,"ix":11},"r":{"a":0,"k":0,"ix":10},"p":{"a":0,"k":[850,850,0],"ix":2,"x":"var $bm_rt;\nvar freq, amp, loopTime, t, wiggle1, wiggle2;\nfreq = 0.4;\namp = 100;\nloopTime = thisComp.duration;\nt = $bm_mod(time, loopTime);\nwiggle1 = wiggle(freq, amp, 0.5, 50, t);\nwiggle2 = wiggle(freq, amp, 0.5, 50, $bm_sub(t, loopTime));\n$bm_rt = linear(t, 0, loopTime, wiggle1, wiggle2);"},"a":{"a":0,"k":[850,850,0],"ix":1},"s":{"a":0,"k":[100,100,100],"ix":6}},"ao":0,"w":1700,"h":1700,"ip":0,"op":90.0000036657751,"st":0,"bm":0},{"ddd":0,"ind":2,"ty":2,"nm":"{ }","refId":"image_3","sr":1,"ks":{"o":{"a":0,"k":100,"ix":11},"r":{"a":0,"k":0,"ix":10},"p":{"a":1,"k":[{"i":{"x":0.833,"y":0.838},"o":{"x":0.167,"y":0.167},"t":0,"s":[890.584,792.715,0],"to":[0.206,-0.047,0],"ti":[-0.403,0.074,0]},{"i":{"x":0.833,"y":0.838},"o":{"x":0.167,"y":0.172},"t":1,"s":[891.817,792.433,0],"to":[0.403,-0.074,0],"ti":[-0.384,0.035,0]},{"i":{"x":0.833,"y":0.838},"o":{"x":0.167,"y":0.172},"t":2,"s":[892.999,792.268,0],"to":[0.384,-0.035,0],"ti":[-0.362,-0.005,0]},{"i":{"x":0.833,"y":0.838},"o":{"x":0.167,"y":0.172},"t":3,"s":[894.121,792.221,0],"to":[0.362,0.005,0],"ti":[-0.337,-0.045,0]},{"i":{"x":0.833,"y":0.838},"o":{"x":0.167,"y":0.172},"t":4,"s":[895.172,792.295,0],"to":[0.337,0.045,0],"ti":[-0.309,-0.087,0]},{"i":{"x":0.833,"y":0.836},"o":{"x":0.167,"y":0.171},"t":5,"s":[896.144,792.493,0],"to":[0.309,0.087,0],"ti":[-0.28,-0.127,0]},{"i":{"x":0.833,"y":0.834},"o":{"x":0.167,"y":0.169},"t":6,"s":[897.027,792.818,0],"to":[0.28,0.127,0],"ti":[-0.26,-0.155,0]},{"i":{"x":0.833,"y":0.834},"o":{"x":0.167,"y":0.167},"t":7,"s":[897.824,793.257,0],"to":[0.26,0.155,0],"ti":[-0.248,-0.172,0]},{"i":{"x":0.833,"y":0.834},"o":{"x":0.167,"y":0.167},"t":8,"s":[898.585,793.751,0],"to":[0.248,0.172,0],"ti":[-0.235,-0.187,0]},{"i":{"x":0.833,"y":0.834},"o":{"x":0.167,"y":0.167},"t":9,"s":[899.311,794.289,0],"to":[0.235,0.187,0],"ti":[-0.221,-0.201,0]},{"i":{"x":0.833,"y":0.834},"o":{"x":0.167,"y":0.167},"t":10,"s":[899.996,794.871,0],"to":[0.221,0.201,0],"ti":[-0.204,-0.214,0]},{"i":{"x":0.833,"y":0.834},"o":{"x":0.167,"y":0.167},"t":11,"s":[900.634,795.494,0],"to":[0.204,0.214,0],"ti":[-0.186,-0.227,0]},{"i":{"x":0.833,"y":0.834},"o":{"x":0.167,"y":0.167},"t":12,"s":[901.222,796.156,0],"to":[0.186,0.227,0],"ti":[-0.167,-0.24,0]},{"i":{"x":0.833,"y":0.834},"o":{"x":0.167,"y":0.167},"t":13,"s":[901.753,796.857,0],"to":[0.167,0.24,0],"ti":[-0.146,-0.251,0]},{"i":{"x":0.833,"y":0.833},"o":{"x":0.167,"y":0.167},"t":14,"s":[902.224,797.594,0],"to":[0.146,0.251,0],"ti":[-0.125,-0.263,0]},{"i":{"x":0.833,"y":0.833},"o":{"x":0.167,"y":0.167},"t":15,"s":[902.632,798.366,0],"to":[0.125,0.263,0],"ti":[-0.102,-0.273,0]},{"i":{"x":0.833,"y":0.832},"o":{"x":0.167,"y":0.166},"t":16,"s":[902.972,799.17,0],"to":[0.102,0.273,0],"ti":[-0.078,-0.284,0]},{"i":{"x":0.833,"y":0.832},"o":{"x":0.167,"y":0.166},"t":17,"s":[903.242,800.006,0],"to":[0.078,0.284,0],"ti":[-0.053,-0.293,0]},{"i":{"x":0.833,"y":0.831},"o":{"x":0.167,"y":0.165},"t":18,"s":[903.438,800.871,0],"to":[0.053,0.293,0],"ti":[-0.027,-0.302,0]},{"i":{"x":0.833,"y":0.831},"o":{"x":0.167,"y":0.165},"t":19,"s":[903.559,801.765,0],"to":[0.027,0.302,0],"ti":[-0.001,-0.311,0]},{"i":{"x":0.833,"y":0.831},"o":{"x":0.167,"y":0.164},"t":20,"s":[903.601,802.686,0],"to":[0.001,0.311,0],"ti":[0.027,-0.32,0]},{"i":{"x":0.833,"y":0.83},"o":{"x":0.167,"y":0.164},"t":21,"s":[903.562,803.633,0],"to":[-0.027,0.32,0],"ti":[0.055,-0.328,0]},{"i":{"x":0.833,"y":0.83},"o":{"x":0.167,"y":0.164},"t":22,"s":[903.44,804.604,0],"to":[-0.055,0.328,0],"ti":[0.083,-0.336,0]},{"i":{"x":0.833,"y":0.83},"o":{"x":0.167,"y":0.163},"t":23,"s":[903.235,805.599,0],"to":[-0.083,0.336,0],"ti":[0.112,-0.343,0]},{"i":{"x":0.833,"y":0.829},"o":{"x":0.167,"y":0.163},"t":24,"s":[902.942,806.617,0],"to":[-0.112,0.343,0],"ti":[0.142,-0.35,0]},{"i":{"x":0.833,"y":0.829},"o":{"x":0.167,"y":0.163},"t":25,"s":[902.563,807.658,0],"to":[-0.142,0.35,0],"ti":[0.172,-0.358,0]},{"i":{"x":0.833,"y":0.829},"o":{"x":0.167,"y":0.163},"t":26,"s":[902.093,808.72,0],"to":[-0.172,0.358,0],"ti":[0.202,-0.365,0]},{"i":{"x":0.833,"y":0.829},"o":{"x":0.167,"y":0.163},"t":27,"s":[901.533,809.803,0],"to":[-0.202,0.365,0],"ti":[0.233,-0.372,0]},{"i":{"x":0.833,"y":0.829},"o":{"x":0.167,"y":0.162},"t":28,"s":[900.881,810.908,0],"to":[-0.233,0.372,0],"ti":[0.264,-0.379,0]},{"i":{"x":0.833,"y":0.829},"o":{"x":0.167,"y":0.162},"t":29,"s":[900.135,812.034,0],"to":[-0.264,0.379,0],"ti":[0.296,-0.386,0]},{"i":{"x":0.833,"y":0.829},"o":{"x":0.167,"y":0.162},"t":30,"s":[899.295,813.181,0],"to":[-0.296,0.386,0],"ti":[0.329,-0.394,0]},{"i":{"x":0.833,"y":0.829},"o":{"x":0.167,"y":0.162},"t":31,"s":[898.357,814.35,0],"to":[-0.329,0.394,0],"ti":[0.362,-0.401,0]},{"i":{"x":0.833,"y":0.829},"o":{"x":0.167,"y":0.162},"t":32,"s":[897.322,815.542,0],"to":[-0.362,0.401,0],"ti":[0.395,-0.409,0]},{"i":{"x":0.833,"y":0.829},"o":{"x":0.167,"y":0.162},"t":33,"s":[896.187,816.758,0],"to":[-0.395,0.409,0],"ti":[0.429,-0.418,0]},{"i":{"x":0.833,"y":0.829},"o":{"x":0.167,"y":0.162},"t":34,"s":[894.95,817.998,0],"to":[-0.429,0.418,0],"ti":[0.464,-0.427,0]},{"i":{"x":0.833,"y":0.829},"o":{"x":0.167,"y":0.163},"t":35,"s":[893.611,819.265,0],"to":[-0.464,0.427,0],"ti":[0.499,-0.435,0]},{"i":{"x":0.833,"y":0.832},"o":{"x":0.167,"y":0.163},"t":36,"s":[892.166,820.559,0],"to":[-0.499,0.435,0],"ti":[0.529,-0.434,0]},{"i":{"x":0.833,"y":0.832},"o":{"x":0.167,"y":0.165},"t":37,"s":[890.618,821.876,0],"to":[-0.529,0.434,0],"ti":[0.552,-0.424,0]},{"i":{"x":0.833,"y":0.833},"o":{"x":0.167,"y":0.166},"t":38,"s":[888.995,823.166,0],"to":[-0.552,0.424,0],"ti":[0.571,-0.41,0]},{"i":{"x":0.833,"y":0.833},"o":{"x":0.167,"y":0.166},"t":39,"s":[887.308,824.418,0],"to":[-0.571,0.41,0],"ti":[0.588,-0.395,0]},{"i":{"x":0.833,"y":0.833},"o":{"x":0.167,"y":0.166},"t":40,"s":[885.567,825.627,0],"to":[-0.588,0.395,0],"ti":[0.601,-0.378,0]},{"i":{"x":0.833,"y":0.834},"o":{"x":0.167,"y":0.167},"t":41,"s":[883.782,826.788,0],"to":[-0.601,0.378,0],"ti":[0.611,-0.36,0]},{"i":{"x":0.833,"y":0.834},"o":{"x":0.167,"y":0.167},"t":42,"s":[881.962,827.897,0],"to":[-0.611,0.36,0],"ti":[0.617,-0.34,0]},{"i":{"x":0.833,"y":0.834},"o":{"x":0.167,"y":0.167},"t":43,"s":[880.117,828.948,0],"to":[-0.617,0.34,0],"ti":[0.621,-0.319,0]},{"i":{"x":0.833,"y":0.835},"o":{"x":0.167,"y":0.168},"t":44,"s":[878.257,829.938,0],"to":[-0.621,0.319,0],"ti":[0.62,-0.296,0]},{"i":{"x":0.833,"y":0.835},"o":{"x":0.167,"y":0.168},"t":45,"s":[876.394,830.862,0],"to":[-0.62,0.296,0],"ti":[0.616,-0.272,0]},{"i":{"x":0.833,"y":0.836},"o":{"x":0.167,"y":0.169},"t":46,"s":[874.536,831.716,0],"to":[-0.616,0.272,0],"ti":[0.609,-0.247,0]},{"i":{"x":0.833,"y":0.836},"o":{"x":0.167,"y":0.169},"t":47,"s":[872.696,832.495,0],"to":[-0.609,0.247,0],"ti":[0.598,-0.22,0]},{"i":{"x":0.833,"y":0.837},"o":{"x":0.167,"y":0.169},"t":48,"s":[870.883,833.197,0],"to":[-0.598,0.22,0],"ti":[0.584,-0.193,0]},{"i":{"x":0.833,"y":0.837},"o":{"x":0.167,"y":0.17},"t":49,"s":[869.108,833.817,0],"to":[-0.584,0.193,0],"ti":[0.566,-0.164,0]},{"i":{"x":0.833,"y":0.838},"o":{"x":0.167,"y":0.171},"t":50,"s":[867.381,834.352,0],"to":[-0.566,0.164,0],"ti":[0.545,-0.134,0]},{"i":{"x":0.833,"y":0.838},"o":{"x":0.167,"y":0.171},"t":51,"s":[865.713,834.8,0],"to":[-0.545,0.134,0],"ti":[0.52,-0.104,0]},{"i":{"x":0.833,"y":0.839},"o":{"x":0.167,"y":0.172},"t":52,"s":[864.113,835.157,0],"to":[-0.52,0.104,0],"ti":[0.492,-0.072,0]},{"i":{"x":0.833,"y":0.839},"o":{"x":0.167,"y":0.172},"t":53,"s":[862.592,835.421,0],"to":[-0.492,0.072,0],"ti":[0.462,-0.04,0]},{"i":{"x":0.833,"y":0.84},"o":{"x":0.167,"y":0.173},"t":54,"s":[861.159,835.59,0],"to":[-0.462,0.04,0],"ti":[0.428,-0.007,0]},{"i":{"x":0.833,"y":0.841},"o":{"x":0.167,"y":0.174},"t":55,"s":[859.823,835.662,0],"to":[-0.428,0.007,0],"ti":[0.391,0.026,0]},{"i":{"x":0.833,"y":0.841},"o":{"x":0.167,"y":0.175},"t":56,"s":[858.592,835.635,0],"to":[-0.391,-0.026,0],"ti":[0.352,0.059,0]},{"i":{"x":0.833,"y":0.841},"o":{"x":0.167,"y":0.175},"t":57,"s":[857.476,835.507,0],"to":[-0.352,-0.059,0],"ti":[0.31,0.093,0]},{"i":{"x":0.833,"y":0.84},"o":{"x":0.167,"y":0.175},"t":58,"s":[856.482,835.279,0],"to":[-0.31,-0.093,0],"ti":[0.266,0.127,0]},{"i":{"x":0.833,"y":0.839},"o":{"x":0.167,"y":0.174},"t":59,"s":[855.617,834.949,0],"to":[-0.266,-0.127,0],"ti":[0.219,0.161,0]},{"i":{"x":0.833,"y":0.836},"o":{"x":0.167,"y":0.172},"t":60,"s":[854.888,834.517,0],"to":[-0.219,-0.161,0],"ti":[0.171,0.195,0]},{"i":{"x":0.833,"y":0.832},"o":{"x":0.167,"y":0.169},"t":61,"s":[854.3,833.983,0],"to":[-0.171,-0.195,0],"ti":[0.122,0.228,0]},{"i":{"x":0.833,"y":0.828},"o":{"x":0.167,"y":0.165},"t":62,"s":[853.86,833.349,0],"to":[-0.122,-0.228,0],"ti":[0.07,0.261,0]},{"i":{"x":0.833,"y":0.825},"o":{"x":0.167,"y":0.161},"t":63,"s":[853.571,832.614,0],"to":[-0.07,-0.261,0],"ti":[0.018,0.294,0]},{"i":{"x":0.833,"y":0.823},"o":{"x":0.167,"y":0.159},"t":64,"s":[853.437,831.781,0],"to":[-0.018,-0.294,0],"ti":[-0.035,0.326,0]},{"i":{"x":0.833,"y":0.824},"o":{"x":0.167,"y":0.158},"t":65,"s":[853.462,830.852,0],"to":[0.035,-0.326,0],"ti":[-0.088,0.355,0]},{"i":{"x":0.833,"y":0.825},"o":{"x":0.167,"y":0.158},"t":66,"s":[853.647,829.828,0],"to":[0.088,-0.355,0],"ti":[-0.141,0.379,0]},{"i":{"x":0.833,"y":0.826},"o":{"x":0.167,"y":0.16},"t":67,"s":[853.993,828.72,0],"to":[0.141,-0.379,0],"ti":[-0.192,0.398,0]},{"i":{"x":0.833,"y":0.826},"o":{"x":0.167,"y":0.16},"t":68,"s":[854.495,827.553,0],"to":[0.192,-0.398,0],"ti":[-0.241,0.417,0]},{"i":{"x":0.833,"y":0.827},"o":{"x":0.167,"y":0.16},"t":69,"s":[855.146,826.329,0],"to":[0.241,-0.417,0],"ti":[-0.287,0.436,0]},{"i":{"x":0.833,"y":0.827},"o":{"x":0.167,"y":0.16},"t":70,"s":[855.94,825.049,0],"to":[0.287,-0.436,0],"ti":[-0.331,0.454,0]},{"i":{"x":0.833,"y":0.828},"o":{"x":0.167,"y":0.161},"t":71,"s":[856.87,823.714,0],"to":[0.331,-0.454,0],"ti":[-0.373,0.472,0]},{"i":{"x":0.833,"y":0.828},"o":{"x":0.167,"y":0.161},"t":72,"s":[857.929,822.325,0],"to":[0.373,-0.472,0],"ti":[-0.413,0.489,0]},{"i":{"x":0.833,"y":0.829},"o":{"x":0.167,"y":0.162},"t":73,"s":[859.11,820.884,0],"to":[0.413,-0.489,0],"ti":[-0.45,0.505,0]},{"i":{"x":0.833,"y":0.829},"o":{"x":0.167,"y":0.162},"t":74,"s":[860.406,819.394,0],"to":[0.45,-0.505,0],"ti":[-0.485,0.52,0]},{"i":{"x":0.833,"y":0.83},"o":{"x":0.167,"y":0.163},"t":75,"s":[861.811,817.856,0],"to":[0.485,-0.52,0],"ti":[-0.518,0.533,0]},{"i":{"x":0.833,"y":0.83},"o":{"x":0.167,"y":0.163},"t":76,"s":[863.317,816.276,0],"to":[0.518,-0.533,0],"ti":[-0.548,0.546,0]},{"i":{"x":0.833,"y":0.831},"o":{"x":0.167,"y":0.164},"t":77,"s":[864.918,814.656,0],"to":[0.548,-0.546,0],"ti":[-0.576,0.557,0]},{"i":{"x":0.833,"y":0.831},"o":{"x":0.167,"y":0.164},"t":78,"s":[866.606,813.001,0],"to":[0.576,-0.557,0],"ti":[-0.601,0.566,0]},{"i":{"x":0.833,"y":0.831},"o":{"x":0.167,"y":0.164},"t":79,"s":[868.373,811.316,0],"to":[0.601,-0.566,0],"ti":[-0.624,0.573,0]},{"i":{"x":0.833,"y":0.832},"o":{"x":0.167,"y":0.165},"t":80,"s":[870.212,809.607,0],"to":[0.624,-0.573,0],"ti":[-0.643,0.578,0]},{"i":{"x":0.833,"y":0.832},"o":{"x":0.167,"y":0.165},"t":81,"s":[872.115,807.879,0],"to":[0.643,-0.578,0],"ti":[-0.66,0.581,0]},{"i":{"x":0.833,"y":0.832},"o":{"x":0.167,"y":0.165},"t":82,"s":[874.073,806.138,0],"to":[0.66,-0.581,0],"ti":[-0.674,0.582,0]},{"i":{"x":0.833,"y":0.833},"o":{"x":0.167,"y":0.166},"t":83,"s":[876.077,804.392,0],"to":[0.674,-0.582,0],"ti":[-0.685,0.579,0]},{"i":{"x":0.833,"y":0.833},"o":{"x":0.167,"y":0.166},"t":84,"s":[878.119,802.649,0],"to":[0.685,-0.579,0],"ti":[-0.693,0.575,0]},{"i":{"x":0.833,"y":0.834},"o":{"x":0.167,"y":0.167},"t":85,"s":[880.189,800.916,0],"to":[0.693,-0.575,0],"ti":[-0.697,0.567,0]},{"i":{"x":0.833,"y":0.834},"o":{"x":0.167,"y":0.167},"t":86,"s":[882.276,799.201,0],"to":[0.697,-0.567,0],"ti":[-0.698,0.556,0]},{"i":{"x":0.833,"y":0.835},"o":{"x":0.167,"y":0.167},"t":87,"s":[884.37,797.514,0],"to":[0.698,-0.556,0],"ti":[-0.694,0.542,0]},{"i":{"x":0.833,"y":0.833},"o":{"x":0.167,"y":0.168},"t":88,"s":[886.461,795.863,0],"to":[0.694,-0.542,0],"ti":[-0.346,0.267,0]},{"t":89.0000036250443,"s":[888.536,794.26,0]}],"ix":2},"a":{"a":0,"k":[850,850,0],"ix":1},"s":{"a":0,"k":[100,100,100],"ix":6}},"ao":0,"ip":0,"op":90.0000036657751,"st":0,"bm":0},{"ddd":0,"ind":3,"ty":2,"nm":"creative","refId":"image_4","sr":1,"ks":{"o":{"a":0,"k":100,"ix":11},"r":{"a":0,"k":0,"ix":10},"p":{"a":1,"k":[{"i":{"x":0.833,"y":0.831},"o":{"x":0.167,"y":0.167},"t":0,"s":[838.035,828.712,0],"to":[0,0.067,0],"ti":[0.005,-0.136,0]},{"i":{"x":0.833,"y":0.831},"o":{"x":0.167,"y":0.165},"t":1,"s":[838.036,829.115,0],"to":[-0.005,0.136,0],"ti":[0.016,-0.139,0]},{"i":{"x":0.833,"y":0.831},"o":{"x":0.167,"y":0.164},"t":2,"s":[838.005,829.527,0],"to":[-0.016,0.139,0],"ti":[0.026,-0.141,0]},{"i":{"x":0.833,"y":0.831},"o":{"x":0.167,"y":0.164},"t":3,"s":[837.941,829.947,0],"to":[-0.026,0.141,0],"ti":[0.037,-0.143,0]},{"i":{"x":0.833,"y":0.831},"o":{"x":0.167,"y":0.164},"t":4,"s":[837.846,830.374,0],"to":[-0.037,0.143,0],"ti":[0.047,-0.145,0]},{"i":{"x":0.833,"y":0.831},"o":{"x":0.167,"y":0.164},"t":5,"s":[837.72,830.807,0],"to":[-0.047,0.145,0],"ti":[0.056,-0.147,0]},{"i":{"x":0.833,"y":0.831},"o":{"x":0.167,"y":0.164},"t":6,"s":[837.565,831.245,0],"to":[-0.056,0.147,0],"ti":[0.066,-0.148,0]},{"i":{"x":0.833,"y":0.831},"o":{"x":0.167,"y":0.164},"t":7,"s":[837.381,831.687,0],"to":[-0.066,0.148,0],"ti":[0.075,-0.149,0]},{"i":{"x":0.833,"y":0.831},"o":{"x":0.167,"y":0.164},"t":8,"s":[837.17,832.133,0],"to":[-0.075,0.149,0],"ti":[0.083,-0.149,0]},{"i":{"x":0.833,"y":0.831},"o":{"x":0.167,"y":0.165},"t":9,"s":[836.933,832.58,0],"to":[-0.083,0.149,0],"ti":[0.091,-0.15,0]},{"i":{"x":0.833,"y":0.831},"o":{"x":0.167,"y":0.165},"t":10,"s":[836.67,833.029,0],"to":[-0.091,0.15,0],"ti":[0.099,-0.15,0]},{"i":{"x":0.833,"y":0.832},"o":{"x":0.167,"y":0.165},"t":11,"s":[836.384,833.478,0],"to":[-0.099,0.15,0],"ti":[0.106,-0.149,0]},{"i":{"x":0.833,"y":0.832},"o":{"x":0.167,"y":0.165},"t":12,"s":[836.076,833.927,0],"to":[-0.106,0.149,0],"ti":[0.113,-0.148,0]},{"i":{"x":0.833,"y":0.832},"o":{"x":0.167,"y":0.165},"t":13,"s":[835.746,834.373,0],"to":[-0.113,0.148,0],"ti":[0.119,-0.147,0]},{"i":{"x":0.833,"y":0.832},"o":{"x":0.167,"y":0.165},"t":14,"s":[835.397,834.817,0],"to":[-0.119,0.147,0],"ti":[0.125,-0.146,0]},{"i":{"x":0.833,"y":0.832},"o":{"x":0.167,"y":0.166},"t":15,"s":[835.029,835.257,0],"to":[-0.125,0.146,0],"ti":[0.131,-0.144,0]},{"i":{"x":0.833,"y":0.833},"o":{"x":0.167,"y":0.166},"t":16,"s":[834.645,835.692,0],"to":[-0.131,0.144,0],"ti":[0.135,-0.142,0]},{"i":{"x":0.833,"y":0.833},"o":{"x":0.167,"y":0.166},"t":17,"s":[834.246,836.121,0],"to":[-0.135,0.142,0],"ti":[0.14,-0.14,0]},{"i":{"x":0.833,"y":0.833},"o":{"x":0.167,"y":0.166},"t":18,"s":[833.832,836.544,0],"to":[-0.14,0.14,0],"ti":[0.144,-0.137,0]},{"i":{"x":0.833,"y":0.833},"o":{"x":0.167,"y":0.166},"t":19,"s":[833.407,836.958,0],"to":[-0.144,0.137,0],"ti":[0.147,-0.134,0]},{"i":{"x":0.833,"y":0.834},"o":{"x":0.167,"y":0.167},"t":20,"s":[832.971,837.364,0],"to":[-0.147,0.134,0],"ti":[0.15,-0.13,0]},{"i":{"x":0.833,"y":0.834},"o":{"x":0.167,"y":0.167},"t":21,"s":[832.526,837.76,0],"to":[-0.15,0.13,0],"ti":[0.152,-0.127,0]},{"i":{"x":0.833,"y":0.834},"o":{"x":0.167,"y":0.167},"t":22,"s":[832.074,838.146,0],"to":[-0.152,0.127,0],"ti":[0.153,-0.123,0]},{"i":{"x":0.833,"y":0.834},"o":{"x":0.167,"y":0.167},"t":23,"s":[831.616,838.52,0],"to":[-0.153,0.123,0],"ti":[0.155,-0.118,0]},{"i":{"x":0.833,"y":0.834},"o":{"x":0.167,"y":0.168},"t":24,"s":[831.153,838.881,0],"to":[-0.155,0.118,0],"ti":[0.155,-0.114,0]},{"i":{"x":0.833,"y":0.835},"o":{"x":0.167,"y":0.168},"t":25,"s":[830.689,839.229,0],"to":[-0.155,0.114,0],"ti":[0.155,-0.109,0]},{"i":{"x":0.833,"y":0.835},"o":{"x":0.167,"y":0.168},"t":26,"s":[830.223,839.563,0],"to":[-0.155,0.109,0],"ti":[0.155,-0.104,0]},{"i":{"x":0.833,"y":0.835},"o":{"x":0.167,"y":0.168},"t":27,"s":[829.758,839.882,0],"to":[-0.155,0.104,0],"ti":[0.154,-0.098,0]},{"i":{"x":0.833,"y":0.835},"o":{"x":0.167,"y":0.169},"t":28,"s":[829.295,840.185,0],"to":[-0.154,0.098,0],"ti":[0.152,-0.093,0]},{"i":{"x":0.833,"y":0.836},"o":{"x":0.167,"y":0.169},"t":29,"s":[828.836,840.472,0],"to":[-0.152,0.093,0],"ti":[0.15,-0.087,0]},{"i":{"x":0.833,"y":0.836},"o":{"x":0.167,"y":0.169},"t":30,"s":[828.382,840.741,0],"to":[-0.15,0.087,0],"ti":[0.147,-0.081,0]},{"i":{"x":0.833,"y":0.836},"o":{"x":0.167,"y":0.169},"t":31,"s":[827.936,840.993,0],"to":[-0.147,0.081,0],"ti":[0.144,-0.075,0]},{"i":{"x":0.833,"y":0.837},"o":{"x":0.167,"y":0.17},"t":32,"s":[827.498,841.226,0],"to":[-0.144,0.075,0],"ti":[0.141,-0.068,0]},{"i":{"x":0.833,"y":0.837},"o":{"x":0.167,"y":0.17},"t":33,"s":[827.069,841.441,0],"to":[-0.141,0.068,0],"ti":[0.137,-0.062,0]},{"i":{"x":0.833,"y":0.837},"o":{"x":0.167,"y":0.17},"t":34,"s":[826.653,841.635,0],"to":[-0.137,0.062,0],"ti":[0.132,-0.055,0]},{"i":{"x":0.833,"y":0.838},"o":{"x":0.167,"y":0.171},"t":35,"s":[826.249,841.81,0],"to":[-0.132,0.055,0],"ti":[0.127,-0.048,0]},{"i":{"x":0.833,"y":0.838},"o":{"x":0.167,"y":0.171},"t":36,"s":[825.86,841.965,0],"to":[-0.127,0.048,0],"ti":[0.122,-0.041,0]},{"i":{"x":0.833,"y":0.839},"o":{"x":0.167,"y":0.172},"t":37,"s":[825.486,842.099,0],"to":[-0.122,0.041,0],"ti":[0.116,-0.034,0]},{"i":{"x":0.833,"y":0.839},"o":{"x":0.167,"y":0.172},"t":38,"s":[825.13,842.211,0],"to":[-0.116,0.034,0],"ti":[0.11,-0.027,0]},{"i":{"x":0.833,"y":0.84},"o":{"x":0.167,"y":0.173},"t":39,"s":[824.792,842.303,0],"to":[-0.11,0.027,0],"ti":[0.103,-0.02,0]},{"i":{"x":0.833,"y":0.84},"o":{"x":0.167,"y":0.173},"t":40,"s":[824.473,842.373,0],"to":[-0.103,0.02,0],"ti":[0.096,-0.013,0]},{"i":{"x":0.833,"y":0.841},"o":{"x":0.167,"y":0.174},"t":41,"s":[824.175,842.422,0],"to":[-0.096,0.013,0],"ti":[0.088,-0.006,0]},{"i":{"x":0.833,"y":0.841},"o":{"x":0.167,"y":0.175},"t":42,"s":[823.898,842.449,0],"to":[-0.088,0.006,0],"ti":[0.081,0.002,0]},{"i":{"x":0.833,"y":0.841},"o":{"x":0.167,"y":0.175},"t":43,"s":[823.645,842.455,0],"to":[-0.081,-0.002,0],"ti":[0.072,0.009,0]},{"i":{"x":0.833,"y":0.841},"o":{"x":0.167,"y":0.175},"t":44,"s":[823.415,842.44,0],"to":[-0.072,-0.009,0],"ti":[0.064,0.016,0]},{"i":{"x":0.833,"y":0.841},"o":{"x":0.167,"y":0.175},"t":45,"s":[823.211,842.403,0],"to":[-0.064,-0.016,0],"ti":[0.055,0.023,0]},{"i":{"x":0.833,"y":0.839},"o":{"x":0.167,"y":0.175},"t":46,"s":[823.031,842.346,0],"to":[-0.055,-0.023,0],"ti":[0.046,0.029,0]},{"i":{"x":0.833,"y":0.837},"o":{"x":0.167,"y":0.173},"t":47,"s":[822.878,842.268,0],"to":[-0.046,-0.029,0],"ti":[0.037,0.036,0]},{"i":{"x":0.833,"y":0.833},"o":{"x":0.167,"y":0.17},"t":48,"s":[822.752,842.17,0],"to":[-0.037,-0.036,0],"ti":[0.028,0.042,0]},{"i":{"x":0.833,"y":0.83},"o":{"x":0.167,"y":0.167},"t":49,"s":[822.654,842.053,0],"to":[-0.028,-0.042,0],"ti":[0.019,0.048,0]},{"i":{"x":0.833,"y":0.827},"o":{"x":0.167,"y":0.163},"t":50,"s":[822.584,841.917,0],"to":[-0.019,-0.048,0],"ti":[0.009,0.054,0]},{"i":{"x":0.833,"y":0.825},"o":{"x":0.167,"y":0.161},"t":51,"s":[822.543,841.763,0],"to":[-0.009,-0.054,0],"ti":[-0.001,0.06,0]},{"i":{"x":0.833,"y":0.825},"o":{"x":0.167,"y":0.159},"t":52,"s":[822.53,841.592,0],"to":[0.001,-0.06,0],"ti":[-0.01,0.065,0]},{"i":{"x":0.833,"y":0.825},"o":{"x":0.167,"y":0.159},"t":53,"s":[822.547,841.404,0],"to":[0.01,-0.065,0],"ti":[-0.02,0.07,0]},{"i":{"x":0.833,"y":0.825},"o":{"x":0.167,"y":0.159},"t":54,"s":[822.593,841.201,0],"to":[0.02,-0.07,0],"ti":[-0.03,0.075,0]},{"i":{"x":0.833,"y":0.826},"o":{"x":0.167,"y":0.159},"t":55,"s":[822.668,840.984,0],"to":[0.03,-0.075,0],"ti":[-0.04,0.079,0]},{"i":{"x":0.833,"y":0.826},"o":{"x":0.167,"y":0.16},"t":56,"s":[822.773,840.754,0],"to":[0.04,-0.079,0],"ti":[-0.049,0.082,0]},{"i":{"x":0.833,"y":0.827},"o":{"x":0.167,"y":0.16},"t":57,"s":[822.906,840.513,0],"to":[0.049,-0.082,0],"ti":[-0.059,0.085,0]},{"i":{"x":0.833,"y":0.828},"o":{"x":0.167,"y":0.161},"t":58,"s":[823.069,840.261,0],"to":[0.059,-0.085,0],"ti":[-0.068,0.088,0]},{"i":{"x":0.833,"y":0.828},"o":{"x":0.167,"y":0.161},"t":59,"s":[823.26,840,0],"to":[0.068,-0.088,0],"ti":[-0.077,0.09,0]},{"i":{"x":0.833,"y":0.829},"o":{"x":0.167,"y":0.162},"t":60,"s":[823.478,839.733,0],"to":[0.077,-0.09,0],"ti":[-0.086,0.091,0]},{"i":{"x":0.833,"y":0.829},"o":{"x":0.167,"y":0.162},"t":61,"s":[823.724,839.46,0],"to":[0.086,-0.091,0],"ti":[-0.095,0.092,0]},{"i":{"x":0.833,"y":0.83},"o":{"x":0.167,"y":0.163},"t":62,"s":[823.997,839.185,0],"to":[0.095,-0.092,0],"ti":[-0.103,0.092,0]},{"i":{"x":0.833,"y":0.83},"o":{"x":0.167,"y":0.163},"t":63,"s":[824.295,838.908,0],"to":[0.103,-0.092,0],"ti":[-0.111,0.092,0]},{"i":{"x":0.833,"y":0.828},"o":{"x":0.167,"y":0.164},"t":64,"s":[824.617,838.632,0],"to":[0.111,-0.092,0],"ti":[-0.12,0.093,0]},{"i":{"x":0.833,"y":0.828},"o":{"x":0.167,"y":0.162},"t":65,"s":[824.963,838.358,0],"to":[0.12,-0.093,0],"ti":[-0.128,0.098,0]},{"i":{"x":0.833,"y":0.828},"o":{"x":0.167,"y":0.161},"t":66,"s":[825.334,838.072,0],"to":[0.128,-0.098,0],"ti":[-0.137,0.104,0]},{"i":{"x":0.833,"y":0.829},"o":{"x":0.167,"y":0.162},"t":67,"s":[825.732,837.767,0],"to":[0.137,-0.104,0],"ti":[-0.145,0.11,0]},{"i":{"x":0.833,"y":0.829},"o":{"x":0.167,"y":0.162},"t":68,"s":[826.154,837.446,0],"to":[0.145,-0.11,0],"ti":[-0.152,0.115,0]},{"i":{"x":0.833,"y":0.83},"o":{"x":0.167,"y":0.163},"t":69,"s":[826.599,837.108,0],"to":[0.152,-0.115,0],"ti":[-0.159,0.12,0]},{"i":{"x":0.833,"y":0.83},"o":{"x":0.167,"y":0.163},"t":70,"s":[827.066,836.754,0],"to":[0.159,-0.12,0],"ti":[-0.166,0.125,0]},{"i":{"x":0.833,"y":0.831},"o":{"x":0.167,"y":0.164},"t":71,"s":[827.554,836.387,0],"to":[0.166,-0.125,0],"ti":[-0.172,0.129,0]},{"i":{"x":0.833,"y":0.831},"o":{"x":0.167,"y":0.164},"t":72,"s":[828.061,836.006,0],"to":[0.172,-0.129,0],"ti":[-0.177,0.132,0]},{"i":{"x":0.833,"y":0.831},"o":{"x":0.167,"y":0.164},"t":73,"s":[828.585,835.614,0],"to":[0.177,-0.132,0],"ti":[-0.182,0.136,0]},{"i":{"x":0.833,"y":0.832},"o":{"x":0.167,"y":0.165},"t":74,"s":[829.124,835.211,0],"to":[0.182,-0.136,0],"ti":[-0.186,0.138,0]},{"i":{"x":0.833,"y":0.832},"o":{"x":0.167,"y":0.165},"t":75,"s":[829.677,834.8,0],"to":[0.186,-0.138,0],"ti":[-0.19,0.139,0]},{"i":{"x":0.833,"y":0.832},"o":{"x":0.167,"y":0.166},"t":76,"s":[830.243,834.384,0],"to":[0.19,-0.139,0],"ti":[-0.193,0.14,0]},{"i":{"x":0.833,"y":0.833},"o":{"x":0.167,"y":0.166},"t":77,"s":[830.818,833.965,0],"to":[0.193,-0.14,0],"ti":[-0.195,0.141,0]},{"i":{"x":0.833,"y":0.833},"o":{"x":0.167,"y":0.166},"t":78,"s":[831.401,833.544,0],"to":[0.195,-0.141,0],"ti":[-0.196,0.141,0]},{"i":{"x":0.833,"y":0.833},"o":{"x":0.167,"y":0.166},"t":79,"s":[831.989,833.122,0],"to":[0.196,-0.141,0],"ti":[-0.196,0.141,0]},{"i":{"x":0.833,"y":0.834},"o":{"x":0.167,"y":0.167},"t":80,"s":[832.578,832.699,0],"to":[0.196,-0.141,0],"ti":[-0.196,0.14,0]},{"i":{"x":0.833,"y":0.834},"o":{"x":0.167,"y":0.167},"t":81,"s":[833.167,832.278,0],"to":[0.196,-0.14,0],"ti":[-0.194,0.139,0]},{"i":{"x":0.833,"y":0.834},"o":{"x":0.167,"y":0.167},"t":82,"s":[833.753,831.859,0],"to":[0.194,-0.139,0],"ti":[-0.192,0.138,0]},{"i":{"x":0.833,"y":0.835},"o":{"x":0.167,"y":0.168},"t":83,"s":[834.333,831.443,0],"to":[0.192,-0.138,0],"ti":[-0.189,0.136,0]},{"i":{"x":0.833,"y":0.835},"o":{"x":0.167,"y":0.168},"t":84,"s":[834.904,831.031,0],"to":[0.189,-0.136,0],"ti":[-0.185,0.134,0]},{"i":{"x":0.833,"y":0.835},"o":{"x":0.167,"y":0.168},"t":85,"s":[835.466,830.625,0],"to":[0.185,-0.134,0],"ti":[-0.18,0.132,0]},{"i":{"x":0.833,"y":0.836},"o":{"x":0.167,"y":0.169},"t":86,"s":[836.014,830.225,0],"to":[0.18,-0.132,0],"ti":[-0.175,0.129,0]},{"i":{"x":0.833,"y":0.836},"o":{"x":0.167,"y":0.169},"t":87,"s":[836.547,829.833,0],"to":[0.175,-0.129,0],"ti":[-0.169,0.126,0]},{"i":{"x":0.833,"y":0.833},"o":{"x":0.167,"y":0.17},"t":88,"s":[837.063,829.449,0],"to":[0.169,-0.126,0],"ti":[-0.083,0.062,0]},{"t":89.0000036250443,"s":[837.56,829.075,0]}],"ix":2},"a":{"a":0,"k":[850,850,0],"ix":1},"s":{"a":0,"k":[100,100,100],"ix":6}},"ao":0,"ip":0,"op":90.0000036657751,"st":0,"bm":0},{"ddd":0,"ind":4,"ty":2,"nm":"front end","refId":"image_5","sr":1,"ks":{"o":{"a":0,"k":100,"ix":11},"r":{"a":0,"k":0,"ix":10},"p":{"a":1,"k":[{"i":{"x":0.833,"y":0.836},"o":{"x":0.167,"y":0.167},"t":0,"s":[845.527,848.669,0],"to":[-0.058,0.117,0],"ti":[0.117,-0.23,0]},{"i":{"x":0.833,"y":0.836},"o":{"x":0.167,"y":0.169},"t":1,"s":[845.177,849.373,0],"to":[-0.117,0.23,0],"ti":[0.116,-0.221,0]},{"i":{"x":0.833,"y":0.836},"o":{"x":0.167,"y":0.169},"t":2,"s":[844.827,850.051,0],"to":[-0.116,0.221,0],"ti":[0.116,-0.212,0]},{"i":{"x":0.833,"y":0.836},"o":{"x":0.167,"y":0.17},"t":3,"s":[844.478,850.701,0],"to":[-0.116,0.212,0],"ti":[0.115,-0.203,0]},{"i":{"x":0.833,"y":0.837},"o":{"x":0.167,"y":0.17},"t":4,"s":[844.133,851.323,0],"to":[-0.115,0.203,0],"ti":[0.113,-0.193,0]},{"i":{"x":0.833,"y":0.837},"o":{"x":0.167,"y":0.17},"t":5,"s":[843.791,851.917,0],"to":[-0.113,0.193,0],"ti":[0.111,-0.183,0]},{"i":{"x":0.833,"y":0.837},"o":{"x":0.167,"y":0.17},"t":6,"s":[843.454,852.481,0],"to":[-0.111,0.183,0],"ti":[0.109,-0.173,0]},{"i":{"x":0.833,"y":0.837},"o":{"x":0.167,"y":0.171},"t":7,"s":[843.124,853.015,0],"to":[-0.109,0.173,0],"ti":[0.106,-0.163,0]},{"i":{"x":0.833,"y":0.838},"o":{"x":0.167,"y":0.171},"t":8,"s":[842.8,853.52,0],"to":[-0.106,0.163,0],"ti":[0.104,-0.153,0]},{"i":{"x":0.833,"y":0.838},"o":{"x":0.167,"y":0.171},"t":9,"s":[842.485,853.994,0],"to":[-0.104,0.153,0],"ti":[0.1,-0.143,0]},{"i":{"x":0.833,"y":0.838},"o":{"x":0.167,"y":0.172},"t":10,"s":[842.179,854.438,0],"to":[-0.1,0.143,0],"ti":[0.097,-0.133,0]},{"i":{"x":0.833,"y":0.839},"o":{"x":0.167,"y":0.172},"t":11,"s":[841.883,854.852,0],"to":[-0.097,0.133,0],"ti":[0.093,-0.123,0]},{"i":{"x":0.833,"y":0.839},"o":{"x":0.167,"y":0.172},"t":12,"s":[841.598,855.236,0],"to":[-0.093,0.123,0],"ti":[0.089,-0.113,0]},{"i":{"x":0.833,"y":0.841},"o":{"x":0.167,"y":0.173},"t":13,"s":[841.325,855.59,0],"to":[-0.089,0.113,0],"ti":[0.084,-0.102,0]},{"i":{"x":0.833,"y":0.842},"o":{"x":0.167,"y":0.175},"t":14,"s":[841.065,855.914,0],"to":[-0.084,0.102,0],"ti":[0.079,-0.09,0]},{"i":{"x":0.833,"y":0.843},"o":{"x":0.167,"y":0.176},"t":15,"s":[840.819,856.202,0],"to":[-0.079,0.09,0],"ti":[0.074,-0.077,0]},{"i":{"x":0.833,"y":0.844},"o":{"x":0.167,"y":0.177},"t":16,"s":[840.589,856.453,0],"to":[-0.074,0.077,0],"ti":[0.069,-0.064,0]},{"i":{"x":0.833,"y":0.846},"o":{"x":0.167,"y":0.179},"t":17,"s":[840.374,856.665,0],"to":[-0.069,0.064,0],"ti":[0.063,-0.051,0]},{"i":{"x":0.833,"y":0.847},"o":{"x":0.167,"y":0.181},"t":18,"s":[840.177,856.838,0],"to":[-0.063,0.051,0],"ti":[0.057,-0.038,0]},{"i":{"x":0.833,"y":0.849},"o":{"x":0.167,"y":0.183},"t":19,"s":[839.996,856.971,0],"to":[-0.057,0.038,0],"ti":[0.051,-0.024,0]},{"i":{"x":0.833,"y":0.848},"o":{"x":0.167,"y":0.185},"t":20,"s":[839.834,857.064,0],"to":[-0.051,0.024,0],"ti":[0.045,-0.01,0]},{"i":{"x":0.833,"y":0.843},"o":{"x":0.167,"y":0.185},"t":21,"s":[839.691,857.116,0],"to":[-0.045,0.01,0],"ti":[0.038,0.003,0]},{"i":{"x":0.833,"y":0.834},"o":{"x":0.167,"y":0.178},"t":22,"s":[839.566,857.126,0],"to":[-0.038,-0.003,0],"ti":[0.031,0.017,0]},{"i":{"x":0.833,"y":0.828},"o":{"x":0.167,"y":0.167},"t":23,"s":[839.462,857.095,0],"to":[-0.031,-0.017,0],"ti":[0.022,0.029,0]},{"i":{"x":0.833,"y":0.817},"o":{"x":0.167,"y":0.161},"t":24,"s":[839.379,857.024,0],"to":[-0.022,-0.029,0],"ti":[0.011,0.041,0]},{"i":{"x":0.833,"y":0.815},"o":{"x":0.167,"y":0.153},"t":25,"s":[839.33,856.919,0],"to":[-0.011,-0.041,0],"ti":[0,0.051,0]},{"i":{"x":0.833,"y":0.816},"o":{"x":0.167,"y":0.151},"t":26,"s":[839.315,856.78,0],"to":[0,-0.051,0],"ti":[-0.011,0.062,0]},{"i":{"x":0.833,"y":0.819},"o":{"x":0.167,"y":0.153},"t":27,"s":[839.332,856.61,0],"to":[0.011,-0.062,0],"ti":[-0.02,0.071,0]},{"i":{"x":0.833,"y":0.821},"o":{"x":0.167,"y":0.154},"t":28,"s":[839.378,856.411,0],"to":[0.02,-0.071,0],"ti":[-0.03,0.081,0]},{"i":{"x":0.833,"y":0.823},"o":{"x":0.167,"y":0.156},"t":29,"s":[839.454,856.182,0],"to":[0.03,-0.081,0],"ti":[-0.038,0.09,0]},{"i":{"x":0.833,"y":0.825},"o":{"x":0.167,"y":0.158},"t":30,"s":[839.556,855.926,0],"to":[0.038,-0.09,0],"ti":[-0.047,0.098,0]},{"i":{"x":0.833,"y":0.826},"o":{"x":0.167,"y":0.159},"t":31,"s":[839.684,855.645,0],"to":[0.047,-0.098,0],"ti":[-0.054,0.106,0]},{"i":{"x":0.833,"y":0.827},"o":{"x":0.167,"y":0.16},"t":32,"s":[839.835,855.339,0],"to":[0.054,-0.106,0],"ti":[-0.061,0.113,0]},{"i":{"x":0.833,"y":0.828},"o":{"x":0.167,"y":0.161},"t":33,"s":[840.009,855.01,0],"to":[0.061,-0.113,0],"ti":[-0.068,0.12,0]},{"i":{"x":0.833,"y":0.829},"o":{"x":0.167,"y":0.162},"t":34,"s":[840.203,854.66,0],"to":[0.068,-0.12,0],"ti":[-0.074,0.126,0]},{"i":{"x":0.833,"y":0.829},"o":{"x":0.167,"y":0.162},"t":35,"s":[840.416,854.291,0],"to":[0.074,-0.126,0],"ti":[-0.079,0.132,0]},{"i":{"x":0.833,"y":0.83},"o":{"x":0.167,"y":0.163},"t":36,"s":[840.646,853.903,0],"to":[0.079,-0.132,0],"ti":[-0.085,0.137,0]},{"i":{"x":0.833,"y":0.83},"o":{"x":0.167,"y":0.163},"t":37,"s":[840.893,853.499,0],"to":[0.085,-0.137,0],"ti":[-0.089,0.142,0]},{"i":{"x":0.833,"y":0.831},"o":{"x":0.167,"y":0.164},"t":38,"s":[841.153,853.08,0],"to":[0.089,-0.142,0],"ti":[-0.093,0.146,0]},{"i":{"x":0.833,"y":0.831},"o":{"x":0.167,"y":0.164},"t":39,"s":[841.427,852.648,0],"to":[0.093,-0.146,0],"ti":[-0.097,0.149,0]},{"i":{"x":0.833,"y":0.832},"o":{"x":0.167,"y":0.165},"t":40,"s":[841.712,852.205,0],"to":[0.097,-0.149,0],"ti":[-0.1,0.152,0]},{"i":{"x":0.833,"y":0.832},"o":{"x":0.167,"y":0.165},"t":41,"s":[842.006,851.752,0],"to":[0.1,-0.152,0],"ti":[-0.102,0.155,0]},{"i":{"x":0.833,"y":0.832},"o":{"x":0.167,"y":0.165},"t":42,"s":[842.31,851.291,0],"to":[0.102,-0.155,0],"ti":[-0.104,0.156,0]},{"i":{"x":0.833,"y":0.833},"o":{"x":0.167,"y":0.166},"t":43,"s":[842.62,850.824,0],"to":[0.104,-0.156,0],"ti":[-0.106,0.158,0]},{"i":{"x":0.833,"y":0.833},"o":{"x":0.167,"y":0.166},"t":44,"s":[842.936,850.352,0],"to":[0.106,-0.158,0],"ti":[-0.107,0.158,0]},{"i":{"x":0.833,"y":0.833},"o":{"x":0.167,"y":0.166},"t":45,"s":[843.256,849.878,0],"to":[0.107,-0.158,0],"ti":[-0.108,0.158,0]},{"i":{"x":0.833,"y":0.834},"o":{"x":0.167,"y":0.167},"t":46,"s":[843.578,849.402,0],"to":[0.108,-0.158,0],"ti":[-0.108,0.158,0]},{"i":{"x":0.833,"y":0.834},"o":{"x":0.167,"y":0.167},"t":47,"s":[843.903,848.927,0],"to":[0.108,-0.158,0],"ti":[-0.108,0.157,0]},{"i":{"x":0.833,"y":0.834},"o":{"x":0.167,"y":0.167},"t":48,"s":[844.227,848.454,0],"to":[0.108,-0.157,0],"ti":[-0.107,0.155,0]},{"i":{"x":0.833,"y":0.835},"o":{"x":0.167,"y":0.168},"t":49,"s":[844.55,847.985,0],"to":[0.107,-0.155,0],"ti":[-0.106,0.153,0]},{"i":{"x":0.833,"y":0.835},"o":{"x":0.167,"y":0.168},"t":50,"s":[844.871,847.522,0],"to":[0.106,-0.153,0],"ti":[-0.105,0.15,0]},{"i":{"x":0.833,"y":0.835},"o":{"x":0.167,"y":0.168},"t":51,"s":[845.188,847.067,0],"to":[0.105,-0.15,0],"ti":[-0.103,0.147,0]},{"i":{"x":0.833,"y":0.836},"o":{"x":0.167,"y":0.169},"t":52,"s":[845.501,846.62,0],"to":[0.103,-0.147,0],"ti":[-0.101,0.143,0]},{"i":{"x":0.833,"y":0.836},"o":{"x":0.167,"y":0.169},"t":53,"s":[845.807,846.184,0],"to":[0.101,-0.143,0],"ti":[-0.098,0.139,0]},{"i":{"x":0.833,"y":0.836},"o":{"x":0.167,"y":0.169},"t":54,"s":[846.106,845.76,0],"to":[0.098,-0.139,0],"ti":[-0.095,0.134,0]},{"i":{"x":0.833,"y":0.837},"o":{"x":0.167,"y":0.17},"t":55,"s":[846.397,845.35,0],"to":[0.095,-0.134,0],"ti":[-0.092,0.129,0]},{"i":{"x":0.833,"y":0.837},"o":{"x":0.167,"y":0.17},"t":56,"s":[846.679,844.956,0],"to":[0.092,-0.129,0],"ti":[-0.088,0.123,0]},{"i":{"x":0.833,"y":0.838},"o":{"x":0.167,"y":0.171},"t":57,"s":[846.95,844.578,0],"to":[0.088,-0.123,0],"ti":[-0.085,0.116,0]},{"i":{"x":0.833,"y":0.838},"o":{"x":0.167,"y":0.171},"t":58,"s":[847.21,844.219,0],"to":[0.085,-0.116,0],"ti":[-0.08,0.11,0]},{"i":{"x":0.833,"y":0.839},"o":{"x":0.167,"y":0.172},"t":59,"s":[847.457,843.88,0],"to":[0.08,-0.11,0],"ti":[-0.076,0.102,0]},{"i":{"x":0.833,"y":0.84},"o":{"x":0.167,"y":0.173},"t":60,"s":[847.691,843.562,0],"to":[0.076,-0.102,0],"ti":[-0.071,0.094,0]},{"i":{"x":0.833,"y":0.841},"o":{"x":0.167,"y":0.174},"t":61,"s":[847.911,843.267,0],"to":[0.071,-0.094,0],"ti":[-0.066,0.086,0]},{"i":{"x":0.833,"y":0.842},"o":{"x":0.167,"y":0.175},"t":62,"s":[848.116,842.996,0],"to":[0.066,-0.086,0],"ti":[-0.06,0.077,0]},{"i":{"x":0.833,"y":0.843},"o":{"x":0.167,"y":0.176},"t":63,"s":[848.304,842.75,0],"to":[0.06,-0.077,0],"ti":[-0.054,0.068,0]},{"i":{"x":0.833,"y":0.845},"o":{"x":0.167,"y":0.178},"t":64,"s":[848.476,842.531,0],"to":[0.054,-0.068,0],"ti":[-0.048,0.059,0]},{"i":{"x":0.833,"y":0.847},"o":{"x":0.167,"y":0.18},"t":65,"s":[848.63,842.34,0],"to":[0.048,-0.059,0],"ti":[-0.042,0.049,0]},{"i":{"x":0.833,"y":0.85},"o":{"x":0.167,"y":0.183},"t":66,"s":[848.767,842.177,0],"to":[0.042,-0.049,0],"ti":[-0.036,0.039,0]},{"i":{"x":0.833,"y":0.855},"o":{"x":0.167,"y":0.188},"t":67,"s":[848.884,842.045,0],"to":[0.036,-0.039,0],"ti":[-0.029,0.029,0]},{"i":{"x":0.833,"y":0.862},"o":{"x":0.167,"y":0.196},"t":68,"s":[848.982,841.943,0],"to":[0.029,-0.029,0],"ti":[-0.022,0.018,0]},{"i":{"x":0.833,"y":0.871},"o":{"x":0.167,"y":0.211},"t":69,"s":[849.059,841.873,0],"to":[0.022,-0.018,0],"ti":[-0.015,0.007,0]},{"i":{"x":0.833,"y":0.837},"o":{"x":0.167,"y":0.235},"t":70,"s":[849.116,841.837,0],"to":[0.015,-0.007,0],"ti":[-0.008,-0.005,0]},{"i":{"x":0.833,"y":0.76},"o":{"x":0.167,"y":0.171},"t":71,"s":[849.152,841.834,0],"to":[0.008,0.005,0],"ti":[-0.001,-0.016,0]},{"i":{"x":0.833,"y":0.784},"o":{"x":0.167,"y":0.128},"t":72,"s":[849.166,841.865,0],"to":[0.001,0.016,0],"ti":[0.006,-0.028,0]},{"i":{"x":0.833,"y":0.801},"o":{"x":0.167,"y":0.136},"t":73,"s":[849.158,841.931,0],"to":[-0.006,0.028,0],"ti":[0.014,-0.04,0]},{"i":{"x":0.833,"y":0.809},"o":{"x":0.167,"y":0.143},"t":74,"s":[849.128,842.033,0],"to":[-0.014,0.04,0],"ti":[0.021,-0.052,0]},{"i":{"x":0.833,"y":0.814},"o":{"x":0.167,"y":0.148},"t":75,"s":[849.076,842.171,0],"to":[-0.021,0.052,0],"ti":[0.029,-0.064,0]},{"i":{"x":0.833,"y":0.818},"o":{"x":0.167,"y":0.151},"t":76,"s":[849,842.346,0],"to":[-0.029,0.064,0],"ti":[0.037,-0.077,0]},{"i":{"x":0.833,"y":0.82},"o":{"x":0.167,"y":0.154},"t":77,"s":[848.901,842.558,0],"to":[-0.037,0.077,0],"ti":[0.045,-0.089,0]},{"i":{"x":0.833,"y":0.822},"o":{"x":0.167,"y":0.155},"t":78,"s":[848.78,842.807,0],"to":[-0.045,0.089,0],"ti":[0.052,-0.102,0]},{"i":{"x":0.833,"y":0.823},"o":{"x":0.167,"y":0.157},"t":79,"s":[848.634,843.094,0],"to":[-0.052,0.102,0],"ti":[0.06,-0.114,0]},{"i":{"x":0.833,"y":0.824},"o":{"x":0.167,"y":0.158},"t":80,"s":[848.466,843.418,0],"to":[-0.06,0.114,0],"ti":[0.068,-0.127,0]},{"i":{"x":0.833,"y":0.825},"o":{"x":0.167,"y":0.159},"t":81,"s":[848.274,843.779,0],"to":[-0.068,0.127,0],"ti":[0.076,-0.139,0]},{"i":{"x":0.833,"y":0.826},"o":{"x":0.167,"y":0.159},"t":82,"s":[848.059,844.178,0],"to":[-0.076,0.139,0],"ti":[0.083,-0.152,0]},{"i":{"x":0.833,"y":0.827},"o":{"x":0.167,"y":0.16},"t":83,"s":[847.82,844.614,0],"to":[-0.083,0.152,0],"ti":[0.091,-0.164,0]},{"i":{"x":0.833,"y":0.827},"o":{"x":0.167,"y":0.161},"t":84,"s":[847.559,845.087,0],"to":[-0.091,0.164,0],"ti":[0.098,-0.176,0]},{"i":{"x":0.833,"y":0.828},"o":{"x":0.167,"y":0.161},"t":85,"s":[847.275,845.597,0],"to":[-0.098,0.176,0],"ti":[0.106,-0.188,0]},{"i":{"x":0.833,"y":0.828},"o":{"x":0.167,"y":0.161},"t":86,"s":[846.969,846.142,0],"to":[-0.106,0.188,0],"ti":[0.113,-0.199,0]},{"i":{"x":0.833,"y":0.829},"o":{"x":0.167,"y":0.162},"t":87,"s":[846.64,846.723,0],"to":[-0.113,0.199,0],"ti":[0.12,-0.211,0]},{"i":{"x":0.833,"y":0.833},"o":{"x":0.167,"y":0.162},"t":88,"s":[846.29,847.338,0],"to":[-0.12,0.211,0],"ti":[0.062,-0.108,0]},{"t":89.0000036250443,"s":[845.919,847.987,0]}],"ix":2},"a":{"a":0,"k":[850,850,0],"ix":1},"s":{"a":0,"k":[100,100,100],"ix":6}},"ao":0,"ip":0,"op":90.0000036657751,"st":0,"bm":0},{"ddd":0,"ind":5,"ty":2,"nm":"finger.png","cl":"png","parent":8,"refId":"image_6","sr":1,"ks":{"o":{"a":0,"k":100,"ix":11},"r":{"a":1,"k":[{"i":{"x":[0.833],"y":[0.833]},"o":{"x":[0.167],"y":[0.167]},"t":0,"s":[0]},{"i":{"x":[0.833],"y":[0.833]},"o":{"x":[0.167],"y":[0.167]},"t":10,"s":[15]},{"i":{"x":[0.833],"y":[0.833]},"o":{"x":[0.167],"y":[0.167]},"t":20,"s":[0]},{"i":{"x":[0.833],"y":[0.833]},"o":{"x":[0.167],"y":[0.167]},"t":40,"s":[0]},{"i":{"x":[0.833],"y":[0.833]},"o":{"x":[0.167],"y":[0.167]},"t":50,"s":[15]},{"t":60.0000024438501,"s":[0]}],"ix":10},"p":{"a":0,"k":[412.75,592.5,0],"ix":2},"a":{"a":0,"k":[187.849,185.45,0],"ix":1},"s":{"a":0,"k":[100,100,100],"ix":6}},"ao":0,"hasMask":true,"masksProperties":[{"inv":false,"mode":"a","pt":{"a":1,"k":[{"i":{"x":0.833,"y":0.833},"o":{"x":0.167,"y":0.167},"t":0,"s":[{"i":[[28.396,-16.088],[-6.693,-20.741],[0,0],[0,0],[46.369,77.929],[1.011,1.597]],"o":[[-17.127,9.704],[32.398,100.405],[0,0],[0,0],[-41.536,-69.807],[-6.085,-9.614]],"v":[[26.673,3.986],[2.775,57.678],[59.359,239.235],[265.797,318.001],[195.193,182.635],[88.508,20.141]],"c":true}]},{"i":{"x":0.833,"y":0.833},"o":{"x":0.167,"y":0.167},"t":10,"s":[{"i":[[28.396,-16.088],[-6.693,-20.741],[0,0],[0,0],[46.369,77.929],[1.011,1.597]],"o":[[-17.127,9.704],[32.398,100.405],[0,0],[0,0],[-41.536,-69.807],[-6.085,-9.614]],"v":[[26.673,3.986],[2.775,57.678],[63.418,246.171],[265.797,318.001],[195.193,182.635],[88.508,20.141]],"c":true}]},{"i":{"x":0.833,"y":0.833},"o":{"x":0.167,"y":0.167},"t":20,"s":[{"i":[[28.396,-16.088],[-6.693,-20.741],[0,0],[0,0],[46.369,77.929],[1.011,1.597]],"o":[[-17.127,9.704],[32.398,100.405],[0,0],[0,0],[-41.536,-69.807],[-6.085,-9.614]],"v":[[26.673,3.986],[2.775,57.678],[59.359,239.235],[265.797,318.001],[195.193,182.635],[88.508,20.141]],"c":true}]},{"i":{"x":0.833,"y":0.833},"o":{"x":0.167,"y":0.167},"t":40,"s":[{"i":[[28.396,-16.088],[-6.693,-20.741],[0,0],[0,0],[46.369,77.929],[1.011,1.597]],"o":[[-17.127,9.704],[32.398,100.405],[0,0],[0,0],[-41.536,-69.807],[-6.085,-9.614]],"v":[[26.673,3.986],[2.775,57.678],[59.359,239.235],[265.797,318.001],[195.193,182.635],[88.508,20.141]],"c":true}]},{"i":{"x":0.833,"y":0.833},"o":{"x":0.167,"y":0.167},"t":50,"s":[{"i":[[28.396,-16.088],[-6.693,-20.741],[0,0],[0,0],[46.369,77.929],[1.011,1.597]],"o":[[-17.127,9.704],[32.398,100.405],[0,0],[0,0],[-41.536,-69.807],[-6.085,-9.614]],"v":[[26.673,3.986],[2.775,57.678],[63.418,246.171],[265.797,318.001],[195.193,182.635],[88.508,20.141]],"c":true}]},{"t":60.0000024438501,"s":[{"i":[[28.396,-16.088],[-6.693,-20.741],[0,0],[0,0],[46.369,77.929],[1.011,1.597]],"o":[[-17.127,9.704],[32.398,100.405],[0,0],[0,0],[-41.536,-69.807],[-6.085,-9.614]],"v":[[26.673,3.986],[2.775,57.678],[59.359,239.235],[265.797,318.001],[195.193,182.635],[88.508,20.141]],"c":true}]}],"ix":1},"o":{"a":0,"k":100,"ix":3},"x":{"a":0,"k":0,"ix":4},"nm":"Mask 1"},{"inv":false,"mode":"s","pt":{"a":1,"k":[{"i":{"x":0.833,"y":0.833},"o":{"x":0.167,"y":0.167},"t":0,"s":[{"i":[[0,0],[0,0],[0,0],[0,0]],"o":[[0,0],[0,0],[0,0],[0,0]],"v":[[9.147,108.322],[-18.606,116.794],[39.658,278.214],[61.292,270.088]],"c":true}]},{"i":{"x":0.833,"y":0.833},"o":{"x":0.167,"y":0.167},"t":10,"s":[{"i":[[0,0],[0,0],[0,0],[0,0]],"o":[[0,0],[0,0],[0,0],[0,0]],"v":[[19.647,107.322],[-8.106,115.794],[50.158,277.214],[71.792,269.088]],"c":true}]},{"i":{"x":0.833,"y":0.833},"o":{"x":0.167,"y":0.167},"t":20,"s":[{"i":[[0,0],[0,0],[0,0],[0,0]],"o":[[0,0],[0,0],[0,0],[0,0]],"v":[[9.147,108.322],[-18.606,116.794],[39.658,278.214],[61.292,270.088]],"c":true}]},{"i":{"x":0.833,"y":0.833},"o":{"x":0.167,"y":0.167},"t":40,"s":[{"i":[[0,0],[0,0],[0,0],[0,0]],"o":[[0,0],[0,0],[0,0],[0,0]],"v":[[9.147,108.322],[-18.606,116.794],[39.658,278.214],[61.292,270.088]],"c":true}]},{"i":{"x":0.833,"y":0.833},"o":{"x":0.167,"y":0.167},"t":50,"s":[{"i":[[0,0],[0,0],[0,0],[0,0]],"o":[[0,0],[0,0],[0,0],[0,0]],"v":[[19.647,107.322],[-8.106,115.794],[50.158,277.214],[71.792,269.088]],"c":true}]},{"t":60.0000024438501,"s":[{"i":[[0,0],[0,0],[0,0],[0,0]],"o":[[0,0],[0,0],[0,0],[0,0]],"v":[[9.147,108.322],[-18.606,116.794],[39.658,278.214],[61.292,270.088]],"c":true}]}],"ix":1},"o":{"a":0,"k":100,"ix":3},"x":{"a":0,"k":0,"ix":4},"nm":"Mask 2"}],"ip":0,"op":90.0000036657751,"st":0,"bm":0},{"ddd":0,"ind":6,"ty":2,"nm":"finger.png","cl":"png","parent":8,"refId":"image_6","sr":1,"ks":{"o":{"a":0,"k":100,"ix":11},"r":{"a":0,"k":0,"ix":10},"p":{"a":0,"k":[338.75,602.5,0],"ix":2},"a":{"a":0,"k":[113.5,196,0],"ix":1},"s":{"a":0,"k":[100,100,100],"ix":6}},"ao":0,"hasMask":true,"masksProperties":[{"inv":false,"mode":"a","pt":{"a":0,"k":{"i":[[17.5,31.5],[0,0],[0,0],[0,0],[0,0]],"o":[[-10.549,-18.988],[0,0],[0,0],[0,0],[0,0]],"v":[[188.25,186.25],[51.125,209.5],[34.75,247.5],[-17.5,384],[228,393.75]],"c":true},"ix":1},"o":{"a":0,"k":100,"ix":3},"x":{"a":0,"k":0,"ix":4},"nm":"Mask 1"},{"inv":false,"mode":"s","pt":{"a":1,"k":[{"i":{"x":0.833,"y":0.833},"o":{"x":0.167,"y":0.167},"t":0,"s":[{"i":[[0,0],[0,0],[0,0],[0,0]],"o":[[0,0],[0,0],[0,0],[0,0]],"v":[[49.188,207],[39.438,223.75],[52.813,227.75],[52.938,207.25]],"c":true}]},{"i":{"x":0.833,"y":0.833},"o":{"x":0.167,"y":0.167},"t":10,"s":[{"i":[[0,0],[0,0],[0,0],[0,0]],"o":[[0,0],[0,0],[0,0],[0,0]],"v":[[44.813,208.75],[39.063,226],[53.188,224.25],[52.313,201.25]],"c":true}]},{"i":{"x":0.833,"y":0.833},"o":{"x":0.167,"y":0.167},"t":20,"s":[{"i":[[0,0],[0,0],[0,0],[0,0]],"o":[[0,0],[0,0],[0,0],[0,0]],"v":[[49.188,207],[39.438,223.75],[52.813,227.75],[52.938,207.25]],"c":true}]},{"i":{"x":0.833,"y":0.833},"o":{"x":0.167,"y":0.167},"t":40,"s":[{"i":[[0,0],[0,0],[0,0],[0,0]],"o":[[0,0],[0,0],[0,0],[0,0]],"v":[[49.188,207],[39.438,223.75],[52.813,227.75],[52.938,207.25]],"c":true}]},{"i":{"x":0.833,"y":0.833},"o":{"x":0.167,"y":0.167},"t":50,"s":[{"i":[[0,0],[0,0],[0,0],[0,0]],"o":[[0,0],[0,0],[0,0],[0,0]],"v":[[44.813,208.75],[39.063,226],[53.188,224.25],[52.313,201.25]],"c":true}]},{"t":60.0000024438501,"s":[{"i":[[0,0],[0,0],[0,0],[0,0]],"o":[[0,0],[0,0],[0,0],[0,0]],"v":[[49.188,207],[39.438,223.75],[52.813,227.75],[52.938,207.25]],"c":true}]}],"ix":1},"o":{"a":0,"k":100,"ix":3},"x":{"a":0,"k":0,"ix":4},"nm":"Mask 2"},{"inv":false,"mode":"s","pt":{"a":0,"k":{"i":[[0,0],[0,0],[0,0],[0,0]],"o":[[0,0],[0,0],[0,0],[0,0]],"v":[[268.75,362.5],[-9.75,362.5],[-9.75,407],[268.75,407]],"c":true},"ix":1},"o":{"a":0,"k":100,"ix":3},"x":{"a":0,"k":0,"ix":4},"nm":"Mask 3"}],"ef":[{"ty":34,"nm":"Puppet","np":6,"mn":"ADBE FreePin3","ix":1,"en":1,"ef":[{"ty":7,"nm":"Puppet Engine","mn":"ADBE FreePin3 Puppet Engine","ix":1,"v":{"a":0,"k":2,"ix":1}},{"ty":0,"nm":"Mesh Rotation Refinement","mn":"ADBE FreePin3 Auto Rotate Pins","ix":2,"v":{"a":0,"k":20,"ix":2}},{"ty":7,"nm":"On Transparent","mn":"ADBE FreePin3 On Transparent","ix":3,"v":{"a":0,"k":0,"ix":3}},{"ty":29.9700012207031,"nm":"arap","np":3,"mn":"ADBE FreePin3 ARAP Group","ix":4,"en":1,"ef":[{"ty":6,"nm":"Auto-traced Shapes","mn":"ADBE FreePin3 Outlines","ix":1,"v":0},{"ty":1,"nm":"Mesh","np":1,"mn":"ADBE FreePin3 Mesh Group","ix":2,"en":1,"ef":[]}]}]}],"ip":0,"op":90.0000036657751,"st":0,"bm":0},{"ddd":0,"ind":7,"ty":0,"nm":"creative_screen","parent":8,"refId":"comp_1","sr":1,"ks":{"o":{"a":0,"k":100,"ix":11},"r":{"a":0,"k":0,"ix":10},"p":{"a":0,"k":[287,299,0],"ix":2},"a":{"a":0,"k":[138,277,0],"ix":1},"s":{"a":0,"k":[100,100,100],"ix":6}},"ao":0,"hasMask":true,"masksProperties":[{"inv":false,"mode":"s","pt":{"a":0,"k":{"i":[[0,0],[0,0],[0,-8.627],[-3.312,0.063],[-3.875,0.125],[0.313,12.438]],"o":[[0,0],[0,0],[0,11.813],[10.626,-0.201],[3.875,-0.125],[-0.176,-7.002]],"v":[[201.25,-2.375],[77.125,-1.25],[77.125,13.75],[93.25,30],[186,30],[201.375,13.563]],"c":true},"ix":1},"o":{"a":0,"k":100,"ix":3},"x":{"a":0,"k":0,"ix":4},"nm":"Mask 1"},{"inv":false,"mode":"s","pt":{"a":0,"k":{"i":[[0,0],[0,0],[-0.25,-20.25]],"o":[[0,0],[0,0],[0.25,20.25]],"v":[[278.375,-2.625],[256.75,0],[276,19.125]],"c":true},"ix":1},"o":{"a":0,"k":100,"ix":3},"x":{"a":0,"k":0,"ix":4},"nm":"Mask 2"},{"inv":false,"mode":"s","pt":{"a":0,"k":{"i":[[0,0],[-0.125,16.25],[0,0]],"o":[[0,0],[0.125,-16.25],[0,0]],"v":[[-2.5,-1.75],[0.125,17.5],[16.625,-0.25]],"c":true},"ix":1},"o":{"a":0,"k":100,"ix":3},"x":{"a":0,"k":0,"ix":4},"nm":"Mask 3"},{"inv":false,"mode":"s","pt":{"a":0,"k":{"i":[[0.125,-10.375],[8.75,-0.125],[0,0]],"o":[[-0.125,10.375],[-8.75,0.125],[0,0]],"v":[[276,537.063],[258.5,553.625],[278.875,556.625]],"c":true},"ix":1},"o":{"a":0,"k":100,"ix":3},"x":{"a":0,"k":0,"ix":4},"nm":"Mask 4"},{"inv":false,"mode":"s","pt":{"a":0,"k":{"i":[[0,11.25],[0,0],[6.625,0]],"o":[[0,-11.25],[0,0],[-6.625,0]],"v":[[0.375,536.375],[-4.875,557.625],[16.75,553.875]],"c":true},"ix":1},"o":{"a":0,"k":100,"ix":3},"x":{"a":0,"k":0,"ix":4},"nm":"Mask 5"}],"w":276,"h":554,"ip":0,"op":90.0000036657751,"st":0,"bm":0},{"ddd":0,"ind":8,"ty":2,"nm":"hand","refId":"image_9","sr":1,"ks":{"o":{"a":0,"k":100,"ix":11},"r":{"a":1,"k":[{"i":{"x":[0.667],"y":[1]},"o":{"x":[0.333],"y":[0]},"t":0,"s":[0]},{"i":{"x":[0.667],"y":[1]},"o":{"x":[0.333],"y":[0]},"t":10,"s":[4]},{"i":{"x":[0.667],"y":[1]},"o":{"x":[0.333],"y":[0]},"t":20,"s":[0]},{"i":{"x":[0.667],"y":[1]},"o":{"x":[0.333],"y":[0]},"t":40,"s":[0]},{"i":{"x":[0.667],"y":[1]},"o":{"x":[0.333],"y":[0]},"t":50,"s":[4]},{"t":60.0000024438501,"s":[0]}],"ix":10},"p":{"a":0,"k":[826,1156.5,0],"ix":2},"a":{"a":0,"k":[276,959.5,0],"ix":1},"s":{"a":0,"k":[100,100,100],"ix":6}},"ao":0,"ip":0,"op":90.0000036657751,"st":0,"bm":0},{"ddd":0,"ind":11,"ty":2,"nm":"circle","refId":"image_10","sr":1,"ks":{"o":{"a":0,"k":100,"ix":11},"r":{"a":0,"k":0,"ix":10},"p":{"a":0,"k":[850,850,0],"ix":2},"a":{"a":0,"k":[850,850,0],"ix":1},"s":{"a":0,"k":[100,100,100],"ix":6}},"ao":0,"ip":0,"op":90.0000036657751,"st":0,"bm":0}],"markers":[]}