{"v":"5.6.5","fr":29.9700012207031,"ip":0,"op":120.0000048877,"w":1700,"h":1700,"nm":"AI_Product Development","ddd":0,"assets":[{"id":"image_0","w":218,"h":324,"u":"images/","p":"img_0.png","e":0},{"id":"image_1","w":218,"h":324,"u":"images/","p":"img_1.png","e":0},{"id":"image_2","w":437,"h":571,"u":"images/","p":"img_2.png","e":0},{"id":"image_3","w":359,"h":319,"u":"images/","p":"img_3.png","e":0},{"id":"image_4","w":910,"h":294,"u":"images/","p":"img_4.png","e":0},{"id":"image_5","w":701,"h":249,"u":"images/","p":"img_5.png","e":0},{"id":"image_6","w":996,"h":996,"u":"images/","p":"img_6.png","e":0},{"id":"image_7","w":996,"h":996,"u":"images/","p":"img_7.png","e":0},{"id":"comp_0","layers":[{"ddd":0,"ind":1,"ty":4,"nm":"light lines","parent":3,"sr":1,"ks":{"o":{"a":0,"k":100,"ix":11},"r":{"a":0,"k":-23,"ix":10},"p":{"a":0,"k":[100.64,102.374,0],"ix":2},"a":{"a":0,"k":[-284,-402,0],"ix":1},"s":{"a":0,"k":[99.589,99.589,100],"ix":6}},"ao":0,"shapes":[{"ty":"gr","it":[{"ind":0,"ty":"sh","ix":1,"ks":{"a":0,"k":{"i":[[0,0],[0,0]],"o":[[0,0],[0,0]],"v":[[-398,-366],[-455,-331]],"c":false},"ix":2},"nm":"Path 1","mn":"ADBE Vector Shape - Group","hd":false},{"ty":"st","c":{"a":0,"k":[1,1,1,1],"ix":3},"o":{"a":0,"k":100,"ix":4},"w":{"a":0,"k":10,"ix":5},"lc":2,"lj":1,"ml":4,"bm":0,"nm":"Stroke 1","mn":"ADBE Vector Graphic - Stroke","hd":false},{"ty":"fl","c":{"a":0,"k":[1,0,0,1],"ix":4},"o":{"a":0,"k":100,"ix":5},"r":1,"bm":0,"nm":"Fill 1","mn":"ADBE Vector Graphic - Fill","hd":false},{"ty":"tm","s":{"a":1,"k":[{"i":{"x":[0.833],"y":[1]},"o":{"x":[0.664],"y":[0.027]},"t":37.14,"s":[30]},{"i":{"x":[0],"y":[0.998]},"o":{"x":[0.664],"y":[0.001]},"t":39.14,"s":[30]},{"t":41.1400016756665,"s":[80]}],"ix":1},"e":{"a":1,"k":[{"i":{"x":[0],"y":[0.996]},"o":{"x":[0.664],"y":[0.001]},"t":33,"s":[30]},{"i":{"x":[0],"y":[0.91]},"o":{"x":[0.296],"y":[0]},"t":37.14,"s":[80]},{"i":{"x":[0],"y":[0.911]},"o":{"x":[0.296],"y":[0]},"t":39.14,"s":[80]},{"t":41.1400016756665,"s":[80]}],"ix":2},"o":{"a":0,"k":0,"ix":3},"m":1,"ix":4,"nm":"Trim Paths 2","mn":"ADBE Vector Filter - Trim","hd":false},{"ty":"tr","p":{"a":0,"k":[-288.001,-402.919],"ix":2},"a":{"a":0,"k":[-288.997,-441.983],"ix":1},"s":{"a":0,"k":[98.627,101.367],"ix":3},"r":{"a":0,"k":180,"ix":6},"o":{"a":0,"k":100,"ix":7},"sk":{"a":0,"k":0,"ix":4},"sa":{"a":0,"k":0,"ix":5},"nm":"Transform"}],"nm":"Shape 2","np":4,"cix":2,"bm":0,"ix":1,"mn":"ADBE Vector Group","hd":false},{"ty":"gr","it":[{"ind":0,"ty":"sh","ix":1,"ks":{"a":0,"k":{"i":[[0,0],[0,0]],"o":[[0,0],[0,0]],"v":[[-398,-366],[-455,-331]],"c":false},"ix":2},"nm":"Path 1","mn":"ADBE Vector Shape - Group","hd":false},{"ty":"st","c":{"a":0,"k":[1,1,1,1],"ix":3},"o":{"a":0,"k":100,"ix":4},"w":{"a":0,"k":10,"ix":5},"lc":2,"lj":1,"ml":4,"bm":0,"nm":"Stroke 1","mn":"ADBE Vector Graphic - Stroke","hd":false},{"ty":"fl","c":{"a":0,"k":[1,0,0,1],"ix":4},"o":{"a":0,"k":100,"ix":5},"r":1,"bm":0,"nm":"Fill 1","mn":"ADBE Vector Graphic - Fill","hd":false},{"ty":"tm","s":{"a":1,"k":[{"i":{"x":[0.833],"y":[1]},"o":{"x":[0.664],"y":[0.027]},"t":37.14,"s":[30]},{"i":{"x":[0],"y":[0.998]},"o":{"x":[0.664],"y":[0.001]},"t":39.14,"s":[30]},{"t":41.1400016756665,"s":[80]}],"ix":1},"e":{"a":1,"k":[{"i":{"x":[0],"y":[0.996]},"o":{"x":[0.664],"y":[0.001]},"t":33.14,"s":[30]},{"i":{"x":[0],"y":[0.911]},"o":{"x":[0.296],"y":[0]},"t":37.14,"s":[80]},{"i":{"x":[0],"y":[0.911]},"o":{"x":[0.296],"y":[0]},"t":39.14,"s":[80]},{"t":41.1400016756665,"s":[80]}],"ix":2},"o":{"a":0,"k":0,"ix":3},"m":1,"ix":4,"nm":"Trim Paths 2","mn":"ADBE Vector Filter - Trim","hd":false},{"ty":"tr","p":{"a":0,"k":[-288.001,-402.919],"ix":2},"a":{"a":0,"k":[-288.997,-441.983],"ix":1},"s":{"a":0,"k":[98.627,101.367],"ix":3},"r":{"a":0,"k":60,"ix":6},"o":{"a":0,"k":100,"ix":7},"sk":{"a":0,"k":0,"ix":4},"sa":{"a":0,"k":0,"ix":5},"nm":"Transform"}],"nm":"Shape 4","np":4,"cix":2,"bm":0,"ix":2,"mn":"ADBE Vector Group","hd":false},{"ty":"gr","it":[{"ind":0,"ty":"sh","ix":1,"ks":{"a":0,"k":{"i":[[0,0],[0,0]],"o":[[0,0],[0,0]],"v":[[-398,-366],[-455,-331]],"c":false},"ix":2},"nm":"Path 1","mn":"ADBE Vector Shape - Group","hd":false},{"ty":"st","c":{"a":0,"k":[1,1,1,1],"ix":3},"o":{"a":0,"k":100,"ix":4},"w":{"a":0,"k":10,"ix":5},"lc":2,"lj":1,"ml":4,"bm":0,"nm":"Stroke 1","mn":"ADBE Vector Graphic - Stroke","hd":false},{"ty":"fl","c":{"a":0,"k":[1,0,0,1],"ix":4},"o":{"a":0,"k":100,"ix":5},"r":1,"bm":0,"nm":"Fill 1","mn":"ADBE Vector Graphic - Fill","hd":false},{"ty":"tm","s":{"a":1,"k":[{"i":{"x":[0.833],"y":[1]},"o":{"x":[0.167],"y":[0]},"t":35,"s":[30]},{"i":{"x":[0],"y":[0.998]},"o":{"x":[0.664],"y":[0.001]},"t":37,"s":[30]},{"t":39.0000015885026,"s":[80]}],"ix":1},"e":{"a":1,"k":[{"i":{"x":[0],"y":[0.996]},"o":{"x":[0.664],"y":[0.001]},"t":31,"s":[30]},{"i":{"x":[0],"y":[0.911]},"o":{"x":[0.296],"y":[0]},"t":35,"s":[80]},{"i":{"x":[0],"y":[0.911]},"o":{"x":[0.296],"y":[0]},"t":37,"s":[80]},{"t":39.0000015885026,"s":[80]}],"ix":2},"o":{"a":0,"k":0,"ix":3},"m":1,"ix":4,"nm":"Trim Paths 1","mn":"ADBE Vector Filter - Trim","hd":false},{"ty":"tr","p":{"a":0,"k":[-288.001,-402.919],"ix":2},"a":{"a":0,"k":[-288.997,-441.983],"ix":1},"s":{"a":0,"k":[98.627,101.367],"ix":3},"r":{"a":0,"k":0,"ix":6},"o":{"a":0,"k":100,"ix":7},"sk":{"a":0,"k":0,"ix":4},"sa":{"a":0,"k":0,"ix":5},"nm":"Transform"}],"nm":"Shape 5","np":4,"cix":2,"bm":0,"ix":3,"mn":"ADBE Vector Group","hd":false},{"ty":"gr","it":[{"ind":0,"ty":"sh","ix":1,"ks":{"a":0,"k":{"i":[[0,0],[0,0]],"o":[[0,0],[0,0]],"v":[[-398,-366],[-455,-331]],"c":false},"ix":2},"nm":"Path 1","mn":"ADBE Vector Shape - Group","hd":false},{"ty":"st","c":{"a":0,"k":[1,1,1,1],"ix":3},"o":{"a":0,"k":100,"ix":4},"w":{"a":0,"k":10,"ix":5},"lc":2,"lj":1,"ml":4,"bm":0,"nm":"Stroke 1","mn":"ADBE Vector Graphic - Stroke","hd":false},{"ty":"fl","c":{"a":0,"k":[1,0,0,1],"ix":4},"o":{"a":0,"k":100,"ix":5},"r":1,"bm":0,"nm":"Fill 1","mn":"ADBE Vector Graphic - Fill","hd":false},{"ty":"tm","s":{"a":1,"k":[{"i":{"x":[0.833],"y":[1]},"o":{"x":[0.167],"y":[0]},"t":35,"s":[30]},{"i":{"x":[0],"y":[0.998]},"o":{"x":[0.664],"y":[0.001]},"t":37,"s":[30]},{"t":39.0000015885026,"s":[80]}],"ix":1},"e":{"a":1,"k":[{"i":{"x":[0],"y":[0.996]},"o":{"x":[0.664],"y":[0.001]},"t":31,"s":[30]},{"i":{"x":[0],"y":[0.911]},"o":{"x":[0.296],"y":[0]},"t":35,"s":[80]},{"i":{"x":[0],"y":[0.911]},"o":{"x":[0.296],"y":[0]},"t":37,"s":[80]},{"t":39.0000015885026,"s":[80]}],"ix":2},"o":{"a":0,"k":0,"ix":3},"m":1,"ix":4,"nm":"Trim Paths 1","mn":"ADBE Vector Filter - Trim","hd":false},{"ty":"tr","p":{"a":0,"k":[-288.001,-402.919],"ix":2},"a":{"a":0,"k":[-288.997,-441.983],"ix":1},"s":{"a":0,"k":[98.627,101.367],"ix":3},"r":{"a":0,"k":120,"ix":6},"o":{"a":0,"k":100,"ix":7},"sk":{"a":0,"k":0,"ix":4},"sa":{"a":0,"k":0,"ix":5},"nm":"Transform"}],"nm":"Shape 3","np":4,"cix":2,"bm":0,"ix":4,"mn":"ADBE Vector Group","hd":false},{"ty":"gr","it":[{"ind":0,"ty":"sh","ix":1,"ks":{"a":0,"k":{"i":[[0,0],[0,0]],"o":[[0,0],[0,0]],"v":[[-398,-366],[-455,-331]],"c":false},"ix":2},"nm":"Path 1","mn":"ADBE Vector Shape - Group","hd":false},{"ty":"st","c":{"a":0,"k":[1,1,1,1],"ix":3},"o":{"a":0,"k":100,"ix":4},"w":{"a":0,"k":10,"ix":5},"lc":2,"lj":1,"ml":4,"bm":0,"nm":"Stroke 1","mn":"ADBE Vector Graphic - Stroke","hd":false},{"ty":"fl","c":{"a":0,"k":[1,0,0,1],"ix":4},"o":{"a":0,"k":100,"ix":5},"r":1,"bm":0,"nm":"Fill 1","mn":"ADBE Vector Graphic - Fill","hd":false},{"ty":"tm","s":{"a":1,"k":[{"i":{"x":[0.833],"y":[1]},"o":{"x":[0.167],"y":[0]},"t":35,"s":[30]},{"i":{"x":[0],"y":[0.998]},"o":{"x":[0.664],"y":[0.001]},"t":37,"s":[30]},{"t":39.0000015885026,"s":[80]}],"ix":1},"e":{"a":1,"k":[{"i":{"x":[0],"y":[0.996]},"o":{"x":[0.664],"y":[0.001]},"t":31,"s":[30]},{"i":{"x":[0],"y":[0.911]},"o":{"x":[0.296],"y":[0]},"t":35,"s":[80]},{"i":{"x":[0],"y":[0.911]},"o":{"x":[0.296],"y":[0]},"t":37,"s":[80]},{"t":39.0000015885026,"s":[80]}],"ix":2},"o":{"a":0,"k":0,"ix":3},"m":1,"ix":4,"nm":"Trim Paths 1","mn":"ADBE Vector Filter - Trim","hd":false},{"ty":"tr","p":{"a":0,"k":[-288.001,-402.919],"ix":2},"a":{"a":0,"k":[-288.997,-441.983],"ix":1},"s":{"a":0,"k":[98.627,101.367],"ix":3},"r":{"a":0,"k":240,"ix":6},"o":{"a":0,"k":100,"ix":7},"sk":{"a":0,"k":0,"ix":4},"sa":{"a":0,"k":0,"ix":5},"nm":"Transform"}],"nm":"Shape 1","np":4,"cix":2,"bm":0,"ix":5,"mn":"ADBE Vector Group","hd":false}],"ip":30.0000012219251,"op":129.000005254278,"st":9.00000036657752,"bm":0},{"ddd":0,"ind":2,"ty":2,"nm":"ProductAsset 82.png","cl":"png","refId":"image_0","sr":1,"ks":{"o":{"a":1,"k":[{"i":{"x":[0.833],"y":[0.833]},"o":{"x":[0.167],"y":[0.167]},"t":33,"s":[0]},{"t":34.0000013848484,"s":[100]}],"ix":11},"r":{"a":0,"k":0,"ix":10},"p":{"a":1,"k":[{"i":{"x":0.833,"y":0.841},"o":{"x":0.167,"y":0.167},"t":0,"s":[583.437,428.699,0],"to":[0.213,-0.095,0],"ti":[-0.412,0.169,0]},{"i":{"x":0.833,"y":0.842},"o":{"x":0.167,"y":0.175},"t":1,"s":[584.717,428.13,0],"to":[0.412,-0.169,0],"ti":[-0.382,0.125,0]},{"i":{"x":0.833,"y":0.843},"o":{"x":0.167,"y":0.176},"t":2,"s":[585.912,427.687,0],"to":[0.382,-0.125,0],"ti":[-0.347,0.081,0]},{"i":{"x":0.833,"y":0.845},"o":{"x":0.167,"y":0.178},"t":3,"s":[587.009,427.377,0],"to":[0.347,-0.081,0],"ti":[-0.308,0.034,0]},{"i":{"x":0.833,"y":0.846},"o":{"x":0.167,"y":0.18},"t":4,"s":[587.995,427.204,0],"to":[0.308,-0.034,0],"ti":[-0.265,-0.014,0]},{"i":{"x":0.833,"y":0.844},"o":{"x":0.167,"y":0.181},"t":5,"s":[588.858,427.173,0],"to":[0.265,0.014,0],"ti":[-0.22,-0.061,0]},{"i":{"x":0.833,"y":0.837},"o":{"x":0.167,"y":0.179},"t":6,"s":[589.586,427.287,0],"to":[0.22,0.061,0],"ti":[-0.186,-0.095,0]},{"i":{"x":0.833,"y":0.836},"o":{"x":0.167,"y":0.171},"t":7,"s":[590.179,427.537,0],"to":[0.186,0.095,0],"ti":[-0.162,-0.118,0]},{"i":{"x":0.833,"y":0.834},"o":{"x":0.167,"y":0.169},"t":8,"s":[590.699,427.859,0],"to":[0.162,0.118,0],"ti":[-0.14,-0.139,0]},{"i":{"x":0.833,"y":0.832},"o":{"x":0.167,"y":0.167},"t":9,"s":[591.154,428.245,0],"to":[0.14,0.139,0],"ti":[-0.117,-0.159,0]},{"i":{"x":0.833,"y":0.831},"o":{"x":0.167,"y":0.166},"t":10,"s":[591.539,428.692,0],"to":[0.117,0.159,0],"ti":[-0.093,-0.179,0]},{"i":{"x":0.833,"y":0.83},"o":{"x":0.167,"y":0.164},"t":11,"s":[591.854,429.199,0],"to":[0.093,0.179,0],"ti":[-0.069,-0.197,0]},{"i":{"x":0.833,"y":0.829},"o":{"x":0.167,"y":0.163},"t":12,"s":[592.098,429.763,0],"to":[0.069,0.197,0],"ti":[-0.045,-0.215,0]},{"i":{"x":0.833,"y":0.828},"o":{"x":0.167,"y":0.162},"t":13,"s":[592.269,430.383,0],"to":[0.045,0.215,0],"ti":[-0.021,-0.233,0]},{"i":{"x":0.833,"y":0.828},"o":{"x":0.167,"y":0.162},"t":14,"s":[592.368,431.056,0],"to":[0.021,0.233,0],"ti":[0.004,-0.249,0]},{"i":{"x":0.833,"y":0.828},"o":{"x":0.167,"y":0.161},"t":15,"s":[592.393,431.778,0],"to":[-0.004,0.249,0],"ti":[0.028,-0.264,0]},{"i":{"x":0.833,"y":0.828},"o":{"x":0.167,"y":0.161},"t":16,"s":[592.346,432.549,0],"to":[-0.028,0.264,0],"ti":[0.051,-0.279,0]},{"i":{"x":0.833,"y":0.828},"o":{"x":0.167,"y":0.161},"t":17,"s":[592.227,433.365,0],"to":[-0.051,0.279,0],"ti":[0.075,-0.293,0]},{"i":{"x":0.833,"y":0.828},"o":{"x":0.167,"y":0.162},"t":18,"s":[592.038,434.223,0],"to":[-0.075,0.293,0],"ti":[0.098,-0.305,0]},{"i":{"x":0.833,"y":0.829},"o":{"x":0.167,"y":0.162},"t":19,"s":[591.778,435.121,0],"to":[-0.098,0.305,0],"ti":[0.12,-0.317,0]},{"i":{"x":0.833,"y":0.829},"o":{"x":0.167,"y":0.162},"t":20,"s":[591.451,436.055,0],"to":[-0.12,0.317,0],"ti":[0.142,-0.328,0]},{"i":{"x":0.833,"y":0.829},"o":{"x":0.167,"y":0.163},"t":21,"s":[591.058,437.024,0],"to":[-0.142,0.328,0],"ti":[0.163,-0.338,0]},{"i":{"x":0.833,"y":0.83},"o":{"x":0.167,"y":0.163},"t":22,"s":[590.601,438.023,0],"to":[-0.163,0.338,0],"ti":[0.183,-0.347,0]},{"i":{"x":0.833,"y":0.83},"o":{"x":0.167,"y":0.163},"t":23,"s":[590.083,439.051,0],"to":[-0.183,0.347,0],"ti":[0.202,-0.355,0]},{"i":{"x":0.833,"y":0.83},"o":{"x":0.167,"y":0.164},"t":24,"s":[589.506,440.103,0],"to":[-0.202,0.355,0],"ti":[0.22,-0.361,0]},{"i":{"x":0.833,"y":0.831},"o":{"x":0.167,"y":0.164},"t":25,"s":[588.873,441.178,0],"to":[-0.22,0.361,0],"ti":[0.237,-0.367,0]},{"i":{"x":0.833,"y":0.831},"o":{"x":0.167,"y":0.164},"t":26,"s":[588.188,442.272,0],"to":[-0.237,0.367,0],"ti":[0.253,-0.372,0]},{"i":{"x":0.833,"y":0.831},"o":{"x":0.167,"y":0.164},"t":27,"s":[587.453,443.382,0],"to":[-0.253,0.372,0],"ti":[0.268,-0.376,0]},{"i":{"x":0.833,"y":0.832},"o":{"x":0.167,"y":0.165},"t":28,"s":[586.671,444.505,0],"to":[-0.268,0.376,0],"ti":[0.281,-0.379,0]},{"i":{"x":0.833,"y":0.832},"o":{"x":0.167,"y":0.165},"t":29,"s":[585.847,445.639,0],"to":[-0.281,0.379,0],"ti":[0.294,-0.381,0]},{"i":{"x":0.833,"y":0.832},"o":{"x":0.167,"y":0.165},"t":30,"s":[584.984,446.78,0],"to":[-0.294,0.381,0],"ti":[0.305,-0.382,0]},{"i":{"x":0.833,"y":0.832},"o":{"x":0.167,"y":0.165},"t":31,"s":[584.086,447.925,0],"to":[-0.305,0.382,0],"ti":[0.315,-0.382,0]},{"i":{"x":0.833,"y":0.833},"o":{"x":0.167,"y":0.166},"t":32,"s":[583.155,449.072,0],"to":[-0.315,0.382,0],"ti":[0.323,-0.381,0]},{"i":{"x":0.833,"y":0.833},"o":{"x":0.167,"y":0.166},"t":33,"s":[582.198,450.219,0],"to":[-0.323,0.381,0],"ti":[0.331,-0.38,0]},{"i":{"x":0.833,"y":0.833},"o":{"x":0.167,"y":0.166},"t":34,"s":[581.216,451.361,0],"to":[-0.331,0.38,0],"ti":[0.337,-0.377,0]},{"i":{"x":0.833,"y":0.833},"o":{"x":0.167,"y":0.166},"t":35,"s":[580.214,452.497,0],"to":[-0.337,0.377,0],"ti":[0.341,-0.374,0]},{"i":{"x":0.833,"y":0.834},"o":{"x":0.167,"y":0.167},"t":36,"s":[579.196,453.624,0],"to":[-0.341,0.374,0],"ti":[0.345,-0.37,0]},{"i":{"x":0.833,"y":0.834},"o":{"x":0.167,"y":0.167},"t":37,"s":[578.166,454.739,0],"to":[-0.345,0.37,0],"ti":[0.347,-0.365,0]},{"i":{"x":0.833,"y":0.834},"o":{"x":0.167,"y":0.167},"t":38,"s":[577.128,455.841,0],"to":[-0.347,0.365,0],"ti":[0.348,-0.359,0]},{"i":{"x":0.833,"y":0.834},"o":{"x":0.167,"y":0.167},"t":39,"s":[576.085,456.927,0],"to":[-0.348,0.359,0],"ti":[0.347,-0.353,0]},{"i":{"x":0.833,"y":0.834},"o":{"x":0.167,"y":0.168},"t":40,"s":[575.041,457.995,0],"to":[-0.347,0.353,0],"ti":[0.346,-0.346,0]},{"i":{"x":0.833,"y":0.835},"o":{"x":0.167,"y":0.168},"t":41,"s":[574,459.043,0],"to":[-0.346,0.346,0],"ti":[0.343,-0.338,0]},{"i":{"x":0.833,"y":0.835},"o":{"x":0.167,"y":0.168},"t":42,"s":[572.965,460.069,0],"to":[-0.343,0.338,0],"ti":[0.339,-0.33,0]},{"i":{"x":0.833,"y":0.835},"o":{"x":0.167,"y":0.168},"t":43,"s":[571.941,461.072,0],"to":[-0.339,0.33,0],"ti":[0.335,-0.321,0]},{"i":{"x":0.833,"y":0.835},"o":{"x":0.167,"y":0.168},"t":44,"s":[570.929,462.049,0],"to":[-0.335,0.321,0],"ti":[0.329,-0.312,0]},{"i":{"x":0.833,"y":0.836},"o":{"x":0.167,"y":0.169},"t":45,"s":[569.934,463,0],"to":[-0.329,0.312,0],"ti":[0.322,-0.303,0]},{"i":{"x":0.833,"y":0.836},"o":{"x":0.167,"y":0.169},"t":46,"s":[568.957,463.923,0],"to":[-0.322,0.303,0],"ti":[0.314,-0.293,0]},{"i":{"x":0.833,"y":0.836},"o":{"x":0.167,"y":0.169},"t":47,"s":[568.002,464.817,0],"to":[-0.314,0.293,0],"ti":[0.306,-0.283,0]},{"i":{"x":0.833,"y":0.836},"o":{"x":0.167,"y":0.169},"t":48,"s":[567.072,465.682,0],"to":[-0.306,0.283,0],"ti":[0.297,-0.273,0]},{"i":{"x":0.833,"y":0.836},"o":{"x":0.167,"y":0.17},"t":49,"s":[566.168,466.516,0],"to":[-0.297,0.273,0],"ti":[0.287,-0.263,0]},{"i":{"x":0.833,"y":0.837},"o":{"x":0.167,"y":0.17},"t":50,"s":[565.293,467.319,0],"to":[-0.287,0.263,0],"ti":[0.276,-0.252,0]},{"i":{"x":0.833,"y":0.837},"o":{"x":0.167,"y":0.17},"t":51,"s":[564.448,468.092,0],"to":[-0.276,0.252,0],"ti":[0.266,-0.242,0]},{"i":{"x":0.833,"y":0.837},"o":{"x":0.167,"y":0.17},"t":52,"s":[563.635,468.833,0],"to":[-0.266,0.242,0],"ti":[0.255,-0.232,0]},{"i":{"x":0.833,"y":0.837},"o":{"x":0.167,"y":0.17},"t":53,"s":[562.854,469.543,0],"to":[-0.255,0.232,0],"ti":[0.243,-0.222,0]},{"i":{"x":0.833,"y":0.837},"o":{"x":0.167,"y":0.171},"t":54,"s":[562.107,470.223,0],"to":[-0.243,0.222,0],"ti":[0.232,-0.212,0]},{"i":{"x":0.833,"y":0.837},"o":{"x":0.167,"y":0.171},"t":55,"s":[561.395,470.872,0],"to":[-0.232,0.212,0],"ti":[0.221,-0.202,0]},{"i":{"x":0.833,"y":0.837},"o":{"x":0.167,"y":0.171},"t":56,"s":[560.716,471.493,0],"to":[-0.221,0.202,0],"ti":[0.209,-0.193,0]},{"i":{"x":0.833,"y":0.837},"o":{"x":0.167,"y":0.171},"t":57,"s":[560.071,472.087,0],"to":[-0.209,0.193,0],"ti":[0.199,-0.185,0]},{"i":{"x":0.833,"y":0.837},"o":{"x":0.167,"y":0.171},"t":58,"s":[559.46,472.654,0],"to":[-0.199,0.185,0],"ti":[0.188,-0.177,0]},{"i":{"x":0.833,"y":0.837},"o":{"x":0.167,"y":0.171},"t":59,"s":[558.88,473.197,0],"to":[-0.188,0.177,0],"ti":[0.178,-0.17,0]},{"i":{"x":0.833,"y":0.837},"o":{"x":0.167,"y":0.171},"t":60,"s":[558.331,473.717,0],"to":[-0.178,0.17,0],"ti":[0.169,-0.164,0]},{"i":{"x":0.833,"y":0.837},"o":{"x":0.167,"y":0.17},"t":61,"s":[557.81,474.217,0],"to":[-0.169,0.164,0],"ti":[0.161,-0.158,0]},{"i":{"x":0.833,"y":0.836},"o":{"x":0.167,"y":0.17},"t":62,"s":[557.316,474.7,0],"to":[-0.161,0.158,0],"ti":[0.154,-0.154,0]},{"i":{"x":0.833,"y":0.835},"o":{"x":0.167,"y":0.169},"t":63,"s":[556.844,475.168,0],"to":[-0.154,0.154,0],"ti":[0.148,-0.151,0]},{"i":{"x":0.833,"y":0.835},"o":{"x":0.167,"y":0.169},"t":64,"s":[556.391,475.625,0],"to":[-0.148,0.151,0],"ti":[0.144,-0.149,0]},{"i":{"x":0.833,"y":0.834},"o":{"x":0.167,"y":0.168},"t":65,"s":[555.954,476.075,0],"to":[-0.144,0.149,0],"ti":[0.14,-0.149,0]},{"i":{"x":0.833,"y":0.839},"o":{"x":0.167,"y":0.168},"t":66,"s":[555.527,476.52,0],"to":[-0.14,0.149,0],"ti":[0.132,-0.146,0]},{"i":{"x":0.833,"y":0.84},"o":{"x":0.167,"y":0.172},"t":67,"s":[555.112,476.967,0],"to":[-0.132,0.146,0],"ti":[0.12,-0.137,0]},{"i":{"x":0.833,"y":0.841},"o":{"x":0.167,"y":0.174},"t":68,"s":[554.733,477.394,0],"to":[-0.12,0.137,0],"ti":[0.108,-0.126,0]},{"i":{"x":0.833,"y":0.842},"o":{"x":0.167,"y":0.175},"t":69,"s":[554.392,477.79,0],"to":[-0.108,0.126,0],"ti":[0.098,-0.114,0]},{"i":{"x":0.833,"y":0.843},"o":{"x":0.167,"y":0.176},"t":70,"s":[554.083,478.15,0],"to":[-0.098,0.114,0],"ti":[0.088,-0.1,0]},{"i":{"x":0.833,"y":0.845},"o":{"x":0.167,"y":0.178},"t":71,"s":[553.805,478.472,0],"to":[-0.088,0.1,0],"ti":[0.08,-0.085,0]},{"i":{"x":0.833,"y":0.847},"o":{"x":0.167,"y":0.18},"t":72,"s":[553.553,478.749,0],"to":[-0.08,0.085,0],"ti":[0.072,-0.068,0]},{"i":{"x":0.833,"y":0.849},"o":{"x":0.167,"y":0.182},"t":73,"s":[553.327,478.98,0],"to":[-0.072,0.068,0],"ti":[0.064,-0.051,0]},{"i":{"x":0.833,"y":0.85},"o":{"x":0.167,"y":0.186},"t":74,"s":[553.123,479.16,0],"to":[-0.064,0.051,0],"ti":[0.057,-0.033,0]},{"i":{"x":0.833,"y":0.849},"o":{"x":0.167,"y":0.188},"t":75,"s":[552.941,479.286,0],"to":[-0.057,0.033,0],"ti":[0.05,-0.013,0]},{"i":{"x":0.833,"y":0.839},"o":{"x":0.167,"y":0.186},"t":76,"s":[552.78,479.355,0],"to":[-0.05,0.013,0],"ti":[0.044,0.007,0]},{"i":{"x":0.833,"y":0.82},"o":{"x":0.167,"y":0.172},"t":77,"s":[552.638,479.365,0],"to":[-0.044,-0.007,0],"ti":[0.037,0.028,0]},{"i":{"x":0.833,"y":0.809},"o":{"x":0.167,"y":0.155},"t":78,"s":[552.517,479.314,0],"to":[-0.037,-0.028,0],"ti":[0.03,0.05,0]},{"i":{"x":0.833,"y":0.809},"o":{"x":0.167,"y":0.148},"t":79,"s":[552.415,479.198,0],"to":[-0.03,-0.05,0],"ti":[0.023,0.072,0]},{"i":{"x":0.833,"y":0.813},"o":{"x":0.167,"y":0.148},"t":80,"s":[552.335,479.016,0],"to":[-0.023,-0.072,0],"ti":[0.016,0.095,0]},{"i":{"x":0.833,"y":0.816},"o":{"x":0.167,"y":0.15},"t":81,"s":[552.275,478.767,0],"to":[-0.016,-0.095,0],"ti":[0.008,0.118,0]},{"i":{"x":0.833,"y":0.818},"o":{"x":0.167,"y":0.152},"t":82,"s":[552.238,478.449,0],"to":[-0.008,-0.118,0],"ti":[0,0.141,0]},{"i":{"x":0.833,"y":0.82},"o":{"x":0.167,"y":0.154},"t":83,"s":[552.225,478.061,0],"to":[0,-0.141,0],"ti":[-0.009,0.165,0]},{"i":{"x":0.833,"y":0.822},"o":{"x":0.167,"y":0.155},"t":84,"s":[552.237,477.602,0],"to":[0.009,-0.165,0],"ti":[-0.018,0.189,0]},{"i":{"x":0.833,"y":0.823},"o":{"x":0.167,"y":0.156},"t":85,"s":[552.276,477.072,0],"to":[0.018,-0.189,0],"ti":[-0.028,0.213,0]},{"i":{"x":0.833,"y":0.824},"o":{"x":0.167,"y":0.157},"t":86,"s":[552.344,476.47,0],"to":[0.028,-0.213,0],"ti":[-0.039,0.236,0]},{"i":{"x":0.833,"y":0.825},"o":{"x":0.167,"y":0.158},"t":87,"s":[552.443,475.797,0],"to":[0.039,-0.236,0],"ti":[-0.05,0.26,0]},{"i":{"x":0.833,"y":0.826},"o":{"x":0.167,"y":0.159},"t":88,"s":[552.576,475.052,0],"to":[0.05,-0.26,0],"ti":[-0.062,0.284,0]},{"i":{"x":0.833,"y":0.826},"o":{"x":0.167,"y":0.16},"t":89,"s":[552.743,474.236,0],"to":[0.062,-0.284,0],"ti":[-0.075,0.307,0]},{"i":{"x":0.833,"y":0.827},"o":{"x":0.167,"y":0.16},"t":90,"s":[552.948,473.35,0],"to":[0.075,-0.307,0],"ti":[-0.089,0.33,0]},{"i":{"x":0.833,"y":0.827},"o":{"x":0.167,"y":0.161},"t":91,"s":[553.193,472.395,0],"to":[0.089,-0.33,0],"ti":[-0.103,0.352,0]},{"i":{"x":0.833,"y":0.828},"o":{"x":0.167,"y":0.161},"t":92,"s":[553.48,471.371,0],"to":[0.103,-0.352,0],"ti":[-0.119,0.374,0]},{"i":{"x":0.833,"y":0.828},"o":{"x":0.167,"y":0.161},"t":93,"s":[553.813,470.282,0],"to":[0.119,-0.374,0],"ti":[-0.135,0.395,0]},{"i":{"x":0.833,"y":0.829},"o":{"x":0.167,"y":0.162},"t":94,"s":[554.192,469.128,0],"to":[0.135,-0.395,0],"ti":[-0.151,0.416,0]},{"i":{"x":0.833,"y":0.829},"o":{"x":0.167,"y":0.162},"t":95,"s":[554.62,467.911,0],"to":[0.151,-0.416,0],"ti":[-0.169,0.435,0]},{"i":{"x":0.833,"y":0.829},"o":{"x":0.167,"y":0.162},"t":96,"s":[555.099,466.635,0],"to":[0.169,-0.435,0],"ti":[-0.187,0.454,0]},{"i":{"x":0.833,"y":0.829},"o":{"x":0.167,"y":0.163},"t":97,"s":[555.632,465.301,0],"to":[0.187,-0.454,0],"ti":[-0.206,0.472,0]},{"i":{"x":0.833,"y":0.83},"o":{"x":0.167,"y":0.163},"t":98,"s":[556.221,463.912,0],"to":[0.206,-0.472,0],"ti":[-0.225,0.488,0]},{"i":{"x":0.833,"y":0.83},"o":{"x":0.167,"y":0.163},"t":99,"s":[556.866,462.471,0],"to":[0.225,-0.488,0],"ti":[-0.245,0.504,0]},{"i":{"x":0.833,"y":0.83},"o":{"x":0.167,"y":0.163},"t":100,"s":[557.57,460.983,0],"to":[0.245,-0.504,0],"ti":[-0.265,0.518,0]},{"i":{"x":0.833,"y":0.83},"o":{"x":0.167,"y":0.164},"t":101,"s":[558.333,459.45,0],"to":[0.265,-0.518,0],"ti":[-0.285,0.531,0]},{"i":{"x":0.833,"y":0.831},"o":{"x":0.167,"y":0.164},"t":102,"s":[559.158,457.876,0],"to":[0.285,-0.531,0],"ti":[-0.306,0.542,0]},{"i":{"x":0.833,"y":0.831},"o":{"x":0.167,"y":0.164},"t":103,"s":[560.044,456.266,0],"to":[0.306,-0.542,0],"ti":[-0.326,0.552,0]},{"i":{"x":0.833,"y":0.831},"o":{"x":0.167,"y":0.164},"t":104,"s":[560.992,454.625,0],"to":[0.326,-0.552,0],"ti":[-0.347,0.56,0]},{"i":{"x":0.833,"y":0.831},"o":{"x":0.167,"y":0.165},"t":105,"s":[562.002,452.956,0],"to":[0.347,-0.56,0],"ti":[-0.368,0.566,0]},{"i":{"x":0.833,"y":0.832},"o":{"x":0.167,"y":0.165},"t":106,"s":[563.074,451.265,0],"to":[0.368,-0.566,0],"ti":[-0.388,0.571,0]},{"i":{"x":0.833,"y":0.832},"o":{"x":0.167,"y":0.165},"t":107,"s":[564.208,449.557,0],"to":[0.388,-0.571,0],"ti":[-0.408,0.574,0]},{"i":{"x":0.833,"y":0.832},"o":{"x":0.167,"y":0.165},"t":108,"s":[565.403,447.838,0],"to":[0.408,-0.574,0],"ti":[-0.427,0.575,0]},{"i":{"x":0.833,"y":0.832},"o":{"x":0.167,"y":0.165},"t":109,"s":[566.656,446.113,0],"to":[0.427,-0.575,0],"ti":[-0.446,0.574,0]},{"i":{"x":0.833,"y":0.832},"o":{"x":0.167,"y":0.166},"t":110,"s":[567.967,444.389,0],"to":[0.446,-0.574,0],"ti":[-0.464,0.57,0]},{"i":{"x":0.833,"y":0.833},"o":{"x":0.167,"y":0.166},"t":111,"s":[569.332,442.672,0],"to":[0.464,-0.57,0],"ti":[-0.481,0.565,0]},{"i":{"x":0.833,"y":0.833},"o":{"x":0.167,"y":0.166},"t":112,"s":[570.75,440.968,0],"to":[0.481,-0.565,0],"ti":[-0.496,0.557,0]},{"i":{"x":0.833,"y":0.833},"o":{"x":0.167,"y":0.166},"t":113,"s":[572.217,439.284,0],"to":[0.496,-0.557,0],"ti":[-0.51,0.546,0]},{"i":{"x":0.833,"y":0.834},"o":{"x":0.167,"y":0.167},"t":114,"s":[573.728,437.628,0],"to":[0.51,-0.546,0],"ti":[-0.523,0.533,0]},{"i":{"x":0.833,"y":0.834},"o":{"x":0.167,"y":0.167},"t":115,"s":[575.279,436.007,0],"to":[0.523,-0.533,0],"ti":[-0.534,0.518,0]},{"i":{"x":0.833,"y":0.834},"o":{"x":0.167,"y":0.167},"t":116,"s":[576.865,434.428,0],"to":[0.534,-0.518,0],"ti":[-0.542,0.5,0]},{"i":{"x":0.833,"y":0.835},"o":{"x":0.167,"y":0.168},"t":117,"s":[578.481,432.899,0],"to":[0.542,-0.5,0],"ti":[-0.549,0.479,0]},{"i":{"x":0.833,"y":0.833},"o":{"x":0.167,"y":0.168},"t":118,"s":[580.12,431.429,0],"to":[0.549,-0.479,0],"ti":[-0.276,0.234,0]},{"t":119.000004846969,"s":[581.775,430.026,0]}],"ix":2},"a":{"a":0,"k":[109,162,0],"ix":1},"s":{"a":1,"k":[{"i":{"x":[0,0,0.667],"y":[1.137,1.137,1]},"o":{"x":[0.562,0.562,0.333],"y":[0,0,0]},"t":22,"s":[0,0,100]},{"i":{"x":[0,0,0.667],"y":[1,1,1]},"o":{"x":[0.167,0.167,0.167],"y":[0,0,0]},"t":32,"s":[100.413,100.413,100]},{"i":{"x":[0.667,0.667,0.667],"y":[1,1,1]},"o":{"x":[0.865,0.865,0.167],"y":[-0.227,-0.227,0]},"t":83,"s":[100.413,100.413,100]},{"t":93.0000037879676,"s":[0,0,100]}],"ix":6}},"ao":0,"ip":0,"op":120.0000048877,"st":0,"bm":0},{"ddd":0,"ind":3,"ty":2,"nm":"light_bulb.png","cl":"png","refId":"image_1","sr":1,"ks":{"o":{"a":0,"k":100,"ix":11},"r":{"a":0,"k":0,"ix":10},"p":{"a":1,"k":[{"i":{"x":0.833,"y":0.841},"o":{"x":0.167,"y":0.167},"t":0,"s":[583.437,428.699,0],"to":[0.213,-0.095,0],"ti":[-0.412,0.169,0]},{"i":{"x":0.833,"y":0.842},"o":{"x":0.167,"y":0.175},"t":1,"s":[584.717,428.13,0],"to":[0.412,-0.169,0],"ti":[-0.382,0.125,0]},{"i":{"x":0.833,"y":0.843},"o":{"x":0.167,"y":0.176},"t":2,"s":[585.912,427.687,0],"to":[0.382,-0.125,0],"ti":[-0.347,0.081,0]},{"i":{"x":0.833,"y":0.845},"o":{"x":0.167,"y":0.178},"t":3,"s":[587.009,427.377,0],"to":[0.347,-0.081,0],"ti":[-0.308,0.034,0]},{"i":{"x":0.833,"y":0.846},"o":{"x":0.167,"y":0.18},"t":4,"s":[587.995,427.204,0],"to":[0.308,-0.034,0],"ti":[-0.265,-0.014,0]},{"i":{"x":0.833,"y":0.844},"o":{"x":0.167,"y":0.181},"t":5,"s":[588.858,427.173,0],"to":[0.265,0.014,0],"ti":[-0.22,-0.061,0]},{"i":{"x":0.833,"y":0.837},"o":{"x":0.167,"y":0.179},"t":6,"s":[589.586,427.287,0],"to":[0.22,0.061,0],"ti":[-0.186,-0.095,0]},{"i":{"x":0.833,"y":0.836},"o":{"x":0.167,"y":0.171},"t":7,"s":[590.179,427.537,0],"to":[0.186,0.095,0],"ti":[-0.162,-0.118,0]},{"i":{"x":0.833,"y":0.834},"o":{"x":0.167,"y":0.169},"t":8,"s":[590.699,427.859,0],"to":[0.162,0.118,0],"ti":[-0.14,-0.139,0]},{"i":{"x":0.833,"y":0.832},"o":{"x":0.167,"y":0.167},"t":9,"s":[591.154,428.245,0],"to":[0.14,0.139,0],"ti":[-0.117,-0.159,0]},{"i":{"x":0.833,"y":0.831},"o":{"x":0.167,"y":0.166},"t":10,"s":[591.539,428.692,0],"to":[0.117,0.159,0],"ti":[-0.093,-0.179,0]},{"i":{"x":0.833,"y":0.83},"o":{"x":0.167,"y":0.164},"t":11,"s":[591.854,429.199,0],"to":[0.093,0.179,0],"ti":[-0.069,-0.197,0]},{"i":{"x":0.833,"y":0.829},"o":{"x":0.167,"y":0.163},"t":12,"s":[592.098,429.763,0],"to":[0.069,0.197,0],"ti":[-0.045,-0.215,0]},{"i":{"x":0.833,"y":0.828},"o":{"x":0.167,"y":0.162},"t":13,"s":[592.269,430.383,0],"to":[0.045,0.215,0],"ti":[-0.021,-0.233,0]},{"i":{"x":0.833,"y":0.828},"o":{"x":0.167,"y":0.162},"t":14,"s":[592.368,431.056,0],"to":[0.021,0.233,0],"ti":[0.004,-0.249,0]},{"i":{"x":0.833,"y":0.828},"o":{"x":0.167,"y":0.161},"t":15,"s":[592.393,431.778,0],"to":[-0.004,0.249,0],"ti":[0.028,-0.264,0]},{"i":{"x":0.833,"y":0.828},"o":{"x":0.167,"y":0.161},"t":16,"s":[592.346,432.549,0],"to":[-0.028,0.264,0],"ti":[0.051,-0.279,0]},{"i":{"x":0.833,"y":0.828},"o":{"x":0.167,"y":0.161},"t":17,"s":[592.227,433.365,0],"to":[-0.051,0.279,0],"ti":[0.075,-0.293,0]},{"i":{"x":0.833,"y":0.828},"o":{"x":0.167,"y":0.162},"t":18,"s":[592.038,434.223,0],"to":[-0.075,0.293,0],"ti":[0.098,-0.305,0]},{"i":{"x":0.833,"y":0.829},"o":{"x":0.167,"y":0.162},"t":19,"s":[591.778,435.121,0],"to":[-0.098,0.305,0],"ti":[0.12,-0.317,0]},{"i":{"x":0.833,"y":0.829},"o":{"x":0.167,"y":0.162},"t":20,"s":[591.451,436.055,0],"to":[-0.12,0.317,0],"ti":[0.142,-0.328,0]},{"i":{"x":0.833,"y":0.829},"o":{"x":0.167,"y":0.163},"t":21,"s":[591.058,437.024,0],"to":[-0.142,0.328,0],"ti":[0.163,-0.338,0]},{"i":{"x":0.833,"y":0.83},"o":{"x":0.167,"y":0.163},"t":22,"s":[590.601,438.023,0],"to":[-0.163,0.338,0],"ti":[0.183,-0.347,0]},{"i":{"x":0.833,"y":0.83},"o":{"x":0.167,"y":0.163},"t":23,"s":[590.083,439.051,0],"to":[-0.183,0.347,0],"ti":[0.202,-0.355,0]},{"i":{"x":0.833,"y":0.83},"o":{"x":0.167,"y":0.164},"t":24,"s":[589.506,440.103,0],"to":[-0.202,0.355,0],"ti":[0.22,-0.361,0]},{"i":{"x":0.833,"y":0.831},"o":{"x":0.167,"y":0.164},"t":25,"s":[588.873,441.178,0],"to":[-0.22,0.361,0],"ti":[0.237,-0.367,0]},{"i":{"x":0.833,"y":0.831},"o":{"x":0.167,"y":0.164},"t":26,"s":[588.188,442.272,0],"to":[-0.237,0.367,0],"ti":[0.253,-0.372,0]},{"i":{"x":0.833,"y":0.831},"o":{"x":0.167,"y":0.164},"t":27,"s":[587.453,443.382,0],"to":[-0.253,0.372,0],"ti":[0.268,-0.376,0]},{"i":{"x":0.833,"y":0.832},"o":{"x":0.167,"y":0.165},"t":28,"s":[586.671,444.505,0],"to":[-0.268,0.376,0],"ti":[0.281,-0.379,0]},{"i":{"x":0.833,"y":0.832},"o":{"x":0.167,"y":0.165},"t":29,"s":[585.847,445.639,0],"to":[-0.281,0.379,0],"ti":[0.294,-0.381,0]},{"i":{"x":0.833,"y":0.832},"o":{"x":0.167,"y":0.165},"t":30,"s":[584.984,446.78,0],"to":[-0.294,0.381,0],"ti":[0.305,-0.382,0]},{"i":{"x":0.833,"y":0.832},"o":{"x":0.167,"y":0.165},"t":31,"s":[584.086,447.925,0],"to":[-0.305,0.382,0],"ti":[0.315,-0.382,0]},{"i":{"x":0.833,"y":0.833},"o":{"x":0.167,"y":0.166},"t":32,"s":[583.155,449.072,0],"to":[-0.315,0.382,0],"ti":[0.323,-0.381,0]},{"i":{"x":0.833,"y":0.833},"o":{"x":0.167,"y":0.166},"t":33,"s":[582.198,450.219,0],"to":[-0.323,0.381,0],"ti":[0.331,-0.38,0]},{"i":{"x":0.833,"y":0.833},"o":{"x":0.167,"y":0.166},"t":34,"s":[581.216,451.361,0],"to":[-0.331,0.38,0],"ti":[0.337,-0.377,0]},{"i":{"x":0.833,"y":0.833},"o":{"x":0.167,"y":0.166},"t":35,"s":[580.214,452.497,0],"to":[-0.337,0.377,0],"ti":[0.341,-0.374,0]},{"i":{"x":0.833,"y":0.834},"o":{"x":0.167,"y":0.167},"t":36,"s":[579.196,453.624,0],"to":[-0.341,0.374,0],"ti":[0.345,-0.37,0]},{"i":{"x":0.833,"y":0.834},"o":{"x":0.167,"y":0.167},"t":37,"s":[578.166,454.739,0],"to":[-0.345,0.37,0],"ti":[0.347,-0.365,0]},{"i":{"x":0.833,"y":0.834},"o":{"x":0.167,"y":0.167},"t":38,"s":[577.128,455.841,0],"to":[-0.347,0.365,0],"ti":[0.348,-0.359,0]},{"i":{"x":0.833,"y":0.834},"o":{"x":0.167,"y":0.167},"t":39,"s":[576.085,456.927,0],"to":[-0.348,0.359,0],"ti":[0.347,-0.353,0]},{"i":{"x":0.833,"y":0.834},"o":{"x":0.167,"y":0.168},"t":40,"s":[575.041,457.995,0],"to":[-0.347,0.353,0],"ti":[0.346,-0.346,0]},{"i":{"x":0.833,"y":0.835},"o":{"x":0.167,"y":0.168},"t":41,"s":[574,459.043,0],"to":[-0.346,0.346,0],"ti":[0.343,-0.338,0]},{"i":{"x":0.833,"y":0.835},"o":{"x":0.167,"y":0.168},"t":42,"s":[572.965,460.069,0],"to":[-0.343,0.338,0],"ti":[0.339,-0.33,0]},{"i":{"x":0.833,"y":0.835},"o":{"x":0.167,"y":0.168},"t":43,"s":[571.941,461.072,0],"to":[-0.339,0.33,0],"ti":[0.335,-0.321,0]},{"i":{"x":0.833,"y":0.835},"o":{"x":0.167,"y":0.168},"t":44,"s":[570.929,462.049,0],"to":[-0.335,0.321,0],"ti":[0.329,-0.312,0]},{"i":{"x":0.833,"y":0.836},"o":{"x":0.167,"y":0.169},"t":45,"s":[569.934,463,0],"to":[-0.329,0.312,0],"ti":[0.322,-0.303,0]},{"i":{"x":0.833,"y":0.836},"o":{"x":0.167,"y":0.169},"t":46,"s":[568.957,463.923,0],"to":[-0.322,0.303,0],"ti":[0.314,-0.293,0]},{"i":{"x":0.833,"y":0.836},"o":{"x":0.167,"y":0.169},"t":47,"s":[568.002,464.817,0],"to":[-0.314,0.293,0],"ti":[0.306,-0.283,0]},{"i":{"x":0.833,"y":0.836},"o":{"x":0.167,"y":0.169},"t":48,"s":[567.072,465.682,0],"to":[-0.306,0.283,0],"ti":[0.297,-0.273,0]},{"i":{"x":0.833,"y":0.836},"o":{"x":0.167,"y":0.17},"t":49,"s":[566.168,466.516,0],"to":[-0.297,0.273,0],"ti":[0.287,-0.263,0]},{"i":{"x":0.833,"y":0.837},"o":{"x":0.167,"y":0.17},"t":50,"s":[565.293,467.319,0],"to":[-0.287,0.263,0],"ti":[0.276,-0.252,0]},{"i":{"x":0.833,"y":0.837},"o":{"x":0.167,"y":0.17},"t":51,"s":[564.448,468.092,0],"to":[-0.276,0.252,0],"ti":[0.266,-0.242,0]},{"i":{"x":0.833,"y":0.837},"o":{"x":0.167,"y":0.17},"t":52,"s":[563.635,468.833,0],"to":[-0.266,0.242,0],"ti":[0.255,-0.232,0]},{"i":{"x":0.833,"y":0.837},"o":{"x":0.167,"y":0.17},"t":53,"s":[562.854,469.543,0],"to":[-0.255,0.232,0],"ti":[0.243,-0.222,0]},{"i":{"x":0.833,"y":0.837},"o":{"x":0.167,"y":0.171},"t":54,"s":[562.107,470.223,0],"to":[-0.243,0.222,0],"ti":[0.232,-0.212,0]},{"i":{"x":0.833,"y":0.837},"o":{"x":0.167,"y":0.171},"t":55,"s":[561.395,470.872,0],"to":[-0.232,0.212,0],"ti":[0.221,-0.202,0]},{"i":{"x":0.833,"y":0.837},"o":{"x":0.167,"y":0.171},"t":56,"s":[560.716,471.493,0],"to":[-0.221,0.202,0],"ti":[0.209,-0.193,0]},{"i":{"x":0.833,"y":0.837},"o":{"x":0.167,"y":0.171},"t":57,"s":[560.071,472.087,0],"to":[-0.209,0.193,0],"ti":[0.199,-0.185,0]},{"i":{"x":0.833,"y":0.837},"o":{"x":0.167,"y":0.171},"t":58,"s":[559.46,472.654,0],"to":[-0.199,0.185,0],"ti":[0.188,-0.177,0]},{"i":{"x":0.833,"y":0.837},"o":{"x":0.167,"y":0.171},"t":59,"s":[558.88,473.197,0],"to":[-0.188,0.177,0],"ti":[0.178,-0.17,0]},{"i":{"x":0.833,"y":0.837},"o":{"x":0.167,"y":0.171},"t":60,"s":[558.331,473.717,0],"to":[-0.178,0.17,0],"ti":[0.169,-0.164,0]},{"i":{"x":0.833,"y":0.837},"o":{"x":0.167,"y":0.17},"t":61,"s":[557.81,474.217,0],"to":[-0.169,0.164,0],"ti":[0.161,-0.158,0]},{"i":{"x":0.833,"y":0.836},"o":{"x":0.167,"y":0.17},"t":62,"s":[557.316,474.7,0],"to":[-0.161,0.158,0],"ti":[0.154,-0.154,0]},{"i":{"x":0.833,"y":0.835},"o":{"x":0.167,"y":0.169},"t":63,"s":[556.844,475.168,0],"to":[-0.154,0.154,0],"ti":[0.148,-0.151,0]},{"i":{"x":0.833,"y":0.835},"o":{"x":0.167,"y":0.169},"t":64,"s":[556.391,475.625,0],"to":[-0.148,0.151,0],"ti":[0.144,-0.149,0]},{"i":{"x":0.833,"y":0.834},"o":{"x":0.167,"y":0.168},"t":65,"s":[555.954,476.075,0],"to":[-0.144,0.149,0],"ti":[0.14,-0.149,0]},{"i":{"x":0.833,"y":0.839},"o":{"x":0.167,"y":0.168},"t":66,"s":[555.527,476.52,0],"to":[-0.14,0.149,0],"ti":[0.132,-0.146,0]},{"i":{"x":0.833,"y":0.84},"o":{"x":0.167,"y":0.172},"t":67,"s":[555.112,476.967,0],"to":[-0.132,0.146,0],"ti":[0.12,-0.137,0]},{"i":{"x":0.833,"y":0.841},"o":{"x":0.167,"y":0.174},"t":68,"s":[554.733,477.394,0],"to":[-0.12,0.137,0],"ti":[0.108,-0.126,0]},{"i":{"x":0.833,"y":0.842},"o":{"x":0.167,"y":0.175},"t":69,"s":[554.392,477.79,0],"to":[-0.108,0.126,0],"ti":[0.098,-0.114,0]},{"i":{"x":0.833,"y":0.843},"o":{"x":0.167,"y":0.176},"t":70,"s":[554.083,478.15,0],"to":[-0.098,0.114,0],"ti":[0.088,-0.1,0]},{"i":{"x":0.833,"y":0.845},"o":{"x":0.167,"y":0.178},"t":71,"s":[553.805,478.472,0],"to":[-0.088,0.1,0],"ti":[0.08,-0.085,0]},{"i":{"x":0.833,"y":0.847},"o":{"x":0.167,"y":0.18},"t":72,"s":[553.553,478.749,0],"to":[-0.08,0.085,0],"ti":[0.072,-0.068,0]},{"i":{"x":0.833,"y":0.849},"o":{"x":0.167,"y":0.182},"t":73,"s":[553.327,478.98,0],"to":[-0.072,0.068,0],"ti":[0.064,-0.051,0]},{"i":{"x":0.833,"y":0.85},"o":{"x":0.167,"y":0.186},"t":74,"s":[553.123,479.16,0],"to":[-0.064,0.051,0],"ti":[0.057,-0.033,0]},{"i":{"x":0.833,"y":0.849},"o":{"x":0.167,"y":0.188},"t":75,"s":[552.941,479.286,0],"to":[-0.057,0.033,0],"ti":[0.05,-0.013,0]},{"i":{"x":0.833,"y":0.839},"o":{"x":0.167,"y":0.186},"t":76,"s":[552.78,479.355,0],"to":[-0.05,0.013,0],"ti":[0.044,0.007,0]},{"i":{"x":0.833,"y":0.82},"o":{"x":0.167,"y":0.172},"t":77,"s":[552.638,479.365,0],"to":[-0.044,-0.007,0],"ti":[0.037,0.028,0]},{"i":{"x":0.833,"y":0.809},"o":{"x":0.167,"y":0.155},"t":78,"s":[552.517,479.314,0],"to":[-0.037,-0.028,0],"ti":[0.03,0.05,0]},{"i":{"x":0.833,"y":0.809},"o":{"x":0.167,"y":0.148},"t":79,"s":[552.415,479.198,0],"to":[-0.03,-0.05,0],"ti":[0.023,0.072,0]},{"i":{"x":0.833,"y":0.813},"o":{"x":0.167,"y":0.148},"t":80,"s":[552.335,479.016,0],"to":[-0.023,-0.072,0],"ti":[0.016,0.095,0]},{"i":{"x":0.833,"y":0.816},"o":{"x":0.167,"y":0.15},"t":81,"s":[552.275,478.767,0],"to":[-0.016,-0.095,0],"ti":[0.008,0.118,0]},{"i":{"x":0.833,"y":0.818},"o":{"x":0.167,"y":0.152},"t":82,"s":[552.238,478.449,0],"to":[-0.008,-0.118,0],"ti":[0,0.141,0]},{"i":{"x":0.833,"y":0.82},"o":{"x":0.167,"y":0.154},"t":83,"s":[552.225,478.061,0],"to":[0,-0.141,0],"ti":[-0.009,0.165,0]},{"i":{"x":0.833,"y":0.822},"o":{"x":0.167,"y":0.155},"t":84,"s":[552.237,477.602,0],"to":[0.009,-0.165,0],"ti":[-0.018,0.189,0]},{"i":{"x":0.833,"y":0.823},"o":{"x":0.167,"y":0.156},"t":85,"s":[552.276,477.072,0],"to":[0.018,-0.189,0],"ti":[-0.028,0.213,0]},{"i":{"x":0.833,"y":0.824},"o":{"x":0.167,"y":0.157},"t":86,"s":[552.344,476.47,0],"to":[0.028,-0.213,0],"ti":[-0.039,0.236,0]},{"i":{"x":0.833,"y":0.825},"o":{"x":0.167,"y":0.158},"t":87,"s":[552.443,475.797,0],"to":[0.039,-0.236,0],"ti":[-0.05,0.26,0]},{"i":{"x":0.833,"y":0.826},"o":{"x":0.167,"y":0.159},"t":88,"s":[552.576,475.052,0],"to":[0.05,-0.26,0],"ti":[-0.062,0.284,0]},{"i":{"x":0.833,"y":0.826},"o":{"x":0.167,"y":0.16},"t":89,"s":[552.743,474.236,0],"to":[0.062,-0.284,0],"ti":[-0.075,0.307,0]},{"i":{"x":0.833,"y":0.827},"o":{"x":0.167,"y":0.16},"t":90,"s":[552.948,473.35,0],"to":[0.075,-0.307,0],"ti":[-0.089,0.33,0]},{"i":{"x":0.833,"y":0.827},"o":{"x":0.167,"y":0.161},"t":91,"s":[553.193,472.395,0],"to":[0.089,-0.33,0],"ti":[-0.103,0.352,0]},{"i":{"x":0.833,"y":0.828},"o":{"x":0.167,"y":0.161},"t":92,"s":[553.48,471.371,0],"to":[0.103,-0.352,0],"ti":[-0.119,0.374,0]},{"i":{"x":0.833,"y":0.828},"o":{"x":0.167,"y":0.161},"t":93,"s":[553.813,470.282,0],"to":[0.119,-0.374,0],"ti":[-0.135,0.395,0]},{"i":{"x":0.833,"y":0.829},"o":{"x":0.167,"y":0.162},"t":94,"s":[554.192,469.128,0],"to":[0.135,-0.395,0],"ti":[-0.151,0.416,0]},{"i":{"x":0.833,"y":0.829},"o":{"x":0.167,"y":0.162},"t":95,"s":[554.62,467.911,0],"to":[0.151,-0.416,0],"ti":[-0.169,0.435,0]},{"i":{"x":0.833,"y":0.829},"o":{"x":0.167,"y":0.162},"t":96,"s":[555.099,466.635,0],"to":[0.169,-0.435,0],"ti":[-0.187,0.454,0]},{"i":{"x":0.833,"y":0.829},"o":{"x":0.167,"y":0.163},"t":97,"s":[555.632,465.301,0],"to":[0.187,-0.454,0],"ti":[-0.206,0.472,0]},{"i":{"x":0.833,"y":0.83},"o":{"x":0.167,"y":0.163},"t":98,"s":[556.221,463.912,0],"to":[0.206,-0.472,0],"ti":[-0.225,0.488,0]},{"i":{"x":0.833,"y":0.83},"o":{"x":0.167,"y":0.163},"t":99,"s":[556.866,462.471,0],"to":[0.225,-0.488,0],"ti":[-0.245,0.504,0]},{"i":{"x":0.833,"y":0.83},"o":{"x":0.167,"y":0.163},"t":100,"s":[557.57,460.983,0],"to":[0.245,-0.504,0],"ti":[-0.265,0.518,0]},{"i":{"x":0.833,"y":0.83},"o":{"x":0.167,"y":0.164},"t":101,"s":[558.333,459.45,0],"to":[0.265,-0.518,0],"ti":[-0.285,0.531,0]},{"i":{"x":0.833,"y":0.831},"o":{"x":0.167,"y":0.164},"t":102,"s":[559.158,457.876,0],"to":[0.285,-0.531,0],"ti":[-0.306,0.542,0]},{"i":{"x":0.833,"y":0.831},"o":{"x":0.167,"y":0.164},"t":103,"s":[560.044,456.266,0],"to":[0.306,-0.542,0],"ti":[-0.326,0.552,0]},{"i":{"x":0.833,"y":0.831},"o":{"x":0.167,"y":0.164},"t":104,"s":[560.992,454.625,0],"to":[0.326,-0.552,0],"ti":[-0.347,0.56,0]},{"i":{"x":0.833,"y":0.831},"o":{"x":0.167,"y":0.165},"t":105,"s":[562.002,452.956,0],"to":[0.347,-0.56,0],"ti":[-0.368,0.566,0]},{"i":{"x":0.833,"y":0.832},"o":{"x":0.167,"y":0.165},"t":106,"s":[563.074,451.265,0],"to":[0.368,-0.566,0],"ti":[-0.388,0.571,0]},{"i":{"x":0.833,"y":0.832},"o":{"x":0.167,"y":0.165},"t":107,"s":[564.208,449.557,0],"to":[0.388,-0.571,0],"ti":[-0.408,0.574,0]},{"i":{"x":0.833,"y":0.832},"o":{"x":0.167,"y":0.165},"t":108,"s":[565.403,447.838,0],"to":[0.408,-0.574,0],"ti":[-0.427,0.575,0]},{"i":{"x":0.833,"y":0.832},"o":{"x":0.167,"y":0.165},"t":109,"s":[566.656,446.113,0],"to":[0.427,-0.575,0],"ti":[-0.446,0.574,0]},{"i":{"x":0.833,"y":0.832},"o":{"x":0.167,"y":0.166},"t":110,"s":[567.967,444.389,0],"to":[0.446,-0.574,0],"ti":[-0.464,0.57,0]},{"i":{"x":0.833,"y":0.833},"o":{"x":0.167,"y":0.166},"t":111,"s":[569.332,442.672,0],"to":[0.464,-0.57,0],"ti":[-0.481,0.565,0]},{"i":{"x":0.833,"y":0.833},"o":{"x":0.167,"y":0.166},"t":112,"s":[570.75,440.968,0],"to":[0.481,-0.565,0],"ti":[-0.496,0.557,0]},{"i":{"x":0.833,"y":0.833},"o":{"x":0.167,"y":0.166},"t":113,"s":[572.217,439.284,0],"to":[0.496,-0.557,0],"ti":[-0.51,0.546,0]},{"i":{"x":0.833,"y":0.834},"o":{"x":0.167,"y":0.167},"t":114,"s":[573.728,437.628,0],"to":[0.51,-0.546,0],"ti":[-0.523,0.533,0]},{"i":{"x":0.833,"y":0.834},"o":{"x":0.167,"y":0.167},"t":115,"s":[575.279,436.007,0],"to":[0.523,-0.533,0],"ti":[-0.534,0.518,0]},{"i":{"x":0.833,"y":0.834},"o":{"x":0.167,"y":0.167},"t":116,"s":[576.865,434.428,0],"to":[0.534,-0.518,0],"ti":[-0.542,0.5,0]},{"i":{"x":0.833,"y":0.835},"o":{"x":0.167,"y":0.168},"t":117,"s":[578.481,432.899,0],"to":[0.542,-0.5,0],"ti":[-0.549,0.479,0]},{"i":{"x":0.833,"y":0.833},"o":{"x":0.167,"y":0.168},"t":118,"s":[580.12,431.429,0],"to":[0.549,-0.479,0],"ti":[-0.276,0.234,0]},{"t":119.000004846969,"s":[581.775,430.026,0]}],"ix":2},"a":{"a":0,"k":[109,162,0],"ix":1},"s":{"a":1,"k":[{"i":{"x":[0,0,0.667],"y":[1.137,1.137,1]},"o":{"x":[0.562,0.562,0.333],"y":[0,0,0]},"t":22,"s":[0,0,100]},{"i":{"x":[0,0,0.667],"y":[1,1,1]},"o":{"x":[0.167,0.167,0.167],"y":[0,0,0]},"t":32,"s":[100.413,100.413,100]},{"i":{"x":[0.667,0.667,0.667],"y":[1,1,1]},"o":{"x":[0.865,0.865,0.167],"y":[-0.227,-0.227,0]},"t":83,"s":[100.413,100.413,100]},{"t":93.0000037879676,"s":[0,0,100]}],"ix":6}},"ao":0,"ip":0,"op":120.0000048877,"st":0,"bm":0}]}],"layers":[{"ddd":0,"ind":2,"ty":0,"nm":"light bulb comp","refId":"comp_0","sr":1,"ks":{"o":{"a":0,"k":100,"ix":11},"r":{"a":0,"k":0,"ix":10},"p":{"s":true,"x":{"a":1,"k":[{"i":{"x":[0.667],"y":[1]},"o":{"x":[0.03],"y":[0.233]},"t":19,"s":[844]},{"i":{"x":[0.667],"y":[1]},"o":{"x":[0.333],"y":[0]},"t":33,"s":[606]},{"i":{"x":[0.967],"y":[0.722]},"o":{"x":[0.333],"y":[0]},"t":82,"s":[606]},{"t":97.000003950891,"s":[844]}],"ix":3},"y":{"a":1,"k":[{"i":{"x":[0.667],"y":[1]},"o":{"x":[0.03],"y":[0.233]},"t":19,"s":[864]},{"i":{"x":[0.667],"y":[1]},"o":{"x":[0.333],"y":[0]},"t":33,"s":[462]},{"i":{"x":[0.967],"y":[0.722]},"o":{"x":[0.333],"y":[0]},"t":82,"s":[462]},{"t":97.000003950891,"s":[864]}],"ix":4}},"a":{"a":0,"k":[606,462,0],"ix":1},"s":{"a":0,"k":[100,100,100],"ix":6}},"ao":0,"w":1700,"h":1700,"ip":0,"op":120.0000048877,"st":0,"bm":0},{"ddd":0,"ind":3,"ty":2,"nm":"hand","refId":"image_2","sr":1,"ks":{"o":{"a":0,"k":100,"ix":11},"r":{"a":1,"k":[{"i":{"x":[0.667],"y":[1]},"o":{"x":[0.333],"y":[0]},"t":5,"s":[0]},{"i":{"x":[0.667],"y":[1]},"o":{"x":[0.333],"y":[0]},"t":24,"s":[22]},{"i":{"x":[0.667],"y":[1]},"o":{"x":[0.333],"y":[0]},"t":83,"s":[22]},{"t":104.000004236007,"s":[0]}],"ix":10},"p":{"a":1,"k":[{"i":{"x":0.667,"y":1},"o":{"x":0.333,"y":0},"t":5,"s":[434,1128,0],"to":[27.667,-50.667,0],"ti":[-69.167,0.667,0]},{"i":{"x":0.667,"y":0.667},"o":{"x":0.333,"y":0.333},"t":24,"s":[660,992,0],"to":[0,0,0],"ti":[0,0,0]},{"i":{"x":0.667,"y":1},"o":{"x":0.333,"y":0},"t":83,"s":[660,992,0],"to":[-78.667,2.667,0],"ti":[20.667,-47.167,0]},{"t":104.000004236007,"s":[434,1128,0]}],"ix":2},"a":{"a":0,"k":[218.5,285.5,0],"ix":1},"s":{"a":0,"k":[100,100,100],"ix":6}},"ao":0,"ip":0,"op":120.0000048877,"st":0,"bm":0},{"ddd":0,"ind":4,"ty":2,"nm":"puzzle.png","cl":"png","refId":"image_3","sr":1,"ks":{"o":{"a":0,"k":100,"ix":11},"r":{"a":1,"k":[{"i":{"x":[0.667],"y":[1]},"o":{"x":[0.167],"y":[0]},"t":5,"s":[0]},{"i":{"x":[0.667],"y":[1]},"o":{"x":[0.333],"y":[0]},"t":24,"s":[-9]},{"i":{"x":[0.833],"y":[1]},"o":{"x":[0.333],"y":[0]},"t":83,"s":[-9]},{"t":104.000004236007,"s":[0]}],"ix":10},"p":{"a":1,"k":[{"i":{"x":0.667,"y":1},"o":{"x":0.333,"y":0},"t":5,"s":[628,810,0],"to":[53.792,0.917,0],"ti":[-53.792,-0.917,0]},{"i":{"x":0.667,"y":0.667},"o":{"x":0.333,"y":0.333},"t":24,"s":[950.75,815.5,0],"to":[0,0,0],"ti":[0,0,0]},{"i":{"x":0.833,"y":1},"o":{"x":0.333,"y":0},"t":83,"s":[950.75,815.5,0],"to":[-53.792,-0.917,0],"ti":[53.792,0.917,0]},{"t":104.000004236007,"s":[628,810,0]}],"ix":2},"a":{"a":0,"k":[179.5,159.5,0],"ix":1},"s":{"a":1,"k":[{"i":{"x":[0.667,0.667,0.667],"y":[1,1,1]},"o":{"x":[0.333,0.333,0.333],"y":[0,0,0]},"t":24,"s":[100,100,100]},{"i":{"x":[0.667,0.667,0.667],"y":[1,1,1]},"o":{"x":[0.333,0.333,0.333],"y":[0,0,0]},"t":28,"s":[105,105,100]},{"i":{"x":[0.833,0.833,0.833],"y":[1,1,1]},"o":{"x":[0.167,0.167,0.167],"y":[0,0,0]},"t":32,"s":[99,99,100]},{"i":{"x":[0.833,0.833,0.833],"y":[1,1,1]},"o":{"x":[0.167,0.167,0.167],"y":[0,0,0]},"t":83,"s":[99,99,100]},{"t":104.000004236007,"s":[100,100,100]}],"ix":6}},"ao":0,"ip":0,"op":120.0000048877,"st":0,"bm":0},{"ddd":0,"ind":5,"ty":2,"nm":"product","refId":"image_4","sr":1,"ks":{"o":{"a":0,"k":100,"ix":11},"r":{"a":0,"k":0,"ix":10},"p":{"a":1,"k":[{"i":{"x":0.833,"y":0.84},"o":{"x":0.167,"y":0.167},"t":0,"s":[859.728,1260.731,0],"to":[0.003,-0.024,0],"ti":[0.009,0.042,0]},{"i":{"x":0.833,"y":0.806},"o":{"x":0.167,"y":0.174},"t":1,"s":[859.744,1260.587,0],"to":[-0.009,-0.042,0],"ti":[0.039,0.031,0]},{"i":{"x":0.833,"y":0.803},"o":{"x":0.167,"y":0.146},"t":2,"s":[859.674,1260.476,0],"to":[-0.039,-0.031,0],"ti":[0.067,0.017,0]},{"i":{"x":0.833,"y":0.829},"o":{"x":0.167,"y":0.144},"t":3,"s":[859.513,1260.403,0],"to":[-0.067,-0.017,0],"ti":[0.083,0.001,0]},{"i":{"x":0.833,"y":0.829},"o":{"x":0.167,"y":0.162},"t":4,"s":[859.271,1260.373,0],"to":[-0.083,-0.001,0],"ti":[0.086,-0.015,0]},{"i":{"x":0.833,"y":0.828},"o":{"x":0.167,"y":0.163},"t":5,"s":[859.015,1260.394,0],"to":[-0.086,0.015,0],"ti":[0.088,-0.029,0]},{"i":{"x":0.833,"y":0.828},"o":{"x":0.167,"y":0.162},"t":6,"s":[858.754,1260.462,0],"to":[-0.088,0.029,0],"ti":[0.089,-0.042,0]},{"i":{"x":0.833,"y":0.828},"o":{"x":0.167,"y":0.162},"t":7,"s":[858.489,1260.569,0],"to":[-0.089,0.042,0],"ti":[0.09,-0.052,0]},{"i":{"x":0.833,"y":0.829},"o":{"x":0.167,"y":0.162},"t":8,"s":[858.22,1260.711,0],"to":[-0.09,0.052,0],"ti":[0.092,-0.061,0]},{"i":{"x":0.833,"y":0.83},"o":{"x":0.167,"y":0.163},"t":9,"s":[857.948,1260.883,0],"to":[-0.092,0.061,0],"ti":[0.093,-0.069,0]},{"i":{"x":0.833,"y":0.83},"o":{"x":0.167,"y":0.163},"t":10,"s":[857.671,1261.079,0],"to":[-0.093,0.069,0],"ti":[0.094,-0.075,0]},{"i":{"x":0.833,"y":0.831},"o":{"x":0.167,"y":0.164},"t":11,"s":[857.39,1261.295,0],"to":[-0.094,0.075,0],"ti":[0.095,-0.08,0]},{"i":{"x":0.833,"y":0.831},"o":{"x":0.167,"y":0.164},"t":12,"s":[857.106,1261.528,0],"to":[-0.095,0.08,0],"ti":[0.097,-0.083,0]},{"i":{"x":0.833,"y":0.832},"o":{"x":0.167,"y":0.165},"t":13,"s":[856.819,1261.773,0],"to":[-0.097,0.083,0],"ti":[0.098,-0.086,0]},{"i":{"x":0.833,"y":0.832},"o":{"x":0.167,"y":0.165},"t":14,"s":[856.527,1262.027,0],"to":[-0.098,0.086,0],"ti":[0.099,-0.087,0]},{"i":{"x":0.833,"y":0.833},"o":{"x":0.167,"y":0.166},"t":15,"s":[856.232,1262.288,0],"to":[-0.099,0.087,0],"ti":[0.1,-0.088,0]},{"i":{"x":0.833,"y":0.833},"o":{"x":0.167,"y":0.166},"t":16,"s":[855.933,1262.551,0],"to":[-0.1,0.088,0],"ti":[0.102,-0.088,0]},{"i":{"x":0.833,"y":0.833},"o":{"x":0.167,"y":0.166},"t":17,"s":[855.63,1262.816,0],"to":[-0.102,0.088,0],"ti":[0.103,-0.087,0]},{"i":{"x":0.833,"y":0.833},"o":{"x":0.167,"y":0.166},"t":18,"s":[855.323,1263.079,0],"to":[-0.103,0.087,0],"ti":[0.104,-0.086,0]},{"i":{"x":0.833,"y":0.833},"o":{"x":0.167,"y":0.167},"t":19,"s":[855.012,1263.339,0],"to":[-0.104,0.086,0],"ti":[0.106,-0.084,0]},{"i":{"x":0.833,"y":0.833},"o":{"x":0.167,"y":0.167},"t":20,"s":[854.696,1263.594,0],"to":[-0.106,0.084,0],"ti":[0.108,-0.082,0]},{"i":{"x":0.833,"y":0.834},"o":{"x":0.167,"y":0.167},"t":21,"s":[854.376,1263.842,0],"to":[-0.108,0.082,0],"ti":[0.109,-0.079,0]},{"i":{"x":0.833,"y":0.834},"o":{"x":0.167,"y":0.167},"t":22,"s":[854.051,1264.083,0],"to":[-0.109,0.079,0],"ti":[0.111,-0.076,0]},{"i":{"x":0.833,"y":0.834},"o":{"x":0.167,"y":0.167},"t":23,"s":[853.721,1264.316,0],"to":[-0.111,0.076,0],"ti":[0.113,-0.073,0]},{"i":{"x":0.833,"y":0.833},"o":{"x":0.167,"y":0.167},"t":24,"s":[853.386,1264.539,0],"to":[-0.113,0.073,0],"ti":[0.114,-0.069,0]},{"i":{"x":0.833,"y":0.833},"o":{"x":0.167,"y":0.167},"t":25,"s":[853.046,1264.752,0],"to":[-0.114,0.069,0],"ti":[0.116,-0.066,0]},{"i":{"x":0.833,"y":0.833},"o":{"x":0.167,"y":0.167},"t":26,"s":[852.7,1264.955,0],"to":[-0.116,0.066,0],"ti":[0.118,-0.062,0]},{"i":{"x":0.833,"y":0.833},"o":{"x":0.167,"y":0.167},"t":27,"s":[852.348,1265.147,0],"to":[-0.118,0.062,0],"ti":[0.12,-0.059,0]},{"i":{"x":0.833,"y":0.833},"o":{"x":0.167,"y":0.166},"t":28,"s":[851.991,1265.329,0],"to":[-0.12,0.059,0],"ti":[0.122,-0.055,0]},{"i":{"x":0.833,"y":0.833},"o":{"x":0.167,"y":0.166},"t":29,"s":[851.627,1265.5,0],"to":[-0.122,0.055,0],"ti":[0.124,-0.052,0]},{"i":{"x":0.833,"y":0.833},"o":{"x":0.167,"y":0.166},"t":30,"s":[851.258,1265.66,0],"to":[-0.124,0.052,0],"ti":[0.127,-0.048,0]},{"i":{"x":0.833,"y":0.833},"o":{"x":0.167,"y":0.166},"t":31,"s":[850.881,1265.81,0],"to":[-0.127,0.048,0],"ti":[0.129,-0.045,0]},{"i":{"x":0.833,"y":0.833},"o":{"x":0.167,"y":0.166},"t":32,"s":[850.498,1265.95,0],"to":[-0.129,0.045,0],"ti":[0.131,-0.042,0]},{"i":{"x":0.833,"y":0.832},"o":{"x":0.167,"y":0.166},"t":33,"s":[850.109,1266.081,0],"to":[-0.131,0.042,0],"ti":[0.133,-0.039,0]},{"i":{"x":0.833,"y":0.832},"o":{"x":0.167,"y":0.166},"t":34,"s":[849.712,1266.203,0],"to":[-0.133,0.039,0],"ti":[0.136,-0.037,0]},{"i":{"x":0.833,"y":0.832},"o":{"x":0.167,"y":0.166},"t":35,"s":[849.309,1266.316,0],"to":[-0.136,0.037,0],"ti":[0.138,-0.034,0]},{"i":{"x":0.833,"y":0.832},"o":{"x":0.167,"y":0.166},"t":36,"s":[848.898,1266.422,0],"to":[-0.138,0.034,0],"ti":[0.14,-0.032,0]},{"i":{"x":0.833,"y":0.832},"o":{"x":0.167,"y":0.166},"t":37,"s":[848.48,1266.521,0],"to":[-0.14,0.032,0],"ti":[0.143,-0.03,0]},{"i":{"x":0.833,"y":0.832},"o":{"x":0.167,"y":0.166},"t":38,"s":[848.055,1266.614,0],"to":[-0.143,0.03,0],"ti":[0.145,-0.028,0]},{"i":{"x":0.833,"y":0.832},"o":{"x":0.167,"y":0.166},"t":39,"s":[847.624,1266.701,0],"to":[-0.145,0.028,0],"ti":[0.147,-0.027,0]},{"i":{"x":0.833,"y":0.832},"o":{"x":0.167,"y":0.166},"t":40,"s":[847.185,1266.783,0],"to":[-0.147,0.027,0],"ti":[0.15,-0.025,0]},{"i":{"x":0.833,"y":0.832},"o":{"x":0.167,"y":0.166},"t":41,"s":[846.739,1266.861,0],"to":[-0.15,0.025,0],"ti":[0.152,-0.024,0]},{"i":{"x":0.833,"y":0.832},"o":{"x":0.167,"y":0.166},"t":42,"s":[846.286,1266.936,0],"to":[-0.152,0.024,0],"ti":[0.154,-0.024,0]},{"i":{"x":0.833,"y":0.832},"o":{"x":0.167,"y":0.166},"t":43,"s":[845.826,1267.007,0],"to":[-0.154,0.024,0],"ti":[0.156,-0.023,0]},{"i":{"x":0.833,"y":0.832},"o":{"x":0.167,"y":0.166},"t":44,"s":[845.36,1267.077,0],"to":[-0.156,0.023,0],"ti":[0.158,-0.022,0]},{"i":{"x":0.833,"y":0.832},"o":{"x":0.167,"y":0.166},"t":45,"s":[844.888,1267.144,0],"to":[-0.158,0.022,0],"ti":[0.16,-0.022,0]},{"i":{"x":0.833,"y":0.832},"o":{"x":0.167,"y":0.166},"t":46,"s":[844.41,1267.211,0],"to":[-0.16,0.022,0],"ti":[0.162,-0.022,0]},{"i":{"x":0.833,"y":0.833},"o":{"x":0.167,"y":0.166},"t":47,"s":[843.926,1267.276,0],"to":[-0.162,0.022,0],"ti":[0.164,-0.021,0]},{"i":{"x":0.833,"y":0.833},"o":{"x":0.167,"y":0.166},"t":48,"s":[843.437,1267.34,0],"to":[-0.164,0.021,0],"ti":[0.165,-0.021,0]},{"i":{"x":0.833,"y":0.833},"o":{"x":0.167,"y":0.166},"t":49,"s":[842.944,1267.404,0],"to":[-0.165,0.021,0],"ti":[0.167,-0.021,0]},{"i":{"x":0.833,"y":0.833},"o":{"x":0.167,"y":0.166},"t":50,"s":[842.446,1267.467,0],"to":[-0.167,0.021,0],"ti":[0.168,-0.021,0]},{"i":{"x":0.833,"y":0.833},"o":{"x":0.167,"y":0.166},"t":51,"s":[841.945,1267.529,0],"to":[-0.168,0.021,0],"ti":[0.168,-0.02,0]},{"i":{"x":0.833,"y":0.833},"o":{"x":0.167,"y":0.166},"t":52,"s":[841.44,1267.591,0],"to":[-0.168,0.02,0],"ti":[0.169,-0.019,0]},{"i":{"x":0.833,"y":0.833},"o":{"x":0.167,"y":0.166},"t":53,"s":[840.934,1267.65,0],"to":[-0.169,0.019,0],"ti":[0.169,-0.019,0]},{"i":{"x":0.833,"y":0.833},"o":{"x":0.167,"y":0.167},"t":54,"s":[840.426,1267.707,0],"to":[-0.169,0.019,0],"ti":[0.17,-0.017,0]},{"i":{"x":0.833,"y":0.834},"o":{"x":0.167,"y":0.167},"t":55,"s":[839.917,1267.761,0],"to":[-0.17,0.017,0],"ti":[0.169,-0.016,0]},{"i":{"x":0.833,"y":0.834},"o":{"x":0.167,"y":0.167},"t":56,"s":[839.409,1267.811,0],"to":[-0.169,0.016,0],"ti":[0.169,-0.014,0]},{"i":{"x":0.833,"y":0.834},"o":{"x":0.167,"y":0.167},"t":57,"s":[838.902,1267.856,0],"to":[-0.169,0.014,0],"ti":[0.168,-0.011,0]},{"i":{"x":0.833,"y":0.834},"o":{"x":0.167,"y":0.167},"t":58,"s":[838.397,1267.893,0],"to":[-0.168,0.011,0],"ti":[0.166,-0.008,0]},{"i":{"x":0.833,"y":0.834},"o":{"x":0.167,"y":0.168},"t":59,"s":[837.896,1267.922,0],"to":[-0.166,0.008,0],"ti":[0.164,-0.004,0]},{"i":{"x":0.833,"y":0.835},"o":{"x":0.167,"y":0.168},"t":60,"s":[837.4,1267.94,0],"to":[-0.164,0.004,0],"ti":[0.162,0.001,0]},{"i":{"x":0.833,"y":0.835},"o":{"x":0.167,"y":0.168},"t":61,"s":[836.91,1267.945,0],"to":[-0.162,-0.001,0],"ti":[0.159,0.007,0]},{"i":{"x":0.833,"y":0.836},"o":{"x":0.167,"y":0.168},"t":62,"s":[836.427,1267.934,0],"to":[-0.159,-0.007,0],"ti":[0.155,0.012,0]},{"i":{"x":0.833,"y":0.841},"o":{"x":0.167,"y":0.169},"t":63,"s":[835.954,1267.906,0],"to":[-0.155,-0.012,0],"ti":[0.146,0.013,0]},{"i":{"x":0.833,"y":0.843},"o":{"x":0.167,"y":0.175},"t":64,"s":[835.495,1267.861,0],"to":[-0.146,-0.013,0],"ti":[0.131,0.008,0]},{"i":{"x":0.833,"y":0.844},"o":{"x":0.167,"y":0.178},"t":65,"s":[835.08,1267.829,0],"to":[-0.131,-0.008,0],"ti":[0.115,0.003,0]},{"i":{"x":0.833,"y":0.846},"o":{"x":0.167,"y":0.179},"t":66,"s":[834.712,1267.814,0],"to":[-0.115,-0.003,0],"ti":[0.099,-0.002,0]},{"i":{"x":0.833,"y":0.847},"o":{"x":0.167,"y":0.181},"t":67,"s":[834.391,1267.813,0],"to":[-0.099,0.002,0],"ti":[0.083,-0.005,0]},{"i":{"x":0.833,"y":0.85},"o":{"x":0.167,"y":0.184},"t":68,"s":[834.118,1267.824,0],"to":[-0.083,0.005,0],"ti":[0.068,-0.009,0]},{"i":{"x":0.833,"y":0.853},"o":{"x":0.167,"y":0.187},"t":69,"s":[833.891,1267.846,0],"to":[-0.068,0.009,0],"ti":[0.052,-0.011,0]},{"i":{"x":0.833,"y":0.858},"o":{"x":0.167,"y":0.193},"t":70,"s":[833.711,1267.876,0],"to":[-0.052,0.011,0],"ti":[0.037,-0.013,0]},{"i":{"x":0.833,"y":0.863},"o":{"x":0.167,"y":0.202},"t":71,"s":[833.577,1267.913,0],"to":[-0.037,0.013,0],"ti":[0.021,-0.015,0]},{"i":{"x":0.833,"y":0.851},"o":{"x":0.167,"y":0.213},"t":72,"s":[833.49,1267.955,0],"to":[-0.021,0.015,0],"ti":[0.006,-0.015,0]},{"i":{"x":0.833,"y":0.8},"o":{"x":0.167,"y":0.189},"t":73,"s":[833.449,1268.001,0],"to":[-0.006,0.015,0],"ti":[-0.009,-0.016,0]},{"i":{"x":0.833,"y":0.79},"o":{"x":0.167,"y":0.143},"t":74,"s":[833.453,1268.048,0],"to":[0.009,0.016,0],"ti":[-0.024,-0.015,0]},{"i":{"x":0.833,"y":0.802},"o":{"x":0.167,"y":0.138},"t":75,"s":[833.502,1268.095,0],"to":[0.024,0.015,0],"ti":[-0.039,-0.015,0]},{"i":{"x":0.833,"y":0.81},"o":{"x":0.167,"y":0.144},"t":76,"s":[833.596,1268.141,0],"to":[0.039,0.015,0],"ti":[-0.053,-0.013,0]},{"i":{"x":0.833,"y":0.815},"o":{"x":0.167,"y":0.148},"t":77,"s":[833.733,1268.184,0],"to":[0.053,0.013,0],"ti":[-0.067,-0.012,0]},{"i":{"x":0.833,"y":0.818},"o":{"x":0.167,"y":0.152},"t":78,"s":[833.914,1268.222,0],"to":[0.067,0.012,0],"ti":[-0.081,-0.01,0]},{"i":{"x":0.833,"y":0.821},"o":{"x":0.167,"y":0.154},"t":79,"s":[834.137,1268.254,0],"to":[0.081,0.01,0],"ti":[-0.095,-0.007,0]},{"i":{"x":0.833,"y":0.823},"o":{"x":0.167,"y":0.156},"t":80,"s":[834.403,1268.279,0],"to":[0.095,0.007,0],"ti":[-0.109,-0.004,0]},{"i":{"x":0.833,"y":0.824},"o":{"x":0.167,"y":0.157},"t":81,"s":[834.709,1268.296,0],"to":[0.109,0.004,0],"ti":[-0.122,-0.001,0]},{"i":{"x":0.833,"y":0.825},"o":{"x":0.167,"y":0.158},"t":82,"s":[835.056,1268.303,0],"to":[0.122,0.001,0],"ti":[-0.135,0.003,0]},{"i":{"x":0.833,"y":0.826},"o":{"x":0.167,"y":0.159},"t":83,"s":[835.442,1268.299,0],"to":[0.135,-0.003,0],"ti":[-0.147,0.007,0]},{"i":{"x":0.833,"y":0.827},"o":{"x":0.167,"y":0.16},"t":84,"s":[835.866,1268.283,0],"to":[0.147,-0.007,0],"ti":[-0.16,0.012,0]},{"i":{"x":0.833,"y":0.827},"o":{"x":0.167,"y":0.161},"t":85,"s":[836.326,1268.255,0],"to":[0.16,-0.012,0],"ti":[-0.171,0.016,0]},{"i":{"x":0.833,"y":0.828},"o":{"x":0.167,"y":0.161},"t":86,"s":[836.823,1268.213,0],"to":[0.171,-0.016,0],"ti":[-0.183,0.021,0]},{"i":{"x":0.833,"y":0.828},"o":{"x":0.167,"y":0.162},"t":87,"s":[837.354,1268.157,0],"to":[0.183,-0.021,0],"ti":[-0.193,0.026,0]},{"i":{"x":0.833,"y":0.829},"o":{"x":0.167,"y":0.162},"t":88,"s":[837.919,1268.087,0],"to":[0.193,-0.026,0],"ti":[-0.204,0.031,0]},{"i":{"x":0.833,"y":0.829},"o":{"x":0.167,"y":0.162},"t":89,"s":[838.515,1268,0],"to":[0.204,-0.031,0],"ti":[-0.213,0.037,0]},{"i":{"x":0.833,"y":0.83},"o":{"x":0.167,"y":0.163},"t":90,"s":[839.141,1267.899,0],"to":[0.213,-0.037,0],"ti":[-0.223,0.042,0]},{"i":{"x":0.833,"y":0.83},"o":{"x":0.167,"y":0.163},"t":91,"s":[839.796,1267.781,0],"to":[0.223,-0.042,0],"ti":[-0.231,0.048,0]},{"i":{"x":0.833,"y":0.83},"o":{"x":0.167,"y":0.163},"t":92,"s":[840.477,1267.646,0],"to":[0.231,-0.048,0],"ti":[-0.239,0.053,0]},{"i":{"x":0.833,"y":0.831},"o":{"x":0.167,"y":0.164},"t":93,"s":[841.183,1267.495,0],"to":[0.239,-0.053,0],"ti":[-0.246,0.058,0]},{"i":{"x":0.833,"y":0.831},"o":{"x":0.167,"y":0.164},"t":94,"s":[841.912,1267.328,0],"to":[0.246,-0.058,0],"ti":[-0.253,0.064,0]},{"i":{"x":0.833,"y":0.831},"o":{"x":0.167,"y":0.164},"t":95,"s":[842.662,1267.145,0],"to":[0.253,-0.064,0],"ti":[-0.259,0.069,0]},{"i":{"x":0.833,"y":0.832},"o":{"x":0.167,"y":0.165},"t":96,"s":[843.43,1266.946,0],"to":[0.259,-0.069,0],"ti":[-0.264,0.074,0]},{"i":{"x":0.833,"y":0.832},"o":{"x":0.167,"y":0.165},"t":97,"s":[844.215,1266.731,0],"to":[0.264,-0.074,0],"ti":[-0.268,0.079,0]},{"i":{"x":0.833,"y":0.832},"o":{"x":0.167,"y":0.165},"t":98,"s":[845.014,1266.501,0],"to":[0.268,-0.079,0],"ti":[-0.272,0.084,0]},{"i":{"x":0.833,"y":0.832},"o":{"x":0.167,"y":0.165},"t":99,"s":[845.825,1266.257,0],"to":[0.272,-0.084,0],"ti":[-0.274,0.088,0]},{"i":{"x":0.833,"y":0.833},"o":{"x":0.167,"y":0.166},"t":100,"s":[846.644,1266,0],"to":[0.274,-0.088,0],"ti":[-0.276,0.092,0]},{"i":{"x":0.833,"y":0.833},"o":{"x":0.167,"y":0.166},"t":101,"s":[847.469,1265.73,0],"to":[0.276,-0.092,0],"ti":[-0.276,0.095,0]},{"i":{"x":0.833,"y":0.833},"o":{"x":0.167,"y":0.166},"t":102,"s":[848.298,1265.449,0],"to":[0.276,-0.095,0],"ti":[-0.276,0.099,0]},{"i":{"x":0.833,"y":0.834},"o":{"x":0.167,"y":0.167},"t":103,"s":[849.127,1265.157,0],"to":[0.276,-0.099,0],"ti":[-0.274,0.101,0]},{"i":{"x":0.833,"y":0.834},"o":{"x":0.167,"y":0.167},"t":104,"s":[849.954,1264.857,0],"to":[0.274,-0.101,0],"ti":[-0.272,0.103,0]},{"i":{"x":0.833,"y":0.834},"o":{"x":0.167,"y":0.167},"t":105,"s":[850.774,1264.551,0],"to":[0.272,-0.103,0],"ti":[-0.268,0.105,0]},{"i":{"x":0.833,"y":0.835},"o":{"x":0.167,"y":0.168},"t":106,"s":[851.585,1264.238,0],"to":[0.268,-0.105,0],"ti":[-0.263,0.105,0]},{"i":{"x":0.833,"y":0.835},"o":{"x":0.167,"y":0.168},"t":107,"s":[852.383,1263.923,0],"to":[0.263,-0.105,0],"ti":[-0.257,0.105,0]},{"i":{"x":0.833,"y":0.836},"o":{"x":0.167,"y":0.169},"t":108,"s":[853.164,1263.606,0],"to":[0.257,-0.105,0],"ti":[-0.25,0.105,0]},{"i":{"x":0.833,"y":0.836},"o":{"x":0.167,"y":0.169},"t":109,"s":[853.925,1263.291,0],"to":[0.25,-0.105,0],"ti":[-0.241,0.103,0]},{"i":{"x":0.833,"y":0.837},"o":{"x":0.167,"y":0.17},"t":110,"s":[854.662,1262.979,0],"to":[0.241,-0.103,0],"ti":[-0.231,0.1,0]},{"i":{"x":0.833,"y":0.838},"o":{"x":0.167,"y":0.17},"t":111,"s":[855.371,1262.673,0],"to":[0.231,-0.1,0],"ti":[-0.219,0.097,0]},{"i":{"x":0.833,"y":0.839},"o":{"x":0.167,"y":0.171},"t":112,"s":[856.047,1262.376,0],"to":[0.219,-0.097,0],"ti":[-0.206,0.092,0]},{"i":{"x":0.833,"y":0.84},"o":{"x":0.167,"y":0.172},"t":113,"s":[856.686,1262.092,0],"to":[0.206,-0.092,0],"ti":[-0.192,0.087,0]},{"i":{"x":0.833,"y":0.841},"o":{"x":0.167,"y":0.173},"t":114,"s":[857.284,1261.822,0],"to":[0.192,-0.087,0],"ti":[-0.175,0.08,0]},{"i":{"x":0.833,"y":0.843},"o":{"x":0.167,"y":0.175},"t":115,"s":[857.835,1261.571,0],"to":[0.175,-0.08,0],"ti":[-0.158,0.072,0]},{"i":{"x":0.833,"y":0.845},"o":{"x":0.167,"y":0.177},"t":116,"s":[858.336,1261.343,0],"to":[0.158,-0.072,0],"ti":[-0.138,0.062,0]},{"i":{"x":0.833,"y":0.848},"o":{"x":0.167,"y":0.18},"t":117,"s":[858.781,1261.14,0],"to":[0.138,-0.062,0],"ti":[-0.117,0.052,0]},{"i":{"x":0.833,"y":0.833},"o":{"x":0.167,"y":0.185},"t":118,"s":[859.165,1260.968,0],"to":[0.117,-0.052,0],"ti":[-0.053,0.023,0]},{"t":119.000004846969,"s":[859.482,1260.83,0]}],"ix":2},"a":{"a":0,"k":[455,147,0],"ix":1},"s":{"a":0,"k":[100,100,100],"ix":6}},"ao":0,"ip":0,"op":120.0000048877,"st":0,"bm":0},{"ddd":0,"ind":6,"ty":2,"nm":"development.png","cl":"png","refId":"image_5","sr":1,"ks":{"o":{"a":0,"k":100,"ix":11},"r":{"a":0,"k":0,"ix":10},"p":{"a":1,"k":[{"i":{"x":0.833,"y":0.834},"o":{"x":0.167,"y":0.167},"t":0,"s":[1052.544,1422.57,0],"to":[-0.023,0.021,0],"ti":[0.047,-0.039,0]},{"i":{"x":0.833,"y":0.834},"o":{"x":0.167,"y":0.167},"t":1,"s":[1052.406,1422.694,0],"to":[-0.047,0.039,0],"ti":[0.05,-0.035,0]},{"i":{"x":0.833,"y":0.833},"o":{"x":0.167,"y":0.167},"t":2,"s":[1052.259,1422.806,0],"to":[-0.05,0.035,0],"ti":[0.053,-0.031,0]},{"i":{"x":0.833,"y":0.833},"o":{"x":0.167,"y":0.167},"t":3,"s":[1052.104,1422.905,0],"to":[-0.053,0.031,0],"ti":[0.056,-0.026,0]},{"i":{"x":0.833,"y":0.832},"o":{"x":0.167,"y":0.166},"t":4,"s":[1051.94,1422.989,0],"to":[-0.056,0.026,0],"ti":[0.058,-0.021,0]},{"i":{"x":0.833,"y":0.832},"o":{"x":0.167,"y":0.166},"t":5,"s":[1051.769,1423.06,0],"to":[-0.058,0.021,0],"ti":[0.061,-0.016,0]},{"i":{"x":0.833,"y":0.832},"o":{"x":0.167,"y":0.165},"t":6,"s":[1051.591,1423.115,0],"to":[-0.061,0.016,0],"ti":[0.063,-0.011,0]},{"i":{"x":0.833,"y":0.831},"o":{"x":0.167,"y":0.165},"t":7,"s":[1051.406,1423.156,0],"to":[-0.063,0.011,0],"ti":[0.065,-0.006,0]},{"i":{"x":0.833,"y":0.831},"o":{"x":0.167,"y":0.165},"t":8,"s":[1051.214,1423.181,0],"to":[-0.065,0.006,0],"ti":[0.067,-0.001,0]},{"i":{"x":0.833,"y":0.831},"o":{"x":0.167,"y":0.164},"t":9,"s":[1051.016,1423.191,0],"to":[-0.067,0.001,0],"ti":[0.069,0.005,0]},{"i":{"x":0.833,"y":0.831},"o":{"x":0.167,"y":0.164},"t":10,"s":[1050.813,1423.186,0],"to":[-0.069,-0.005,0],"ti":[0.07,0.01,0]},{"i":{"x":0.833,"y":0.831},"o":{"x":0.167,"y":0.164},"t":11,"s":[1050.605,1423.164,0],"to":[-0.07,-0.01,0],"ti":[0.071,0.015,0]},{"i":{"x":0.833,"y":0.831},"o":{"x":0.167,"y":0.164},"t":12,"s":[1050.393,1423.126,0],"to":[-0.071,-0.015,0],"ti":[0.073,0.02,0]},{"i":{"x":0.833,"y":0.831},"o":{"x":0.167,"y":0.164},"t":13,"s":[1050.177,1423.073,0],"to":[-0.073,-0.02,0],"ti":[0.073,0.026,0]},{"i":{"x":0.833,"y":0.831},"o":{"x":0.167,"y":0.164},"t":14,"s":[1049.958,1423.004,0],"to":[-0.073,-0.026,0],"ti":[0.074,0.031,0]},{"i":{"x":0.833,"y":0.831},"o":{"x":0.167,"y":0.164},"t":15,"s":[1049.736,1422.918,0],"to":[-0.074,-0.031,0],"ti":[0.075,0.036,0]},{"i":{"x":0.833,"y":0.831},"o":{"x":0.167,"y":0.164},"t":16,"s":[1049.513,1422.817,0],"to":[-0.075,-0.036,0],"ti":[0.075,0.042,0]},{"i":{"x":0.833,"y":0.831},"o":{"x":0.167,"y":0.164},"t":17,"s":[1049.288,1422.7,0],"to":[-0.075,-0.042,0],"ti":[0.075,0.047,0]},{"i":{"x":0.833,"y":0.831},"o":{"x":0.167,"y":0.164},"t":18,"s":[1049.063,1422.566,0],"to":[-0.075,-0.047,0],"ti":[0.075,0.053,0]},{"i":{"x":0.833,"y":0.831},"o":{"x":0.167,"y":0.164},"t":19,"s":[1048.839,1422.417,0],"to":[-0.075,-0.053,0],"ti":[0.074,0.058,0]},{"i":{"x":0.833,"y":0.831},"o":{"x":0.167,"y":0.164},"t":20,"s":[1048.616,1422.251,0],"to":[-0.074,-0.058,0],"ti":[0.073,0.063,0]},{"i":{"x":0.833,"y":0.831},"o":{"x":0.167,"y":0.164},"t":21,"s":[1048.396,1422.069,0],"to":[-0.073,-0.063,0],"ti":[0.072,0.069,0]},{"i":{"x":0.833,"y":0.831},"o":{"x":0.167,"y":0.164},"t":22,"s":[1048.178,1421.871,0],"to":[-0.072,-0.069,0],"ti":[0.07,0.074,0]},{"i":{"x":0.833,"y":0.831},"o":{"x":0.167,"y":0.164},"t":23,"s":[1047.965,1421.657,0],"to":[-0.07,-0.074,0],"ti":[0.068,0.08,0]},{"i":{"x":0.833,"y":0.831},"o":{"x":0.167,"y":0.164},"t":24,"s":[1047.756,1421.426,0],"to":[-0.068,-0.08,0],"ti":[0.066,0.086,0]},{"i":{"x":0.833,"y":0.831},"o":{"x":0.167,"y":0.164},"t":25,"s":[1047.554,1421.178,0],"to":[-0.066,-0.086,0],"ti":[0.064,0.091,0]},{"i":{"x":0.833,"y":0.831},"o":{"x":0.167,"y":0.164},"t":26,"s":[1047.359,1420.913,0],"to":[-0.064,-0.091,0],"ti":[0.061,0.097,0]},{"i":{"x":0.833,"y":0.831},"o":{"x":0.167,"y":0.164},"t":27,"s":[1047.171,1420.63,0],"to":[-0.061,-0.097,0],"ti":[0.058,0.103,0]},{"i":{"x":0.833,"y":0.831},"o":{"x":0.167,"y":0.164},"t":28,"s":[1046.994,1420.329,0],"to":[-0.058,-0.103,0],"ti":[0.054,0.11,0]},{"i":{"x":0.833,"y":0.83},"o":{"x":0.167,"y":0.164},"t":29,"s":[1046.826,1420.01,0],"to":[-0.054,-0.11,0],"ti":[0.05,0.116,0]},{"i":{"x":0.833,"y":0.83},"o":{"x":0.167,"y":0.164},"t":30,"s":[1046.671,1419.672,0],"to":[-0.05,-0.116,0],"ti":[0.045,0.123,0]},{"i":{"x":0.833,"y":0.83},"o":{"x":0.167,"y":0.164},"t":31,"s":[1046.528,1419.314,0],"to":[-0.045,-0.123,0],"ti":[0.04,0.129,0]},{"i":{"x":0.833,"y":0.837},"o":{"x":0.167,"y":0.164},"t":32,"s":[1046.4,1418.936,0],"to":[-0.04,-0.129,0],"ti":[0.036,0.13,0]},{"i":{"x":0.833,"y":0.84},"o":{"x":0.167,"y":0.17},"t":33,"s":[1046.287,1418.538,0],"to":[-0.036,-0.13,0],"ti":[0.032,0.123,0]},{"i":{"x":0.833,"y":0.84},"o":{"x":0.167,"y":0.174},"t":34,"s":[1046.186,1418.155,0],"to":[-0.032,-0.123,0],"ti":[0.029,0.113,0]},{"i":{"x":0.833,"y":0.841},"o":{"x":0.167,"y":0.174},"t":35,"s":[1046.093,1417.802,0],"to":[-0.029,-0.113,0],"ti":[0.027,0.103,0]},{"i":{"x":0.833,"y":0.841},"o":{"x":0.167,"y":0.175},"t":36,"s":[1046.009,1417.477,0],"to":[-0.027,-0.103,0],"ti":[0.025,0.094,0]},{"i":{"x":0.833,"y":0.841},"o":{"x":0.167,"y":0.175},"t":37,"s":[1045.932,1417.181,0],"to":[-0.025,-0.094,0],"ti":[0.022,0.085,0]},{"i":{"x":0.833,"y":0.842},"o":{"x":0.167,"y":0.176},"t":38,"s":[1045.861,1416.912,0],"to":[-0.022,-0.085,0],"ti":[0.021,0.077,0]},{"i":{"x":0.833,"y":0.843},"o":{"x":0.167,"y":0.176},"t":39,"s":[1045.797,1416.669,0],"to":[-0.021,-0.077,0],"ti":[0.019,0.068,0]},{"i":{"x":0.833,"y":0.843},"o":{"x":0.167,"y":0.177},"t":40,"s":[1045.738,1416.451,0],"to":[-0.019,-0.068,0],"ti":[0.017,0.061,0]},{"i":{"x":0.833,"y":0.844},"o":{"x":0.167,"y":0.178},"t":41,"s":[1045.684,1416.258,0],"to":[-0.017,-0.061,0],"ti":[0.015,0.053,0]},{"i":{"x":0.833,"y":0.845},"o":{"x":0.167,"y":0.179},"t":42,"s":[1045.636,1416.088,0],"to":[-0.015,-0.053,0],"ti":[0.014,0.046,0]},{"i":{"x":0.833,"y":0.846},"o":{"x":0.167,"y":0.18},"t":43,"s":[1045.593,1415.94,0],"to":[-0.014,-0.046,0],"ti":[0.012,0.039,0]},{"i":{"x":0.833,"y":0.848},"o":{"x":0.167,"y":0.182},"t":44,"s":[1045.554,1415.814,0],"to":[-0.012,-0.039,0],"ti":[0.011,0.032,0]},{"i":{"x":0.833,"y":0.85},"o":{"x":0.167,"y":0.184},"t":45,"s":[1045.519,1415.708,0],"to":[-0.011,-0.032,0],"ti":[0.009,0.026,0]},{"i":{"x":0.833,"y":0.853},"o":{"x":0.167,"y":0.187},"t":46,"s":[1045.49,1415.62,0],"to":[-0.009,-0.026,0],"ti":[0.008,0.02,0]},{"i":{"x":0.833,"y":0.857},"o":{"x":0.167,"y":0.192},"t":47,"s":[1045.465,1415.551,0],"to":[-0.008,-0.02,0],"ti":[0.006,0.015,0]},{"i":{"x":0.833,"y":0.864},"o":{"x":0.167,"y":0.199},"t":48,"s":[1045.444,1415.497,0],"to":[-0.006,-0.015,0],"ti":[0.004,0.01,0]},{"i":{"x":0.833,"y":0.878},"o":{"x":0.167,"y":0.214},"t":49,"s":[1045.429,1415.459,0],"to":[-0.004,-0.01,0],"ti":[0.003,0.006,0]},{"i":{"x":0.833,"y":0.895},"o":{"x":0.167,"y":0.262},"t":50,"s":[1045.418,1415.436,0],"to":[-0.003,-0.006,0],"ti":[0.001,0.002,0]},{"i":{"x":0.833,"y":0.624},"o":{"x":0.167,"y":0.37},"t":51,"s":[1045.413,1415.425,0],"to":[-0.001,-0.002,0],"ti":[-0.001,-0.002,0]},{"i":{"x":0.833,"y":0.761},"o":{"x":0.167,"y":0.104},"t":52,"s":[1045.413,1415.425,0],"to":[0.001,0.002,0],"ti":[-0.003,-0.005,0]},{"i":{"x":0.833,"y":0.798},"o":{"x":0.167,"y":0.128},"t":53,"s":[1045.419,1415.437,0],"to":[0.003,0.005,0],"ti":[-0.005,-0.008,0]},{"i":{"x":0.833,"y":0.81},"o":{"x":0.167,"y":0.142},"t":54,"s":[1045.431,1415.457,0],"to":[0.005,0.008,0],"ti":[-0.007,-0.01,0]},{"i":{"x":0.833,"y":0.817},"o":{"x":0.167,"y":0.149},"t":55,"s":[1045.448,1415.485,0],"to":[0.007,0.01,0],"ti":[-0.009,-0.012,0]},{"i":{"x":0.833,"y":0.821},"o":{"x":0.167,"y":0.153},"t":56,"s":[1045.473,1415.519,0],"to":[0.009,0.012,0],"ti":[-0.012,-0.014,0]},{"i":{"x":0.833,"y":0.823},"o":{"x":0.167,"y":0.156},"t":57,"s":[1045.504,1415.559,0],"to":[0.012,0.014,0],"ti":[-0.014,-0.015,0]},{"i":{"x":0.833,"y":0.825},"o":{"x":0.167,"y":0.157},"t":58,"s":[1045.542,1415.604,0],"to":[0.014,0.015,0],"ti":[-0.017,-0.016,0]},{"i":{"x":0.833,"y":0.826},"o":{"x":0.167,"y":0.159},"t":59,"s":[1045.588,1415.651,0],"to":[0.017,0.016,0],"ti":[-0.019,-0.017,0]},{"i":{"x":0.833,"y":0.827},"o":{"x":0.167,"y":0.16},"t":60,"s":[1045.641,1415.7,0],"to":[0.019,0.017,0],"ti":[-0.022,-0.017,0]},{"i":{"x":0.833,"y":0.827},"o":{"x":0.167,"y":0.16},"t":61,"s":[1045.703,1415.751,0],"to":[0.022,0.017,0],"ti":[-0.025,-0.016,0]},{"i":{"x":0.833,"y":0.828},"o":{"x":0.167,"y":0.161},"t":62,"s":[1045.772,1415.8,0],"to":[0.025,0.016,0],"ti":[-0.027,-0.016,0]},{"i":{"x":0.833,"y":0.828},"o":{"x":0.167,"y":0.161},"t":63,"s":[1045.85,1415.849,0],"to":[0.027,0.016,0],"ti":[-0.03,-0.015,0]},{"i":{"x":0.833,"y":0.828},"o":{"x":0.167,"y":0.162},"t":64,"s":[1045.937,1415.895,0],"to":[0.03,0.015,0],"ti":[-0.033,-0.013,0]},{"i":{"x":0.833,"y":0.828},"o":{"x":0.167,"y":0.162},"t":65,"s":[1046.032,1415.937,0],"to":[0.033,0.013,0],"ti":[-0.036,-0.012,0]},{"i":{"x":0.833,"y":0.828},"o":{"x":0.167,"y":0.162},"t":66,"s":[1046.136,1415.976,0],"to":[0.036,0.012,0],"ti":[-0.039,-0.01,0]},{"i":{"x":0.833,"y":0.828},"o":{"x":0.167,"y":0.162},"t":67,"s":[1046.249,1416.009,0],"to":[0.039,0.01,0],"ti":[-0.042,-0.008,0]},{"i":{"x":0.833,"y":0.828},"o":{"x":0.167,"y":0.162},"t":68,"s":[1046.371,1416.036,0],"to":[0.042,0.008,0],"ti":[-0.045,-0.006,0]},{"i":{"x":0.833,"y":0.828},"o":{"x":0.167,"y":0.162},"t":69,"s":[1046.502,1416.056,0],"to":[0.045,0.006,0],"ti":[-0.048,-0.003,0]},{"i":{"x":0.833,"y":0.829},"o":{"x":0.167,"y":0.162},"t":70,"s":[1046.642,1416.069,0],"to":[0.048,0.003,0],"ti":[-0.051,0,0]},{"i":{"x":0.833,"y":0.829},"o":{"x":0.167,"y":0.162},"t":71,"s":[1046.791,1416.074,0],"to":[0.051,0,0],"ti":[-0.054,0.003,0]},{"i":{"x":0.833,"y":0.829},"o":{"x":0.167,"y":0.162},"t":72,"s":[1046.949,1416.07,0],"to":[0.054,-0.003,0],"ti":[-0.056,0.006,0]},{"i":{"x":0.833,"y":0.829},"o":{"x":0.167,"y":0.162},"t":73,"s":[1047.114,1416.057,0],"to":[0.056,-0.006,0],"ti":[-0.059,0.009,0]},{"i":{"x":0.833,"y":0.829},"o":{"x":0.167,"y":0.163},"t":74,"s":[1047.287,1416.034,0],"to":[0.059,-0.009,0],"ti":[-0.061,0.013,0]},{"i":{"x":0.833,"y":0.83},"o":{"x":0.167,"y":0.163},"t":75,"s":[1047.468,1416.002,0],"to":[0.061,-0.013,0],"ti":[-0.064,0.016,0]},{"i":{"x":0.833,"y":0.83},"o":{"x":0.167,"y":0.163},"t":76,"s":[1047.656,1415.959,0],"to":[0.064,-0.016,0],"ti":[-0.066,0.019,0]},{"i":{"x":0.833,"y":0.83},"o":{"x":0.167,"y":0.163},"t":77,"s":[1047.85,1415.905,0],"to":[0.066,-0.019,0],"ti":[-0.067,0.023,0]},{"i":{"x":0.833,"y":0.831},"o":{"x":0.167,"y":0.164},"t":78,"s":[1048.05,1415.842,0],"to":[0.067,-0.023,0],"ti":[-0.069,0.026,0]},{"i":{"x":0.833,"y":0.831},"o":{"x":0.167,"y":0.164},"t":79,"s":[1048.254,1415.768,0],"to":[0.069,-0.026,0],"ti":[-0.07,0.03,0]},{"i":{"x":0.833,"y":0.831},"o":{"x":0.167,"y":0.164},"t":80,"s":[1048.462,1415.683,0],"to":[0.07,-0.03,0],"ti":[-0.071,0.033,0]},{"i":{"x":0.833,"y":0.832},"o":{"x":0.167,"y":0.165},"t":81,"s":[1048.673,1415.589,0],"to":[0.071,-0.033,0],"ti":[-0.071,0.036,0]},{"i":{"x":0.833,"y":0.832},"o":{"x":0.167,"y":0.165},"t":82,"s":[1048.885,1415.484,0],"to":[0.071,-0.036,0],"ti":[-0.071,0.039,0]},{"i":{"x":0.833,"y":0.833},"o":{"x":0.167,"y":0.166},"t":83,"s":[1049.098,1415.37,0],"to":[0.071,-0.039,0],"ti":[-0.07,0.042,0]},{"i":{"x":0.833,"y":0.833},"o":{"x":0.167,"y":0.166},"t":84,"s":[1049.309,1415.248,0],"to":[0.07,-0.042,0],"ti":[-0.069,0.045,0]},{"i":{"x":0.833,"y":0.834},"o":{"x":0.167,"y":0.167},"t":85,"s":[1049.518,1415.117,0],"to":[0.069,-0.045,0],"ti":[-0.067,0.047,0]},{"i":{"x":0.833,"y":0.834},"o":{"x":0.167,"y":0.167},"t":86,"s":[1049.723,1414.979,0],"to":[0.067,-0.047,0],"ti":[-0.065,0.049,0]},{"i":{"x":0.833,"y":0.835},"o":{"x":0.167,"y":0.168},"t":87,"s":[1049.921,1414.834,0],"to":[0.065,-0.049,0],"ti":[-0.062,0.051,0]},{"i":{"x":0.833,"y":0.836},"o":{"x":0.167,"y":0.168},"t":88,"s":[1050.112,1414.685,0],"to":[0.062,-0.051,0],"ti":[-0.058,0.052,0]},{"i":{"x":0.833,"y":0.837},"o":{"x":0.167,"y":0.169},"t":89,"s":[1050.292,1414.53,0],"to":[0.058,-0.052,0],"ti":[-0.053,0.053,0]},{"i":{"x":0.833,"y":0.838},"o":{"x":0.167,"y":0.17},"t":90,"s":[1050.459,1414.373,0],"to":[0.053,-0.053,0],"ti":[-0.048,0.053,0]},{"i":{"x":0.833,"y":0.84},"o":{"x":0.167,"y":0.171},"t":91,"s":[1050.612,1414.214,0],"to":[0.048,-0.053,0],"ti":[-0.042,0.052,0]},{"i":{"x":0.833,"y":0.853},"o":{"x":0.167,"y":0.174},"t":92,"s":[1050.747,1414.056,0],"to":[0.042,-0.052,0],"ti":[-0.036,0.043,0]},{"i":{"x":0.833,"y":0.857},"o":{"x":0.167,"y":0.193},"t":93,"s":[1050.862,1413.902,0],"to":[0.036,-0.043,0],"ti":[-0.033,0.024,0]},{"i":{"x":0.833,"y":0.844},"o":{"x":0.167,"y":0.2},"t":94,"s":[1050.964,1413.798,0],"to":[0.033,-0.024,0],"ti":[-0.03,0.004,0]},{"i":{"x":0.833,"y":0.816},"o":{"x":0.167,"y":0.179},"t":95,"s":[1051.058,1413.756,0],"to":[0.03,-0.004,0],"ti":[-0.028,-0.015,0]},{"i":{"x":0.833,"y":0.807},"o":{"x":0.167,"y":0.152},"t":96,"s":[1051.146,1413.773,0],"to":[0.028,0.015,0],"ti":[-0.027,-0.032,0]},{"i":{"x":0.833,"y":0.811},"o":{"x":0.167,"y":0.146},"t":97,"s":[1051.228,1413.845,0],"to":[0.027,0.032,0],"ti":[-0.025,-0.049,0]},{"i":{"x":0.833,"y":0.816},"o":{"x":0.167,"y":0.149},"t":98,"s":[1051.306,1413.967,0],"to":[0.025,0.049,0],"ti":[-0.024,-0.063,0]},{"i":{"x":0.833,"y":0.82},"o":{"x":0.167,"y":0.152},"t":99,"s":[1051.379,1414.136,0],"to":[0.024,0.063,0],"ti":[-0.023,-0.077,0]},{"i":{"x":0.833,"y":0.822},"o":{"x":0.167,"y":0.155},"t":100,"s":[1051.449,1414.348,0],"to":[0.023,0.077,0],"ti":[-0.022,-0.089,0]},{"i":{"x":0.833,"y":0.825},"o":{"x":0.167,"y":0.157},"t":101,"s":[1051.517,1414.599,0],"to":[0.022,0.089,0],"ti":[-0.021,-0.101,0]},{"i":{"x":0.833,"y":0.826},"o":{"x":0.167,"y":0.159},"t":102,"s":[1051.582,1414.885,0],"to":[0.021,0.101,0],"ti":[-0.021,-0.111,0]},{"i":{"x":0.833,"y":0.828},"o":{"x":0.167,"y":0.16},"t":103,"s":[1051.645,1415.203,0],"to":[0.021,0.111,0],"ti":[-0.02,-0.12,0]},{"i":{"x":0.833,"y":0.829},"o":{"x":0.167,"y":0.161},"t":104,"s":[1051.707,1415.549,0],"to":[0.02,0.12,0],"ti":[-0.02,-0.128,0]},{"i":{"x":0.833,"y":0.829},"o":{"x":0.167,"y":0.162},"t":105,"s":[1051.767,1415.921,0],"to":[0.02,0.128,0],"ti":[-0.02,-0.134,0]},{"i":{"x":0.833,"y":0.83},"o":{"x":0.167,"y":0.163},"t":106,"s":[1051.826,1416.315,0],"to":[0.02,0.134,0],"ti":[-0.019,-0.14,0]},{"i":{"x":0.833,"y":0.831},"o":{"x":0.167,"y":0.164},"t":107,"s":[1051.884,1416.728,0],"to":[0.019,0.14,0],"ti":[-0.019,-0.145,0]},{"i":{"x":0.833,"y":0.831},"o":{"x":0.167,"y":0.164},"t":108,"s":[1051.942,1417.156,0],"to":[0.019,0.145,0],"ti":[-0.019,-0.149,0]},{"i":{"x":0.833,"y":0.832},"o":{"x":0.167,"y":0.165},"t":109,"s":[1051.998,1417.598,0],"to":[0.019,0.149,0],"ti":[-0.018,-0.152,0]},{"i":{"x":0.833,"y":0.833},"o":{"x":0.167,"y":0.165},"t":110,"s":[1052.054,1418.05,0],"to":[0.018,0.152,0],"ti":[-0.018,-0.154,0]},{"i":{"x":0.833,"y":0.833},"o":{"x":0.167,"y":0.166},"t":111,"s":[1052.109,1418.509,0],"to":[0.018,0.154,0],"ti":[-0.018,-0.155,0]},{"i":{"x":0.833,"y":0.833},"o":{"x":0.167,"y":0.166},"t":112,"s":[1052.163,1418.972,0],"to":[0.018,0.155,0],"ti":[-0.017,-0.155,0]},{"i":{"x":0.833,"y":0.834},"o":{"x":0.167,"y":0.167},"t":113,"s":[1052.216,1419.438,0],"to":[0.017,0.155,0],"ti":[-0.017,-0.155,0]},{"i":{"x":0.833,"y":0.834},"o":{"x":0.167,"y":0.167},"t":114,"s":[1052.268,1419.904,0],"to":[0.017,0.155,0],"ti":[-0.017,-0.154,0]},{"i":{"x":0.833,"y":0.835},"o":{"x":0.167,"y":0.168},"t":115,"s":[1052.318,1420.367,0],"to":[0.017,0.154,0],"ti":[-0.016,-0.152,0]},{"i":{"x":0.833,"y":0.835},"o":{"x":0.167,"y":0.168},"t":116,"s":[1052.367,1420.825,0],"to":[0.016,0.152,0],"ti":[-0.015,-0.149,0]},{"i":{"x":0.833,"y":0.835},"o":{"x":0.167,"y":0.168},"t":117,"s":[1052.414,1421.277,0],"to":[0.015,0.149,0],"ti":[-0.015,-0.146,0]},{"i":{"x":0.833,"y":0.833},"o":{"x":0.167,"y":0.169},"t":118,"s":[1052.46,1421.719,0],"to":[0.015,0.146,0],"ti":[-0.007,-0.072,0]},{"t":119.000004846969,"s":[1052.503,1422.151,0]}],"ix":2},"a":{"a":0,"k":[350.5,124.5,0],"ix":1},"s":{"a":0,"k":[100,100,100],"ix":6}},"ao":0,"ip":0,"op":120.0000048877,"st":0,"bm":0},{"ddd":0,"ind":7,"ty":2,"nm":"puzzle_full.png","cl":"png","refId":"image_6","sr":1,"ks":{"o":{"a":0,"k":100,"ix":11},"r":{"a":0,"k":0,"ix":10},"p":{"a":0,"k":[850,850,0],"ix":2},"a":{"a":0,"k":[498,498,0],"ix":1},"s":{"a":0,"k":[100,100,100],"ix":6}},"ao":0,"ip":0,"op":120.0000048877,"st":0,"bm":0},{"ddd":0,"ind":8,"ty":2,"nm":"circle_B.png","cl":"png","refId":"image_7","sr":1,"ks":{"o":{"a":0,"k":100,"ix":11},"r":{"a":0,"k":0,"ix":10},"p":{"a":0,"k":[850,850,0],"ix":2},"a":{"a":0,"k":[498,498,0],"ix":1},"s":{"a":0,"k":[100,100,100],"ix":6}},"ao":0,"ip":0,"op":120.0000048877,"st":0,"bm":0}],"markers":[]}