{"v":"5.7.1","fr":29.9700012207031,"ip":30.0000012219251,"op":165.000006720588,"w":2000,"h":1800,"nm":"AI_Way to go team","ddd":0,"assets":[{"id":"image_0","w":284,"h":284,"u":"images/","p":"img_0.png","e":0},{"id":"image_1","w":688,"h":688,"u":"images/","p":"img_1.png","e":0},{"id":"image_2","w":2000,"h":1800,"u":"images/","p":"img_2.png","e":0}],"fonts":{"list":[{"fName":"Gotham-Bold","fFamily":"Gotham","fStyle":"Bold","ascent":72.9995727539062}]},"layers":[{"ddd":0,"ind":1,"ty":5,"nm":"WAY TO GO, TEAM!","sr":1,"ks":{"o":{"a":0,"k":100,"ix":11},"r":{"a":0,"k":0,"ix":10},"p":{"a":0,"k":[632,321,0],"ix":2},"a":{"a":0,"k":[0,0,0],"ix":1},"s":{"a":0,"k":[100,100,100],"ix":6}},"ao":0,"hasMask":true,"masksProperties":[{"inv":false,"mode":"n","pt":{"a":0,"k":{"i":[[0,0],[-73.381,282.73],[-403.171,4.048],[-30,-251],[0,0]],"o":[[0,0],[34,-130.999],[498.003,-5],[5.411,45.285],[0,0]],"v":[[-320,1211],[-234,517.999],[369.997,68],[1032,750],[1772,491]],"c":false},"ix":1},"o":{"a":0,"k":100,"ix":3},"x":{"a":0,"k":0,"ix":4},"nm":"Mask 1"},{"inv":false,"mode":"a","pt":{"a":0,"k":{"i":[[880,-16],[0,0],[0,0],[-248,-32],[-48,-168],[0,0]],"o":[[-880,16],[0,0],[0,0],[248,32],[48,168],[0,0]],"v":[[376,-241],[-542,445],[-108,613],[384,199],[920,751],[1384,759]],"c":true},"ix":1},"o":{"a":0,"k":100,"ix":3},"x":{"a":0,"k":0,"ix":4},"nm":"Mask 2"}],"t":{"d":{"k":[{"s":{"s":170,"f":"Gotham-Bold","t":"WAY TO GO, TEAM!","j":2,"tr":-21,"lh":204,"ls":0,"fc":[0.149,0.235,0.584]},"t":0}]},"p":{"m":0,"f":{"a":1,"k":[{"i":{"x":[0.667],"y":[1]},"o":{"x":[0.333],"y":[0]},"t":12,"s":[-2342]},{"t":61.0725024875339,"s":[-156]}],"ix":5},"l":{"a":0,"k":0,"ix":6},"a":0,"p":1,"r":0},"m":{"g":1,"a":{"a":0,"k":[0,0],"ix":2}},"a":[{"nm":"Animator 1","s":{"t":0,"xe":{"a":0,"k":100,"ix":7},"ne":{"a":0,"k":0,"ix":8},"a":{"a":0,"k":100,"ix":4},"b":2,"rn":0,"sh":1,"s":{"a":1,"k":[{"i":{"x":[0.833],"y":[0.833]},"o":{"x":[0.167],"y":[0.167]},"t":30,"s":[0]},{"t":61.0725024875339,"s":[99]}],"ix":1},"o":{"a":0,"k":1,"ix":3},"r":1},"a":{"o":{"a":0,"k":0,"ix":9}}}]},"ip":0,"op":165.000006720588,"st":0,"bm":0},{"ddd":0,"ind":2,"ty":2,"nm":"wayAsset 1.png","cl":"png","refId":"image_0","sr":1,"ks":{"o":{"a":1,"k":[{"i":{"x":[0.667],"y":[1]},"o":{"x":[0.333],"y":[0]},"t":61.073,"s":[0]},{"t":76.6087531203384,"s":[100]}],"ix":11},"r":{"a":0,"k":0,"ix":10},"p":{"a":1,"k":[{"i":{"x":0.667,"y":1},"o":{"x":0.333,"y":0},"t":76.609,"s":[1336,1270,0],"to":[-19.667,-19.333,0],"ti":[19.667,19.333,0]},{"t":87.0000035435826,"s":[1218,1154,0]}],"ix":2},"a":{"a":0,"k":[142,142,0],"ix":1},"s":{"a":1,"k":[{"i":{"x":[0.667,0.667,0.667],"y":[1,1,1]},"o":{"x":[0.333,0.333,0.333],"y":[0,0,0]},"t":61.073,"s":[78,78,100]},{"i":{"x":[0.833,0.833,0.833],"y":[1,1,1]},"o":{"x":[0.333,0.333,0.333],"y":[0,0,0]},"t":76.609,"s":[100,100,100]},{"i":{"x":[0.833,0.833,0.833],"y":[1,1,1]},"o":{"x":[0.167,0.167,0.167],"y":[0,0,0]},"t":94.934,"s":[100,100,100]},{"i":{"x":[0.833,0.833,0.833],"y":[1,1,1]},"o":{"x":[0.167,0.167,0.167],"y":[0,0,0]},"t":99.693,"s":[90,90,100]},{"t":104.452504254438,"s":[100,100,100]}],"ix":6}},"ao":0,"ip":0,"op":165.000006720588,"st":0,"bm":0},{"ddd":0,"ind":3,"ty":2,"nm":"wayAsset 11.png","cl":"png","refId":"image_1","sr":1,"ks":{"o":{"a":1,"k":[{"i":{"x":[0.667],"y":[1]},"o":{"x":[0.333],"y":[0]},"t":30,"s":[0]},{"t":49.4200020129179,"s":[100]}],"ix":11},"r":{"a":1,"k":[{"i":{"x":[0.833],"y":[0.833]},"o":{"x":[0.167],"y":[0]},"t":0,"s":[-1036]},{"i":{"x":[0.667],"y":[1]},"o":{"x":[0.167],"y":[0.167]},"t":30,"s":[-316]},{"t":61.0725024875339,"s":[0]}],"ix":10},"p":{"a":0,"k":[986,922,0],"ix":2},"a":{"a":0,"k":[344,344,0],"ix":1},"s":{"a":0,"k":[100,100,100],"ix":6}},"ao":0,"hasMask":true,"masksProperties":[{"inv":false,"mode":"a","pt":{"a":0,"k":{"i":[[0,0],[0,0],[0,0],[0,0],[0,0]],"o":[[0,0],[0,0],[0,0],[0,0],[0,0]],"v":[[400.133,319.296],[407.984,375.067],[675.549,478.263],[713.221,346.944],[664.609,208.478]],"c":true},"ix":1},"o":{"a":0,"k":100,"ix":3},"x":{"a":0,"k":0,"ix":4},"nm":"Mask 1"}],"ip":0,"op":165.000006720588,"st":0,"bm":0},{"ddd":0,"ind":4,"ty":2,"nm":"wayAsset 11.png","cl":"png","refId":"image_1","sr":1,"ks":{"o":{"a":1,"k":[{"i":{"x":[0.667],"y":[1]},"o":{"x":[0.333],"y":[0]},"t":30,"s":[0]},{"t":49.4200020129179,"s":[100]}],"ix":11},"r":{"a":1,"k":[{"i":{"x":[0.833],"y":[0.833]},"o":{"x":[0.167],"y":[0]},"t":0,"s":[-990]},{"i":{"x":[0.667],"y":[1]},"o":{"x":[0.167],"y":[0.167]},"t":30,"s":[-270]},{"t":61.0725024875339,"s":[0]}],"ix":10},"p":{"a":0,"k":[986,922,0],"ix":2},"a":{"a":0,"k":[344,344,0],"ix":1},"s":{"a":0,"k":[100,100,100],"ix":6}},"ao":0,"hasMask":true,"masksProperties":[{"inv":false,"mode":"a","pt":{"a":0,"k":{"i":[[0,0],[0,0],[0,0],[0,0],[0,0]],"o":[[0,0],[0,0],[0,0],[0,0],[0,0]],"v":[[371.584,286.543],[417.076,319.747],[677.466,199.593],[609.458,81.107],[476.233,19.566]],"c":true},"ix":1},"o":{"a":0,"k":100,"ix":3},"x":{"a":0,"k":0,"ix":4},"nm":"Mask 1"}],"ip":0,"op":165.000006720588,"st":0,"bm":0},{"ddd":0,"ind":5,"ty":2,"nm":"wayAsset 11.png","cl":"png","refId":"image_1","sr":1,"ks":{"o":{"a":1,"k":[{"i":{"x":[0.667],"y":[1]},"o":{"x":[0.333],"y":[0]},"t":30,"s":[0]},{"t":49.4200020129179,"s":[100]}],"ix":11},"r":{"a":1,"k":[{"i":{"x":[0.833],"y":[0.833]},"o":{"x":[0.167],"y":[0]},"t":0,"s":[-945]},{"i":{"x":[0.667],"y":[1]},"o":{"x":[0.167],"y":[0.167]},"t":30,"s":[-225]},{"t":61.0725024875339,"s":[0]}],"ix":10},"p":{"a":0,"k":[986,922,0],"ix":2},"a":{"a":0,"k":[344,344,0],"ix":1},"s":{"a":0,"k":[100,100,100],"ix":6}},"ao":0,"hasMask":true,"masksProperties":[{"inv":false,"mode":"a","pt":{"a":0,"k":{"i":[[0,0],[0,0],[0,0],[0,0],[0,0]],"o":[[0,0],[0,0],[0,0],[0,0],[0,0]],"v":[[320.015,285.439],[375.776,277.523],[478.661,9.839],[347.297,-27.68],[208.888,21.093]],"c":true},"ix":1},"o":{"a":0,"k":100,"ix":3},"x":{"a":0,"k":0,"ix":4},"nm":"Mask 1"}],"ip":0,"op":165.000006720588,"st":0,"bm":0},{"ddd":0,"ind":6,"ty":2,"nm":"wayAsset 11.png","cl":"png","refId":"image_1","sr":1,"ks":{"o":{"a":1,"k":[{"i":{"x":[0.667],"y":[1]},"o":{"x":[0.333],"y":[0]},"t":30,"s":[0]},{"t":49.4200020129179,"s":[100]}],"ix":11},"r":{"a":1,"k":[{"i":{"x":[0.833],"y":[0.833]},"o":{"x":[0.167],"y":[0]},"t":0,"s":[-901]},{"i":{"x":[0.667],"y":[1]},"o":{"x":[0.167],"y":[0.167]},"t":30,"s":[-181]},{"t":61.0725024875339,"s":[0]}],"ix":10},"p":{"a":0,"k":[986,922,0],"ix":2},"a":{"a":0,"k":[344,344,0],"ix":1},"s":{"a":0,"k":[100,100,100],"ix":6}},"ao":0,"hasMask":true,"masksProperties":[{"inv":false,"mode":"a","pt":{"a":0,"k":{"i":[[0,0],[0,0],[0,0],[0,0],[0,0]],"o":[[0,0],[0,0],[0,0],[0,0],[0,0]],"v":[[285.239,322.096],[320.804,278.426],[214.599,12.042],[92.68,73.684],[24.175,203.465]],"c":true},"ix":1},"o":{"a":0,"k":100,"ix":3},"x":{"a":0,"k":0,"ix":4},"nm":"Mask 1"}],"ip":0,"op":165.000006720588,"st":0,"bm":0},{"ddd":0,"ind":7,"ty":2,"nm":"wayAsset 11.png","cl":"png","refId":"image_1","sr":1,"ks":{"o":{"a":1,"k":[{"i":{"x":[0.667],"y":[1]},"o":{"x":[0.333],"y":[0]},"t":30,"s":[0]},{"t":49.4200020129179,"s":[100]}],"ix":11},"r":{"a":1,"k":[{"i":{"x":[0.833],"y":[0.833]},"o":{"x":[0.167],"y":[0]},"t":0,"s":[-856]},{"i":{"x":[0.667],"y":[1]},"o":{"x":[0.167],"y":[0.167]},"t":30,"s":[-136]},{"t":61.0725024875339,"s":[0]}],"ix":10},"p":{"a":0,"k":[986,922,0],"ix":2},"a":{"a":0,"k":[344,344,0],"ix":1},"s":{"a":0,"k":[100,100,100],"ix":6}},"ao":0,"hasMask":true,"masksProperties":[{"inv":false,"mode":"a","pt":{"a":0,"k":{"i":[[0,0],[0,0],[0,0],[0,0],[0,0]],"o":[[0,0],[0,0],[0,0],[0,0],[0,0]],"v":[[284.778,366.28],[276.712,310.541],[8.752,208.376],[-28.413,339.84],[20.732,478.118]],"c":true},"ix":1},"o":{"a":0,"k":100,"ix":3},"x":{"a":0,"k":0,"ix":4},"nm":"Mask 1"}],"ip":0,"op":165.000006720588,"st":0,"bm":0},{"ddd":0,"ind":8,"ty":2,"nm":"wayAsset 11.png","cl":"png","refId":"image_1","sr":1,"ks":{"o":{"a":1,"k":[{"i":{"x":[0.667],"y":[1]},"o":{"x":[0.333],"y":[0]},"t":30,"s":[0]},{"t":49.4200020129179,"s":[100]}],"ix":11},"r":{"a":1,"k":[{"i":{"x":[0.833],"y":[0.833]},"o":{"x":[0.167],"y":[0]},"t":0,"s":[-810]},{"i":{"x":[0.667],"y":[1]},"o":{"x":[0.167],"y":[0.167]},"t":30,"s":[-90]},{"t":61.0725024875339,"s":[0]}],"ix":10},"p":{"a":0,"k":[986,922,0],"ix":2},"a":{"a":0,"k":[344,344,0],"ix":1},"s":{"a":0,"k":[100,100,100],"ix":6}},"ao":0,"hasMask":true,"masksProperties":[{"inv":false,"mode":"a","pt":{"a":0,"k":{"i":[[0,0],[0,0],[0,0],[0,0],[0,0]],"o":[[0,0],[0,0],[0,0],[0,0],[0,0]],"v":[[319.912,404.967],[275.008,370.973],[12.558,486.559],[78.485,606.215],[210.613,670.074]],"c":true},"ix":1},"o":{"a":0,"k":100,"ix":3},"x":{"a":0,"k":0,"ix":4},"nm":"Mask 1"}],"ip":0,"op":165.000006720588,"st":0,"bm":0},{"ddd":0,"ind":9,"ty":2,"nm":"wayAsset 11.png","cl":"png","refId":"image_1","sr":1,"ks":{"o":{"a":1,"k":[{"i":{"x":[0.667],"y":[1]},"o":{"x":[0.333],"y":[0]},"t":30,"s":[0]},{"t":49.4200020129179,"s":[100]}],"ix":11},"r":{"a":1,"k":[{"i":{"x":[0.833],"y":[0.833]},"o":{"x":[0.167],"y":[0]},"t":0,"s":[-764]},{"i":{"x":[0.667],"y":[1]},"o":{"x":[0.167],"y":[0.167]},"t":30,"s":[-44]},{"t":61.0725024875339,"s":[0]}],"ix":10},"p":{"a":0,"k":[986,922,0],"ix":2},"a":{"a":0,"k":[344,344,0],"ix":1},"s":{"a":0,"k":[100,100,100],"ix":6}},"ao":0,"hasMask":true,"masksProperties":[{"inv":false,"mode":"a","pt":{"a":0,"k":{"i":[[0,0],[0,0],[0,0],[0,0],[0,0]],"o":[[0,0],[0,0],[0,0],[0,0],[0,0]],"v":[[374,400],[318,406],[206,670],[336,712],[476,668]],"c":true},"ix":1},"o":{"a":0,"k":100,"ix":3},"x":{"a":0,"k":0,"ix":4},"nm":"Mask 1"}],"ip":0,"op":165.000006720588,"st":0,"bm":0},{"ddd":0,"ind":12,"ty":2,"nm":"image/AI_Way to go team.ai","cl":"ai","refId":"image_2","sr":1,"ks":{"o":{"a":1,"k":[{"i":{"x":[0.667],"y":[1]},"o":{"x":[0.333],"y":[0]},"t":120.133,"s":[0]},{"t":129.000005254278,"s":[100]}],"ix":11},"r":{"a":0,"k":0,"ix":10},"p":{"a":1,"k":[{"i":{"x":0.667,"y":1},"o":{"x":0.333,"y":0},"t":120.133,"s":[1000,1498,0],"to":[0,2.71,0],"ti":[0,-0.623,0]},{"t":129.000005254278,"s":[1000,1518,0]}],"ix":2},"a":{"a":0,"k":[998,1518,0],"ix":1},"s":{"a":0,"k":[150,150,100],"ix":6}},"ao":0,"hasMask":true,"masksProperties":[{"inv":false,"mode":"a","pt":{"a":0,"k":{"i":[[0,0],[0,0],[0,0],[0,0]],"o":[[0,0],[0,0],[0,0],[0,0]],"v":[[1357.828,1489],[632,1489],[632,1570.906],[1357.828,1570.906]],"c":true},"ix":1},"o":{"a":0,"k":100,"ix":3},"x":{"a":0,"k":0,"ix":4},"nm":"Mask 1"}],"ip":0,"op":165.000006720588,"st":0,"bm":0},{"ddd":0,"ind":13,"ty":2,"nm":"image/AI_Way to go team.ai","cl":"ai","refId":"image_2","sr":1,"ks":{"o":{"a":1,"k":[{"i":{"x":[0.667],"y":[1]},"o":{"x":[0.333],"y":[0]},"t":107,"s":[0]},{"t":115.86750471938,"s":[100]}],"ix":11},"r":{"a":0,"k":0,"ix":10},"p":{"a":1,"k":[{"i":{"x":0.667,"y":1},"o":{"x":0.333,"y":0},"t":107,"s":[1000,1406,0],"to":[0,2.769,0],"ti":[0,-0.565,0]},{"t":115.86750471938,"s":[1000,1426,0]}],"ix":2},"a":{"a":0,"k":[996,1460,0],"ix":1},"s":{"a":0,"k":[150,150,100],"ix":6}},"ao":0,"hasMask":true,"masksProperties":[{"inv":false,"mode":"a","pt":{"a":0,"k":{"i":[[0,0],[0,0],[0,0],[0,0]],"o":[[0,0],[0,0],[0,0],[0,0]],"v":[[1369.828,1384],[644,1384],[644,1486.906],[1369.828,1486.906]],"c":true},"ix":1},"o":{"a":0,"k":100,"ix":3},"x":{"a":0,"k":0,"ix":4},"nm":"Mask 1"}],"ip":0,"op":165.000006720588,"st":0,"bm":0}],"markers":[],"chars":[{"ch":"W","size":170,"style":"Bold","w":111.2,"data":{"shapes":[{"ty":"gr","it":[{"ind":0,"ty":"sh","ix":1,"ks":{"a":0,"k":{"i":[[0,0],[0,0],[0,0],[0,0],[0,0],[0,0],[0,0],[0,0],[0,0],[0,0],[0,0],[0,0],[0,0]],"o":[[0,0],[0,0],[0,0],[0,0],[0,0],[0,0],[0,0],[0,0],[0,0],[0,0],[0,0],[0,0],[0,0]],"v":[[109.973,-70.496],[93.759,-70.496],[79.156,-22.76],[63.345,-70.697],[50.052,-70.697],[34.241,-22.76],[19.638,-70.496],[3.021,-70.496],[27.09,0.504],[40.585,0.504],[56.497,-45.621],[72.409,0.504],[85.904,0.504]],"c":true},"ix":2},"nm":"W","mn":"ADBE Vector Shape - Group","hd":false}],"nm":"W","np":3,"cix":2,"bm":0,"ix":1,"mn":"ADBE Vector Group","hd":false}]},"fFamily":"Gotham"},{"ch":"A","size":170,"style":"Bold","w":77,"data":{"shapes":[{"ty":"gr","it":[{"ind":0,"ty":"sh","ix":1,"ks":{"a":0,"k":{"i":[[0,0],[0,0],[0,0],[0,0],[0,0],[0,0],[0,0],[0,0]],"o":[[0,0],[0,0],[0,0],[0,0],[0,0],[0,0],[0,0],[0,0]],"v":[[77.142,0],[46.93,-70.999],[32.629,-70.999],[2.417,0],[18.228,0],[24.673,-15.811],[54.483,-15.811],[60.928,0]],"c":true},"ix":2},"nm":"A","mn":"ADBE Vector Shape - Group","hd":false},{"ind":1,"ty":"sh","ix":2,"ks":{"a":0,"k":{"i":[[0,0],[0,0],[0,0]],"o":[[0,0],[0,0],[0,0]],"v":[[48.944,-29.507],[30.212,-29.507],[39.578,-52.368]],"c":true},"ix":2},"nm":"A","mn":"ADBE Vector Shape - Group","hd":false}],"nm":"A","np":5,"cix":2,"bm":0,"ix":1,"mn":"ADBE Vector Group","hd":false}]},"fFamily":"Gotham"},{"ch":"Y","size":170,"style":"Bold","w":69.6,"data":{"shapes":[{"ty":"gr","it":[{"ind":0,"ty":"sh","ix":1,"ks":{"a":0,"k":{"i":[[0,0],[0,0],[0,0],[0,0],[0,0],[0,0],[0,0],[0,0],[0,0]],"o":[[0,0],[0,0],[0,0],[0,0],[0,0],[0,0],[0,0],[0,0],[0,0]],"v":[[70.898,-70.496],[53.275,-70.496],[36.154,-42.197],[19.336,-70.496],[1.208,-70.496],[28.299,-27.795],[28.299,0],[43.808,0],[43.808,-28.098]],"c":true},"ix":2},"nm":"Y","mn":"ADBE Vector Shape - Group","hd":false}],"nm":"Y","np":3,"cix":2,"bm":0,"ix":1,"mn":"ADBE Vector Group","hd":false}]},"fFamily":"Gotham"},{"ch":" ","size":170,"style":"Bold","w":30,"data":{},"fFamily":"Gotham"},{"ch":"T","size":170,"style":"Bold","w":64.8,"data":{"shapes":[{"ty":"gr","it":[{"ind":0,"ty":"sh","ix":1,"ks":{"a":0,"k":{"i":[[0,0],[0,0],[0,0],[0,0],[0,0],[0,0],[0,0],[0,0]],"o":[[0,0],[0,0],[0,0],[0,0],[0,0],[0,0],[0,0],[0,0]],"v":[[61.835,-56.195],[61.835,-70.496],[3.424,-70.496],[3.424,-56.195],[24.875,-56.195],[24.875,0],[40.384,0],[40.384,-56.195]],"c":true},"ix":2},"nm":"T","mn":"ADBE Vector Shape - Group","hd":false}],"nm":"T","np":3,"cix":2,"bm":0,"ix":1,"mn":"ADBE Vector Group","hd":false}]},"fFamily":"Gotham"},{"ch":"O","size":170,"style":"Bold","w":85,"data":{"shapes":[{"ty":"gr","it":[{"ind":0,"ty":"sh","ix":1,"ks":{"a":0,"k":{"i":[[0,20.041],[0,0],[21.753,0],[0,-20.041],[0,0],[-21.753,0]],"o":[[0,0],[0,-20.041],[-21.753,0],[0,0],[0,20.041],[21.753,0]],"v":[[80.264,-35.248],[80.264,-35.449],[42.902,-71.704],[5.338,-35.248],[5.338,-35.046],[42.7,1.208]],"c":true},"ix":2},"nm":"O","mn":"ADBE Vector Shape - Group","hd":false},{"ind":1,"ty":"sh","ix":2,"ks":{"a":0,"k":{"i":[[0,0],[12.488,0],[0,12.085],[0,0],[-12.488,0],[0,-12.085]],"o":[[0,12.085],[-12.488,0],[0,0],[0,-12.085],[12.488,0],[0,0]],"v":[[64.05,-35.046],[42.902,-13.092],[21.552,-35.248],[21.552,-35.449],[42.7,-57.404],[64.05,-35.248]],"c":true},"ix":2},"nm":"O","mn":"ADBE Vector Shape - Group","hd":false}],"nm":"O","np":5,"cix":2,"bm":0,"ix":1,"mn":"ADBE Vector Group","hd":false}]},"fFamily":"Gotham"},{"ch":"G","size":170,"style":"Bold","w":78.4,"data":{"shapes":[{"ty":"gr","it":[{"ind":0,"ty":"sh","ix":1,"ks":{"a":0,"k":{"i":[[-7.251,6.143],[0,0],[0,0],[0,0],[0,0],[0,0],[5.64,0],[0,12.891],[0,0],[-11.279,0],[-5.438,-4.532],[0,0],[12.689,0],[0,-20.041],[0,0],[-21.954,0]],"o":[[0,0],[0,0],[0,0],[0,0],[0,0],[-3.928,2.82],[-12.488,0],[0,0],[0,-11.984],[8.157,0],[0,0],[-7.352,-6.244],[-21.35,0],[0,0],[0,20.847],[12.891,0]],"v":[[72.51,-9.97],[72.51,-40.585],[41.895,-40.585],[41.895,-27.191],[57.504,-27.191],[57.504,-17.12],[42.902,-12.891],[21.552,-35.248],[21.552,-35.449],[41.794,-57.404],[60.223,-50.253],[69.992,-62.036],[42.297,-71.704],[5.338,-35.248],[5.338,-35.046],[42.398,1.208]],"c":true},"ix":2},"nm":"G","mn":"ADBE Vector Shape - Group","hd":false}],"nm":"G","np":3,"cix":2,"bm":0,"ix":1,"mn":"ADBE Vector Group","hd":false}]},"fFamily":"Gotham"},{"ch":",","size":170,"style":"Bold","w":28.6,"data":{"shapes":[{"ty":"gr","it":[{"ind":0,"ty":"sh","ix":1,"ks":{"a":0,"k":{"i":[[6.949,-0.705],[0,0],[0,13.293],[0,0],[0,0],[0,0],[0,0]],"o":[[0,0],[11.984,-0.201],[0,0],[0,0],[0,0],[0,0],[0.504,5.74]],"v":[[2.618,9.97],[3.928,16.315],[22.559,-2.518],[22.559,-16.113],[6.244,-16.113],[6.244,0],[12.488,0]],"c":true},"ix":2},"nm":",","mn":"ADBE Vector Shape - Group","hd":false}],"nm":",","np":3,"cix":2,"bm":0,"ix":1,"mn":"ADBE Vector Group","hd":false}]},"fFamily":"Gotham"},{"ch":"E","size":170,"style":"Bold","w":67,"data":{"shapes":[{"ty":"gr","it":[{"ind":0,"ty":"sh","ix":1,"ks":{"a":0,"k":{"i":[[0,0],[0,0],[0,0],[0,0],[0,0],[0,0],[0,0],[0,0],[0,0],[0,0],[0,0],[0,0]],"o":[[0,0],[0,0],[0,0],[0,0],[0,0],[0,0],[0,0],[0,0],[0,0],[0,0],[0,0],[0,0]],"v":[[62.137,0],[62.137,-13.797],[23.868,-13.797],[23.868,-28.601],[57.101,-28.601],[57.101,-42.398],[23.868,-42.398],[23.868,-56.699],[61.633,-56.699],[61.633,-70.496],[8.459,-70.496],[8.459,0]],"c":true},"ix":2},"nm":"E","mn":"ADBE Vector Shape - Group","hd":false}],"nm":"E","np":3,"cix":2,"bm":0,"ix":1,"mn":"ADBE Vector Group","hd":false}]},"fFamily":"Gotham"},{"ch":"M","size":170,"style":"Bold","w":86.8,"data":{"shapes":[{"ty":"gr","it":[{"ind":0,"ty":"sh","ix":1,"ks":{"a":0,"k":{"i":[[0,0],[0,0],[0,0],[0,0],[0,0],[0,0],[0,0],[0,0],[0,0],[0,0],[0,0],[0,0],[0,0]],"o":[[0,0],[0,0],[0,0],[0,0],[0,0],[0,0],[0,0],[0,0],[0,0],[0,0],[0,0],[0,0],[0,0]],"v":[[78.955,0],[78.955,-70.496],[62.238,-70.496],[43.707,-40.686],[25.177,-70.496],[8.459,-70.496],[8.459,0],[23.666,0],[23.666,-45.721],[43.304,-15.912],[43.707,-15.912],[63.547,-46.024],[63.547,0]],"c":true},"ix":2},"nm":"M","mn":"ADBE Vector Shape - Group","hd":false}],"nm":"M","np":3,"cix":2,"bm":0,"ix":1,"mn":"ADBE Vector Group","hd":false}]},"fFamily":"Gotham"},{"ch":"!","size":170,"style":"Bold","w":32.4,"data":{"shapes":[{"ty":"gr","it":[{"ind":0,"ty":"sh","ix":1,"ks":{"a":0,"k":{"i":[[0,0],[0,0],[0,0],[0,0],[0,0],[0,0]],"o":[[0,0],[0,0],[0,0],[0,0],[0,0],[0,0]],"v":[[7.352,-70.496],[7.352,-68.481],[12.085,-23.969],[20.544,-23.969],[25.278,-68.481],[25.278,-70.496]],"c":true},"ix":2},"nm":"!","mn":"ADBE Vector Shape - Group","hd":false},{"ind":1,"ty":"sh","ix":2,"ks":{"a":0,"k":{"i":[[0,0],[0,0],[0,0],[0,0]],"o":[[0,0],[0,0],[0,0],[0,0]],"v":[[24.472,0],[24.472,-16.113],[8.157,-16.113],[8.157,0]],"c":true},"ix":2},"nm":"!","mn":"ADBE Vector Shape - Group","hd":false}],"nm":"!","np":5,"cix":2,"bm":0,"ix":1,"mn":"ADBE Vector Group","hd":false}]},"fFamily":"Gotham"}]}